,epoch,preds,mode
0,1,-2.2221496,valid
1,1,-1.7448636,valid
2,1,-2.4212053,valid
3,1,-2.4521568,valid
4,1,-2.204693,valid
5,1,-2.3840044,valid
6,1,-2.3024697,valid
7,1,-2.616474,valid
8,1,-1.741495,valid
9,1,-2.902047,valid
10,1,-2.8915775,valid
11,1,-3.4148366,valid
12,1,-2.9560885,valid
13,1,-3.5159323,valid
14,1,-1.0732266,valid
15,1,-3.892332,valid
16,1,-2.7756622,valid
17,1,1.5833925,valid
18,1,-1.5575161,valid
19,1,-3.2526708,valid
20,1,0.113542035,valid
21,1,1.0935605,valid
22,1,-5.12042,valid
23,1,-2.0387425,valid
24,1,-1.101892,valid
25,1,-1.7339079,valid
26,1,-1.213709,valid
27,1,-1.2014802,valid
28,1,-1.7627984,valid
29,1,-1.2780123,valid
30,1,-0.38003755,valid
31,1,0.1503211,valid
32,1,-2.7788484,valid
33,1,-1.1244366,valid
34,1,-1.6168213,valid
35,1,-4.0140367,valid
36,1,-1.0071462,valid
37,1,-2.18695,valid
38,1,-3.5007432,valid
39,1,-2.4748118,valid
40,1,-2.349619,valid
41,1,-1.1131157,valid
42,1,-1.8318881,valid
43,1,0.980795,valid
44,1,-4.752354,valid
45,1,-3.298688,valid
46,1,-2.4994237,valid
47,1,1.0951806,valid
48,1,-2.7756622,valid
49,1,-6.1052566,valid
50,1,-3.295943,valid
51,1,-1.6899357,valid
52,1,-1.1654432,valid
53,1,-0.6828409,valid
54,1,-2.7176175,valid
55,1,-5.3288026,valid
56,1,-2.0555098,valid
57,1,-3.358349,valid
58,1,-0.20653357,valid
59,1,-0.9740173,valid
60,1,-1.2947707,valid
61,1,-3.21464,valid
62,1,-3.368015,valid
63,1,-1.5961562,valid
64,1,-2.6491435,valid
65,1,-2.5492175,valid
66,1,-3.3875506,valid
67,1,-3.7944596,valid
68,1,-1.5708913,valid
69,1,-1.6152992,valid
70,1,-0.98201525,valid
71,1,-2.2472281,valid
72,1,-2.4790103,valid
73,1,0.625771,valid
74,1,-2.711117,valid
75,1,-2.313325,valid
76,1,-3.2167864,valid
77,1,-0.4508971,valid
78,1,-3.376621,valid
79,1,-2.2982545,valid
80,1,-2.8925474,valid
81,1,-1.8025383,valid
82,1,-2.4004118,valid
83,1,-4.764312,valid
84,1,-1.6813791,valid
85,1,-1.5233421,valid
86,1,-4.894903,valid
87,1,-1.4105464,valid
88,1,-1.8130016,valid
89,1,-2.1705077,valid
90,1,-2.4738548,valid
91,1,-1.9223073,valid
92,1,-2.1356847,valid
93,1,-3.2330751,valid
94,1,-0.98492813,valid
95,1,-1.0292611,valid
96,1,-4.880206,valid
97,1,-2.4385438,valid
98,1,-0.12720059,valid
99,1,-2.5918524,valid
100,1,0.7445439,valid
101,1,-0.8686776,valid
102,1,-3.8905916,valid
103,1,-2.5611427,valid
104,1,-2.8524528,valid
105,1,-2.2899144,valid
106,1,-2.1988738,valid
107,1,-1.5764375,valid
108,1,-3.4508402,valid
109,1,-6.6649733,valid
110,1,-1.8819804,valid
111,1,-2.9192266,valid
112,1,1.6000186,valid
113,1,-3.4643757,valid
114,1,-2.8536675,valid
115,1,-1.9416673,valid
116,1,-1.1160991,valid
117,1,-1.4408606,valid
118,1,0.5827818,valid
119,1,1.187674,valid
120,1,-1.4007463,valid
121,1,-1.719555,valid
122,1,0.96519876,valid
123,1,-6.2467747,valid
124,1,-3.838185,valid
125,1,0.35695872,valid
126,1,-3.4850075,valid
127,1,-3.4205592,valid
128,1,-2.8309247,valid
129,1,0.32557034,valid
130,1,-0.6698489,valid
131,1,-3.7042127,valid
132,1,-4.796745,valid
133,1,-2.9597151,valid
134,1,-2.054274,valid
135,1,-3.1913114,valid
136,1,1.6050143,valid
137,1,-1.7395917,valid
138,1,-0.19309224,valid
139,1,-0.31037167,valid
140,1,-1.6416056,valid
141,1,-3.4974306,valid
142,1,1.1996882,valid
143,1,-3.208686,valid
144,1,-1.5616636,valid
145,1,-0.12974389,valid
146,1,-5.023105,valid
147,1,-3.6390526,valid
148,1,-3.3313117,valid
149,1,-0.4056989,valid
150,1,-2.1298335,valid
151,1,-0.5141429,valid
152,1,-3.1399348,valid
153,1,-2.2229831,valid
154,1,-1.2687929,valid
155,1,-2.02157,valid
156,1,0.7045439,valid
157,1,-0.48864883,valid
158,1,-0.78681755,valid
159,1,-5.4524684,valid
160,1,-2.7756622,valid
161,1,-1.1977457,valid
162,1,-1.9062804,valid
163,1,-1.888378,valid
164,1,-0.7467522,valid
165,1,-0.5090567,valid
166,1,1.7107391,valid
167,1,-0.87984264,valid
168,1,-2.148322,valid
169,1,-3.3664129,valid
170,1,-2.6078806,valid
171,1,-4.1498995,valid
172,1,-2.208482,valid
173,1,-1.5638338,valid
174,1,-3.8697283,valid
175,1,-2.40525,valid
176,1,-2.0260425,valid
177,1,-3.7783966,valid
178,1,-3.4850495,valid
179,1,-1.4042959,valid
180,1,-1.7693498,valid
181,1,-1.8853493,valid
182,1,-2.9707997,valid
183,1,-1.6317286,valid
184,1,1.3565228,valid
185,1,-1.9099983,valid
186,1,-2.7992225,valid
187,1,-3.130099,valid
188,1,-1.3893654,valid
189,1,-4.592748,valid
190,1,-1.6403718,valid
191,1,-1.9852483,valid
192,1,-5.9440618,valid
193,1,-3.1521428,valid
194,1,-3.3506951,valid
195,1,0.8957576,valid
196,1,-2.1837864,valid
197,1,-0.39894214,valid
198,1,-1.9056315,valid
199,1,-1.6027405,valid
200,1,-1.5049582,valid
201,1,-2.1541107,valid
202,1,-2.8376665,valid
203,1,1.3734678,valid
204,1,-5.5522265,valid
205,1,-1.5149393,valid
206,1,-2.94156,valid
207,1,-2.049924,valid
208,1,-3.609409,valid
209,1,-1.8342187,valid
210,1,-1.835508,valid
211,1,-2.4605782,valid
212,1,-4.6080365,valid
213,1,-3.2788804,valid
214,1,-4.3935847,valid
215,1,0.18981482,valid
216,1,-2.661741,valid
217,1,-1.3747408,valid
218,1,-2.644003,valid
219,1,1.2907689,valid
220,1,-4.875118,valid
221,1,-3.2105765,valid
222,1,-0.66368234,valid
223,1,-5.6641426,valid
224,1,-1.8034716,valid
225,1,-2.7756622,valid
226,1,-3.6766934,valid
227,1,-1.3770252,valid
228,1,-2.4316661,valid
229,1,-1.1007317,valid
230,1,-1.9442742,valid
231,1,-2.6062195,valid
232,1,-1.3045101,valid
233,1,-0.09500222,valid
234,1,-4.165301,valid
235,1,-3.4668705,valid
236,1,-1.7184575,valid
237,1,-0.049300287,valid
238,1,-2.1213734,valid
239,1,-4.0032263,valid
240,1,-4.182914,valid
241,1,-0.72566545,valid
242,1,-1.6887544,valid
243,1,-2.3109653,valid
244,1,-0.74481463,valid
245,1,-1.4281118,valid
246,1,-2.4358828,valid
247,1,-3.7813582,valid
248,1,-3.210738,valid
249,1,-1.680331,valid
250,1,-6.071306,valid
251,1,-1.3604236,valid
252,1,-0.27375543,valid
253,1,0.0242949,valid
254,1,-3.39662,valid
255,1,-0.9663858,valid
256,1,-2.7688859,valid
257,1,-3.8097394,valid
258,1,-2.7744179,valid
259,1,-2.2467906,valid
260,1,-2.1362514,valid
261,1,-1.5623753,valid
262,1,-0.5592724,valid
263,1,-2.6745698,valid
264,1,-2.3146198,valid
265,1,1.8976499,valid
266,1,-2.41645,valid
267,1,0.24368884,valid
268,1,-3.2749968,valid
269,1,-3.2860134,valid
270,1,-2.7470603,valid
271,1,-3.2309175,valid
272,1,0.66859466,valid
273,1,-0.94714767,valid
274,1,-2.2501032,valid
275,1,-3.7247949,valid
276,1,-2.0194097,valid
277,1,-1.4231678,valid
278,1,-3.359897,valid
279,1,-3.1694055,valid
280,1,-3.369662,valid
281,1,0.16453125,valid
282,1,-1.549614,valid
283,1,-5.243791,valid
284,1,-1.0733869,valid
285,1,0.5747668,valid
286,1,-3.4091005,valid
287,1,-1.6434791,valid
288,1,-3.0992649,valid
289,1,-0.77577865,valid
290,1,-4.6880746,valid
291,1,-2.643616,valid
292,1,-2.1285558,valid
293,1,2.4366558,valid
294,1,-3.5756204,valid
295,1,-3.3504477,valid
296,1,-3.1129675,valid
297,1,-3.9155583,valid
298,1,0.4081575,valid
299,1,-2.9796016,valid
300,1,-3.6086912,valid
301,1,-2.7723517,valid
302,1,-0.543979,valid
303,1,-2.913081,valid
304,1,-0.30071425,valid
305,1,-1.7199969,valid
306,1,-2.4425213,valid
307,1,-2.1465154,valid
308,1,-4.403841,valid
309,1,-6.27224,valid
310,1,-1.8861079,valid
311,1,-2.0347097,valid
312,1,-3.8349602,valid
313,1,-2.7247314,valid
314,1,-2.596596,valid
315,1,-4.8367853,valid
316,1,-3.3137343,valid
317,1,-4.7152433,valid
318,1,-0.9740509,valid
319,1,-4.1718655,valid
320,1,-1.4640288,valid
321,1,-7.0136714,valid
322,1,-2.5356982,valid
323,1,-5.3312163,valid
324,1,-0.30591205,valid
325,1,-0.4837312,valid
326,1,-5.368714,valid
327,1,-1.3344036,valid
328,1,-2.1954942,valid
329,1,-4.633221,valid
330,1,-3.3039227,valid
331,1,-2.8956568,valid
332,1,-2.7756622,valid
333,1,-0.8796878,valid
334,1,-2.475059,valid
335,1,0.22755362,valid
336,1,-3.972838,valid
337,1,-2.4892483,valid
338,1,-0.68392456,valid
339,1,-1.9846394,valid
340,1,-0.6043173,valid
341,1,-2.3034878,valid
342,1,-2.9319854,valid
343,1,-6.3096094,valid
344,1,-3.5824406,valid
345,1,-1.5921935,valid
346,1,-4.62397,valid
347,1,-2.1816204,valid
348,1,-1.7277781,valid
349,1,-3.3115013,valid
350,1,-1.3354741,valid
351,1,-3.5972826,valid
352,1,-4.9848933,valid
353,1,-2.2016613,valid
354,1,-2.33661,valid
355,1,-1.2939391,valid
356,1,0.43362698,valid
357,1,-1.4815003,valid
358,1,-3.090733,valid
359,1,-0.83108604,valid
360,1,-0.75641507,valid
361,1,-2.40525,valid
362,1,-0.1320976,valid
363,1,-2.7756622,valid
364,1,-1.5477955,valid
365,1,-0.4301474,valid
366,1,0.13167776,valid
367,1,0.7322084,valid
368,1,-1.1644065,valid
369,1,-6.555542,valid
370,1,-0.8823382,valid
371,1,-1.8866963,valid
372,1,-3.2745929,valid
373,1,-7.335339,valid
374,1,-7.191227,valid
375,1,-1.1921449,valid
376,1,-2.9713724,valid
377,1,-3.956648,valid
378,1,-2.199737,valid
379,1,0.15284385,valid
380,1,-2.2164867,valid
381,1,-4.2790895,valid
382,1,-0.79642236,valid
383,1,-2.7751515,valid
384,1,-1.8336282,valid
385,1,-5.0761986,valid
386,1,-3.0222657,valid
387,1,-6.3366733,valid
388,1,-2.6642463,valid
389,1,-5.7318363,valid
390,1,-2.1008167,valid
391,1,-2.4084752,valid
392,1,-1.7024702,valid
393,1,-2.0684521,valid
394,1,-0.13028538,valid
395,1,-3.5324779,valid
396,1,-1.071389,valid
397,1,-1.7306206,valid
398,1,-1.6338133,valid
399,1,-5.974154,valid
400,1,-2.7951298,valid
401,1,-2.380805,valid
402,1,-1.4384695,valid
403,1,-1.4642541,valid
404,1,-2.8152683,valid
405,1,0.36776322,valid
406,1,-3.8117921,valid
407,1,-3.947996,valid
408,1,-2.7610075,valid
409,1,-1.0539823,valid
410,1,-0.19913988,valid
411,1,-0.06378713,valid
412,1,-1.2441332,valid
413,1,-1.1042594,valid
414,1,-0.78994733,valid
415,1,-2.1713302,valid
416,1,-1.4423552,valid
417,1,-1.8434659,valid
418,1,-0.13843137,valid
419,1,-3.0365975,valid
420,1,-2.7756622,valid
421,1,-1.048839,valid
422,1,0.023204219,valid
423,1,-1.3677244,valid
424,1,-4.0406685,valid
425,1,-3.117714,valid
426,1,-0.953741,valid
427,1,-2.2969267,valid
428,1,-1.9533817,valid
429,1,-1.9374285,valid
430,1,-0.28095347,valid
431,1,-1.4279449,valid
432,1,-2.3177364,valid
433,1,-2.7139513,valid
434,1,-5.559367,valid
435,1,-2.3816626,valid
436,1,-2.0909016,valid
437,1,-2.845319,valid
438,1,-2.7756622,valid
439,1,-3.33057,valid
440,1,-5.8058147,valid
441,1,-2.1056416,valid
442,1,-2.34056,valid
443,1,0.019136157,valid
444,1,-0.36474678,valid
445,1,-3.778886,valid
446,1,0.81232256,valid
447,1,-6.791488,valid
448,1,-2.9886825,valid
449,1,-1.6309309,valid
450,1,-1.8162123,valid
451,1,-3.4355137,valid
452,1,-2.8516977,valid
453,1,0.06850016,valid
454,1,-2.456533,valid
455,1,2.3955243,valid
456,1,-1.1564978,valid
457,1,-2.8155882,valid
458,1,-1.7536637,valid
459,1,-3.769904,valid
460,1,-0.56303227,valid
461,1,-2.8978832,valid
462,1,-2.3685672,valid
463,1,-1.3956597,valid
464,1,-2.6823583,valid
465,1,-2.0092573,valid
466,1,-0.7910025,valid
467,1,-0.47884384,valid
468,1,-3.3187406,valid
469,1,-2.388652,valid
470,1,-2.8139868,valid
471,1,-4.714799,valid
472,1,-1.4179885,valid
473,1,-0.87368643,valid
474,1,-2.8946595,valid
475,1,-4.552981,valid
476,1,-2.884794,valid
477,1,-5.544134,valid
478,1,-2.575389,valid
479,1,-2.0471048,valid
480,1,-1.2733514,valid
481,1,-1.5432901,valid
482,1,-2.3596072,valid
483,1,-2.5799978,valid
484,1,-2.8429618,valid
485,1,-1.1955947,valid
486,1,-2.3575203,valid
487,1,-3.9009423,valid
488,1,-1.671988,valid
489,1,-1.945399,valid
490,1,-1.9518583,valid
491,1,-2.4129748,valid
492,1,-3.5621603,valid
493,1,-3.0881653,valid
494,1,-2.9015393,valid
495,1,-1.4623871,valid
496,1,-2.848098,valid
497,1,-2.7754204,valid
498,1,-4.0332446,valid
499,1,-0.06181417,valid
500,1,-2.6683464,valid
501,1,-2.206495,valid
502,1,-1.6036334,valid
503,1,-0.9881326,valid
504,1,-2.9346328,valid
505,1,-1.0273172,valid
506,1,0.6868758,valid
507,1,-0.34238458,valid
508,1,-4.483871,valid
509,1,-3.4374506,valid
510,1,-3.2206676,valid
511,1,-2.2877808,valid
512,1,-2.576149,valid
513,1,-0.47705096,valid
514,1,-4.120397,valid
515,1,-3.075256,valid
516,1,-3.7395759,valid
517,1,-3.451959,valid
518,1,0.23097725,valid
519,1,-0.92923677,valid
520,1,-1.7572873,valid
521,1,-2.3026588,valid
522,1,-5.564592,valid
523,1,-2.7929025,valid
524,1,-2.7953334,valid
525,1,-4.3274975,valid
526,1,-2.3464372,valid
527,1,-1.7702079,valid
528,1,-1.5134902,valid
529,1,-2.5995462,valid
530,1,-1.1251904,valid
531,1,-0.2657858,valid
532,1,-4.1851687,valid
533,1,-1.3483982,valid
534,1,-4.49534,valid
535,1,-1.6781639,valid
536,1,-0.42377764,valid
537,1,-2.5558317,valid
538,1,-1.9457147,valid
539,1,-1.9917161,valid
540,1,-5.0150104,valid
541,1,-2.1417453,valid
542,1,-2.9754791,valid
543,1,-0.7452262,valid
544,1,-2.4135892,valid
545,1,1.7073363,valid
546,1,-0.97143894,valid
547,1,-3.1974998,valid
548,1,-4.4124765,valid
549,1,-3.557495,valid
550,1,-1.7059981,valid
551,1,-4.6067758,valid
552,1,-1.3531148,valid
553,1,-1.4783651,valid
554,1,-0.9354707,valid
555,1,-1.5233188,valid
556,1,-1.7070156,valid
557,1,0.46297544,valid
558,1,-3.5290532,valid
559,1,-2.164333,valid
560,1,-3.7960732,valid
561,1,-2.091442,valid
562,1,0.6904421,valid
563,1,-5.79512,valid
564,1,-1.1952018,valid
565,1,-3.080157,valid
566,1,-1.052562,valid
567,1,-2.9092548,valid
568,1,-1.6755475,valid
569,1,2.9215581,valid
570,1,0.38972035,valid
571,1,-0.04094324,valid
572,1,-1.6017845,valid
573,1,0.67856455,valid
574,1,-4.4133334,valid
575,1,-1.5375144,valid
576,1,-3.802487,valid
577,1,-1.1852663,valid
578,1,-0.001827497,valid
579,1,-2.6712205,valid
580,1,-1.1228275,valid
581,1,-0.9142181,valid
582,1,0.76999605,valid
583,1,-1.6990131,valid
584,1,-2.0544326,valid
585,1,-2.718217,valid
586,1,-2.2782311,valid
587,1,-5.1023936,valid
588,1,-2.7011468,valid
589,1,-4.82926,valid
590,1,-2.2228453,valid
591,1,-2.2126925,valid
592,1,-2.6161895,valid
593,1,0.18887623,valid
594,1,-2.5985272,valid
595,1,-2.3693566,valid
596,1,0.8538867,valid
597,1,-1.9453769,valid
598,1,-2.1612148,valid
599,1,-1.154586,valid
600,1,-1.1631913,valid
601,1,-3.0053945,valid
602,1,0.7826682,valid
603,1,1.7107391,valid
604,1,-3.1811047,valid
605,1,-4.7409945,valid
606,1,-1.0951632,valid
607,1,-6.7832127,valid
608,1,-3.34479,valid
609,1,-1.5205611,valid
610,1,-2.1914208,valid
611,1,-3.0030415,valid
612,1,-2.1386344,valid
613,1,-3.5066404,valid
614,1,-2.625456,valid
615,1,-1.6196322,valid
616,1,-3.378232,valid
617,1,-3.751958,valid
618,1,-1.4118407,valid
619,1,-5.7485967,valid
620,1,-5.198897,valid
621,1,-3.3681734,valid
622,1,-2.7002578,valid
623,1,-1.5327108,valid
624,1,-1.9049115,valid
625,1,0.14758249,valid
626,1,-2.2597537,valid
627,1,-2.2503445,valid
628,1,-2.1195788,valid
629,1,-1.2737567,valid
630,1,-2.2169302,valid
631,1,-2.2636836,valid
632,1,-1.6011744,valid
633,1,-3.13676,valid
634,1,-1.4273415,valid
635,1,-1.7705479,valid
636,1,0.6671891,valid
637,1,-0.68303156,valid
638,1,-1.7226849,valid
639,1,-0.9513037,valid
640,1,-0.806013,valid
641,1,-2.4066527,valid
642,1,-0.515163,valid
643,1,-1.3468852,valid
644,1,-1.3770254,valid
645,1,-3.4109757,valid
646,1,-2.1541913,valid
647,1,-3.2827652,valid
648,1,-2.3087463,valid
649,1,-0.24180065,valid
650,1,-1.5385948,valid
651,1,-4.2821355,valid
652,1,-3.6723645,valid
653,1,-3.7338843,valid
654,1,-4.055534,valid
655,1,-2.5555856,valid
656,1,-1.4777482,valid
657,1,-0.7593767,valid
658,1,-2.3419235,valid
659,1,-3.0285223,valid
660,1,-2.2437572,valid
661,1,-4.2649775,valid
662,1,-2.9931374,valid
663,1,-4.127629,valid
664,1,-2.880537,valid
665,1,-2.3590848,valid
666,1,-1.3075095,valid
667,1,-2.4245346,valid
668,1,-1.8077897,valid
669,1,-5.635847,valid
670,1,-4.489308,valid
671,1,-6.147026,valid
672,1,-1.3230351,valid
673,1,-1.8907715,valid
674,1,-1.6251554,valid
675,1,-0.30549297,valid
676,1,-3.082817,valid
677,1,-6.1741385,valid
678,1,0.2989996,valid
679,1,-0.52379006,valid
680,1,-2.9611092,valid
681,1,-2.189909,valid
682,1,-5.379408,valid
683,1,-1.4209255,valid
684,1,0.2500431,valid
685,1,-2.7816317,valid
686,1,-0.6316658,valid
687,1,-3.3221352,valid
688,1,-6.090967,valid
689,1,-1.3171271,valid
690,1,-1.7126521,valid
691,1,-2.3274248,valid
692,1,-1.5525758,valid
693,1,-4.7086143,valid
694,1,-3.986097,valid
695,1,-4.4123955,valid
696,1,-0.74535054,valid
697,1,-2.7585557,valid
698,1,-2.8863983,valid
699,1,-1.2457252,valid
700,1,-3.0024364,valid
701,1,-2.8716044,valid
702,1,-0.89728016,valid
703,1,-2.725213,valid
704,1,0.032728832,valid
705,1,-6.108423,valid
706,1,-0.060433585,valid
707,1,-2.0241876,valid
708,1,-1.7101041,valid
709,1,-2.1687596,valid
710,1,-1.5760665,valid
711,1,-3.685825,valid
712,1,-3.3474197,valid
713,1,-1.2903347,valid
714,1,-0.9145545,valid
715,1,-0.7463067,valid
716,1,-2.614188,valid
717,1,0.4010827,valid
718,1,-5.5589757,valid
719,1,-3.3297906,valid
720,1,-7.336507,valid
721,1,-3.574178,valid
722,1,-1.419558,valid
723,1,-2.575469,valid
724,1,-2.5010884,valid
725,1,-2.7693298,valid
726,1,-0.12683171,valid
727,1,-1.5858412,valid
728,1,-5.8793697,valid
729,1,-2.170353,valid
730,1,-0.19501932,valid
731,1,-1.6755475,valid
732,1,-0.38461834,valid
733,1,-3.6841216,valid
734,1,-1.6551208,valid
735,1,-1.2716806,valid
736,1,-2.217549,valid
737,1,-2.5298755,valid
738,1,-2.3211453,valid
739,1,-3.2361367,valid
740,1,-2.8318884,valid
741,1,-1.7795467,valid
742,1,-3.6871102,valid
743,1,-2.8689852,valid
744,1,-4.10992,valid
745,1,-3.4213948,valid
746,1,0.10585046,valid
747,1,-3.4405982,valid
748,1,1.1011941,valid
749,1,-1.650862,valid
750,1,-3.7687566,valid
751,1,-4.358364,valid
752,1,-3.9731882,valid
753,1,-0.8774472,valid
754,1,-6.047782,valid
755,1,-4.278675,valid
756,1,-2.0403173,valid
757,1,-1.4646626,valid
758,1,-2.690459,valid
759,1,-0.7836652,valid
760,1,0.24947931,valid
761,1,-5.8786683,valid
762,1,-3.2994473,valid
763,1,-3.0882027,valid
764,1,-2.0451925,valid
765,1,-2.1469684,valid
766,1,-3.2884588,valid
767,1,0.696482,valid
768,1,-2.059098,valid
769,1,-2.976833,valid
770,1,-0.50965077,valid
771,1,-2.1575673,valid
772,1,-0.2047111,valid
773,1,-3.6806402,valid
774,1,-2.9364705,valid
775,1,-0.9746232,valid
776,1,-3.1991193,valid
777,1,-3.399111,valid
778,1,-2.037917,valid
779,1,-2.8667583,valid
780,1,-0.6984834,valid
781,1,-0.32576218,valid
782,1,0.4869768,valid
783,1,-0.6424122,valid
784,1,-1.1370395,valid
785,1,-2.3493009,valid
786,1,-2.887202,valid
787,1,-4.8331437,valid
788,1,-4.7452836,valid
789,1,-1.5099292,valid
790,1,-3.6493115,valid
791,1,-3.1522608,valid
792,1,-1.1247525,valid
793,1,-2.695819,valid
794,1,-2.7632034,valid
795,1,-3.2459161,valid
796,1,-2.6780314,valid
797,1,-4.347795,valid
798,1,0.9711458,valid
799,1,1.8811042,valid
800,1,-2.9905398,valid
801,1,-3.3272817,valid
802,1,-3.5471456,valid
803,1,-2.1920397,valid
804,1,-1.450489,valid
805,1,-2.2008355,valid
806,1,-3.1029465,valid
807,1,-1.4974126,valid
808,1,-2.536645,valid
809,1,-1.7332661,valid
810,1,-1.4676027,valid
811,1,-1.6107846,valid
812,1,-1.902786,valid
813,1,-2.8361223,valid
814,1,-2.3639858,valid
815,1,-2.6500337,valid
816,1,-3.3897886,valid
817,1,-3.0345154,valid
818,1,-1.4879553,valid
819,1,-1.1306493,valid
820,1,-3.8051288,valid
821,1,-2.850886,valid
822,1,-2.6055198,valid
823,1,-6.3926864,valid
824,1,-5.52115,valid
825,1,-1.1354797,valid
826,1,0.6766583,valid
827,1,-1.9640485,valid
828,1,-1.818858,valid
829,1,-3.078298,valid
830,1,-0.33778796,valid
831,1,-2.8595514,valid
832,1,-3.9337416,valid
833,1,-3.477031,valid
834,1,-4.4464583,valid
835,1,-1.4663697,valid
836,1,-2.2782454,valid
837,1,-1.0073955,valid
838,1,-2.6479366,valid
839,1,-1.0331291,valid
840,1,-1.3528419,valid
841,1,-3.1818879,valid
842,1,-1.7434785,valid
843,1,-3.251406,valid
844,1,-3.6456182,valid
845,1,-1.799549,valid
846,1,-1.3833776,valid
847,1,-3.3407118,valid
848,1,-3.7261734,valid
849,1,-2.6720362,valid
850,1,-5.4999022,valid
851,1,-4.1494746,valid
852,1,-1.9330704,valid
853,1,-1.0708288,valid
854,1,-4.5025015,valid
855,1,-3.2528791,valid
856,1,1.1566856,valid
857,1,-2.0554235,valid
858,1,-0.08426289,valid
859,1,-1.8083307,valid
860,1,-1.4823158,valid
861,1,-3.5767574,valid
862,1,-3.2564805,valid
863,1,-1.8417089,valid
864,1,2.9757354,valid
865,1,-3.207983,valid
866,1,-1.2592797,valid
867,1,-2.5614116,valid
868,1,-3.1042964,valid
869,1,-1.4494967,valid
870,1,-0.2410924,valid
871,1,-3.320286,valid
872,1,-4.3994102,valid
873,1,-4.3547015,valid
874,1,-1.6254275,valid
875,1,-4.980428,valid
876,1,-2.9484775,valid
877,1,-1.6036334,valid
878,1,-1.828788,valid
879,1,-2.6207805,valid
880,1,-7.0502634,valid
881,1,-4.249564,valid
882,1,-2.7916045,valid
883,1,-1.3551273,valid
884,1,-1.7498391,valid
885,1,-2.5366447,valid
886,1,-3.2659686,valid
887,1,-0.4650208,valid
888,1,2.1085484,valid
889,1,-3.0373442,valid
890,1,-4.869767,valid
891,1,-4.2702346,valid
892,1,-2.8522646,valid
893,1,-6.542864,valid
894,1,-4.1525455,valid
895,1,-0.45089158,valid
896,1,-3.4966767,valid
897,1,-2.75265,valid
898,1,-6.542864,valid
899,1,-1.4805651,valid
900,1,-0.8684187,valid
901,1,-3.5167391,valid
902,1,-4.9212694,valid
903,1,-0.26403114,valid
904,1,-2.3226595,valid
905,1,-2.3758638,valid
906,1,-2.8254857,valid
907,1,-1.0005713,valid
908,1,-4.237552,valid
909,1,-4.48266,valid
910,1,-1.9192005,valid
911,1,-3.1270897,valid
912,1,-3.9368954,valid
913,1,-2.603867,valid
914,1,-2.866758,valid
915,1,-0.33626026,valid
916,1,-4.4028573,valid
917,1,-3.380255,valid
918,1,0.4997652,valid
919,1,0.7764877,valid
920,1,-0.49216008,valid
921,1,-1.61269,valid
922,1,-6.474446,valid
923,1,-1.3853135,valid
924,1,-6.868091,valid
925,1,0.05193213,valid
926,1,-2.4551518,valid
927,1,-0.89807266,valid
928,1,-2.7756622,valid
929,1,-0.9537216,valid
930,1,-2.5085087,valid
931,1,-3.267148,valid
932,1,-0.76501656,valid
933,1,-1.9563384,valid
934,1,-0.56223327,valid
935,1,-1.1269035,valid
936,1,-2.6881006,valid
937,1,-1.1781225,valid
938,1,-2.576198,valid
939,1,-5.8916435,valid
940,1,-6.754144,valid
941,1,-1.1260295,valid
942,1,-1.7882937,valid
943,1,-3.7235854,valid
944,1,-1.4680533,valid
945,1,-2.7081685,valid
946,1,-3.9365942,valid
947,1,-2.7829003,valid
948,1,-1.4676028,valid
949,1,-2.3128898,valid
950,1,-1.4747874,valid
951,1,-5.800201,valid
952,1,-4.4325147,valid
953,1,-2.0742776,valid
954,1,-0.83784366,valid
955,1,-6.1193094,valid
956,1,-2.5048997,valid
957,1,-0.815544,valid
958,1,0.16151859,valid
959,1,-2.2051187,valid
960,1,-2.9035966,valid
961,1,-3.0145087,valid
962,1,-0.18877846,valid
963,1,-0.6582071,valid
964,1,-2.0937617,valid
965,1,-3.501943,valid
966,1,-6.3685946,valid
967,1,-2.4683826,valid
968,1,-2.81834,valid
969,1,-1.9717594,valid
970,1,-2.1346443,valid
971,1,-3.5246809,valid
972,1,-3.9576206,valid
973,1,-2.3814929,valid
974,1,-2.8208003,valid
975,1,-5.762161,valid
976,1,-4.0806975,valid
977,1,-2.4088385,valid
978,1,-2.1752236,valid
979,1,-1.262407,valid
980,1,-2.7527292,valid
981,1,-3.4298456,valid
982,1,-2.3026588,valid
983,1,1.231612,valid
984,1,-3.0093899,valid
985,1,-0.42685395,valid
986,1,-3.1192815,valid
987,1,-3.0193574,valid
988,1,-0.6905886,valid
989,1,-2.5130317,valid
990,1,-6.9520545,valid
991,1,-3.3287556,valid
992,1,-2.3216107,valid
993,1,-2.472112,valid
994,1,-0.5553258,valid
995,1,-0.4633475,valid
996,1,-2.5874085,valid
997,1,-1.7691915,valid
998,2,-3.2566164,valid
999,2,-2.007403,valid
1000,2,-4.481101,valid
1001,2,-3.3792186,valid
1002,2,-3.920959,valid
1003,2,-4.545686,valid
1004,2,-2.7556145,valid
1005,2,-3.7764473,valid
1006,2,-2.5497854,valid
1007,2,-4.3410234,valid
1008,2,-3.9894357,valid
1009,2,-4.664918,valid
1010,2,-3.552227,valid
1011,2,-4.3026156,valid
1012,2,-1.7656142,valid
1013,2,-4.0449667,valid
1014,2,-3.937552,valid
1015,2,1.2884235,valid
1016,2,-2.953292,valid
1017,2,-3.89248,valid
1018,2,0.5362498,valid
1019,2,0.19139412,valid
1020,2,-5.6633573,valid
1021,2,-2.164217,valid
1022,2,-2.4544792,valid
1023,2,-2.3738036,valid
1024,2,-2.7261415,valid
1025,2,-1.6023782,valid
1026,2,-2.7021487,valid
1027,2,-2.3519647,valid
1028,2,-1.5218207,valid
1029,2,-0.60839885,valid
1030,2,-4.0684876,valid
1031,2,-1.5900334,valid
1032,2,-2.8424046,valid
1033,2,-6.583375,valid
1034,2,-2.007186,valid
1035,2,-1.4997541,valid
1036,2,-5.244419,valid
1037,2,-3.1175566,valid
1038,2,-4.1556087,valid
1039,2,-1.320856,valid
1040,2,-2.339223,valid
1041,2,0.13782722,valid
1042,2,-6.0210543,valid
1043,2,-4.3217936,valid
1044,2,-3.2848558,valid
1045,2,0.57675153,valid
1046,2,-3.937552,valid
1047,2,-7.7854114,valid
1048,2,-3.4671216,valid
1049,2,-1.7734219,valid
1050,2,-2.3349686,valid
1051,2,-1.4547758,valid
1052,2,-4.381322,valid
1053,2,-6.398607,valid
1054,2,-3.3408914,valid
1055,2,-4.804262,valid
1056,2,-0.19129655,valid
1057,2,-1.8805405,valid
1058,2,-1.664785,valid
1059,2,-5.395033,valid
1060,2,-4.332798,valid
1061,2,-2.6231587,valid
1062,2,-2.175846,valid
1063,2,-3.6848972,valid
1064,2,-3.9626133,valid
1065,2,-4.7399654,valid
1066,2,-2.5088353,valid
1067,2,-2.3834245,valid
1068,2,-1.782352,valid
1069,2,-3.6442676,valid
1070,2,-2.853528,valid
1071,2,-0.06736023,valid
1072,2,-3.7411933,valid
1073,2,-4.0400267,valid
1074,2,-4.606931,valid
1075,2,-0.8985565,valid
1076,2,-3.5813653,valid
1077,2,-2.8674426,valid
1078,2,-5.015258,valid
1079,2,-1.1564817,valid
1080,2,-4.0535173,valid
1081,2,-6.213646,valid
1082,2,-3.1837385,valid
1083,2,-1.1172299,valid
1084,2,-6.455194,valid
1085,2,-2.4312334,valid
1086,2,-3.3115396,valid
1087,2,-4.0888486,valid
1088,2,-2.667214,valid
1089,2,-3.3252056,valid
1090,2,-2.7397945,valid
1091,2,-4.3438554,valid
1092,2,-2.1175342,valid
1093,2,-1.7983742,valid
1094,2,-6.379402,valid
1095,2,-2.9722786,valid
1096,2,-0.10432727,valid
1097,2,-3.0102615,valid
1098,2,-0.68231636,valid
1099,2,-1.6202844,valid
1100,2,-4.8112707,valid
1101,2,-3.6258237,valid
1102,2,-4.7003894,valid
1103,2,-3.0813046,valid
1104,2,-3.4708588,valid
1105,2,-1.3630768,valid
1106,2,-4.1141233,valid
1107,2,-8.040145,valid
1108,2,-2.994245,valid
1109,2,-3.8343878,valid
1110,2,0.23148029,valid
1111,2,-3.3371272,valid
1112,2,-3.4644585,valid
1113,2,-2.9076307,valid
1114,2,-1.5415119,valid
1115,2,-1.6203967,valid
1116,2,0.12810768,valid
1117,2,0.2558637,valid
1118,2,-1.675172,valid
1119,2,-2.4288151,valid
1120,2,1.0651187,valid
1121,2,-7.286579,valid
1122,2,-5.2697954,valid
1123,2,0.47968802,valid
1124,2,-4.7036605,valid
1125,2,-4.2428155,valid
1126,2,-3.2240453,valid
1127,2,-1.1221348,valid
1128,2,-1.4416873,valid
1129,2,-4.784842,valid
1130,2,-5.376016,valid
1131,2,-4.314743,valid
1132,2,-3.1164293,valid
1133,2,-3.9648833,valid
1134,2,1.2509925,valid
1135,2,-3.2772129,valid
1136,2,-0.50850064,valid
1137,2,-1.5984588,valid
1138,2,-2.8202853,valid
1139,2,-4.6715426,valid
1140,2,0.1289564,valid
1141,2,-5.035944,valid
1142,2,-2.8139086,valid
1143,2,0.5609486,valid
1144,2,-5.8324494,valid
1145,2,-5.1118917,valid
1146,2,-2.7653809,valid
1147,2,-0.7263593,valid
1148,2,-3.266137,valid
1149,2,-1.048257,valid
1150,2,-4.096212,valid
1151,2,-2.7589579,valid
1152,2,-1.7715787,valid
1153,2,-3.1353602,valid
1154,2,0.43516374,valid
1155,2,-0.95603424,valid
1156,2,-1.8744515,valid
1157,2,-6.640378,valid
1158,2,-3.937552,valid
1159,2,-1.8395511,valid
1160,2,-2.5802088,valid
1161,2,-3.0779662,valid
1162,2,-1.6021663,valid
1163,2,-1.5233684,valid
1164,2,0.7910001,valid
1165,2,-1.4857558,valid
1166,2,-3.51257,valid
1167,2,-4.8080144,valid
1168,2,-3.1947474,valid
1169,2,-4.8481646,valid
1170,2,-4.000521,valid
1171,2,-2.435545,valid
1172,2,-5.179854,valid
1173,2,-4.090277,valid
1174,2,-3.0329537,valid
1175,2,-4.7988577,valid
1176,2,-5.1302843,valid
1177,2,-2.0713217,valid
1178,2,-3.1868517,valid
1179,2,-3.4599361,valid
1180,2,-4.012105,valid
1181,2,-2.9346647,valid
1182,2,-0.0575343,valid
1183,2,-2.6549568,valid
1184,2,-2.945011,valid
1185,2,-4.4497547,valid
1186,2,-2.628666,valid
1187,2,-5.2616577,valid
1188,2,-3.0141475,valid
1189,2,-3.3243957,valid
1190,2,-6.9892054,valid
1191,2,-4.1083364,valid
1192,2,-5.5372233,valid
1193,2,0.37611964,valid
1194,2,-3.6155252,valid
1195,2,-0.13854225,valid
1196,2,-2.8175662,valid
1197,2,-3.235559,valid
1198,2,-1.7568284,valid
1199,2,-3.4176786,valid
1200,2,-4.171825,valid
1201,2,-0.19319034,valid
1202,2,-6.1793656,valid
1203,2,-3.1656573,valid
1204,2,-4.18466,valid
1205,2,-1.5613637,valid
1206,2,-4.9100647,valid
1207,2,-2.5254362,valid
1208,2,-2.806209,valid
1209,2,-3.962551,valid
1210,2,-4.822563,valid
1211,2,-4.3299856,valid
1212,2,-5.5984874,valid
1213,2,-0.3212544,valid
1214,2,-3.362222,valid
1215,2,-2.1268437,valid
1216,2,-3.389684,valid
1217,2,1.0163134,valid
1218,2,-5.510452,valid
1219,2,-3.677027,valid
1220,2,0.4595443,valid
1221,2,-6.712734,valid
1222,2,-2.1385326,valid
1223,2,-3.937552,valid
1224,2,-4.4227705,valid
1225,2,-1.864664,valid
1226,2,-3.6190581,valid
1227,2,-1.230972,valid
1228,2,-2.5702093,valid
1229,2,-3.7154953,valid
1230,2,-3.1113417,valid
1231,2,-0.7809877,valid
1232,2,-5.0497885,valid
1233,2,-4.3319325,valid
1234,2,-2.817171,valid
1235,2,0.00808371,valid
1236,2,-3.173854,valid
1237,2,-4.3685637,valid
1238,2,-5.0716267,valid
1239,2,-1.5917965,valid
1240,2,-3.4335396,valid
1241,2,-3.3893943,valid
1242,2,-2.313005,valid
1243,2,-2.4293754,valid
1244,2,-2.8353467,valid
1245,2,-4.8053865,valid
1246,2,-3.9761517,valid
1247,2,-2.7726302,valid
1248,2,-7.569765,valid
1249,2,-2.2697172,valid
1250,2,-0.59715307,valid
1251,2,-1.3690685,valid
1252,2,-5.447712,valid
1253,2,-2.0121799,valid
1254,2,-2.0729382,valid
1255,2,-4.831625,valid
1256,2,-2.9402995,valid
1257,2,-3.7137582,valid
1258,2,-2.9809895,valid
1259,2,-2.5200672,valid
1260,2,-1.2297441,valid
1261,2,-4.0529585,valid
1262,2,-2.7646725,valid
1263,2,1.6387464,valid
1264,2,-3.2233508,valid
1265,2,-0.23641446,valid
1266,2,-5.5203733,valid
1267,2,-5.529139,valid
1268,2,-3.663256,valid
1269,2,-4.143259,valid
1270,2,0.054627597,valid
1271,2,-1.7165093,valid
1272,2,-3.599483,valid
1273,2,-6.067242,valid
1274,2,-2.9624205,valid
1275,2,-2.6734178,valid
1276,2,-4.5157413,valid
1277,2,-4.2924886,valid
1278,2,-4.518488,valid
1279,2,1.2908016,valid
1280,2,-1.5291883,valid
1281,2,-5.838112,valid
1282,2,-1.8912667,valid
1283,2,0.17943421,valid
1284,2,-4.1240892,valid
1285,2,-2.542149,valid
1286,2,-4.2524424,valid
1287,2,-1.166625,valid
1288,2,-4.9254327,valid
1289,2,-3.964305,valid
1290,2,-2.7041945,valid
1291,2,0.80439097,valid
1292,2,-5.0559287,valid
1293,2,-4.128971,valid
1294,2,-3.9614117,valid
1295,2,-4.4394855,valid
1296,2,-0.06515076,valid
1297,2,-3.7494965,valid
1298,2,-4.291345,valid
1299,2,-4.372257,valid
1300,2,-1.3248924,valid
1301,2,-4.682372,valid
1302,2,-1.3490574,valid
1303,2,-2.3309417,valid
1304,2,-2.7480793,valid
1305,2,-2.8858001,valid
1306,2,-5.874686,valid
1307,2,-7.3812785,valid
1308,2,-2.4122183,valid
1309,2,-2.9859009,valid
1310,2,-3.4596238,valid
1311,2,-2.9730902,valid
1312,2,-3.8823705,valid
1313,2,-5.4543085,valid
1314,2,-5.515623,valid
1315,2,-5.180682,valid
1316,2,-1.7031826,valid
1317,2,-5.45943,valid
1318,2,-2.7564158,valid
1319,2,-8.050154,valid
1320,2,-3.4835007,valid
1321,2,-7.0348063,valid
1322,2,-0.84722674,valid
1323,2,-1.3277451,valid
1324,2,-6.488286,valid
1325,2,-2.0831156,valid
1326,2,-4.034239,valid
1327,2,-5.41084,valid
1328,2,-4.353703,valid
1329,2,-2.6753745,valid
1330,2,-3.937552,valid
1331,2,-2.0756466,valid
1332,2,-3.993421,valid
1333,2,0.017936522,valid
1334,2,-4.4640293,valid
1335,2,-2.8048666,valid
1336,2,-1.5608941,valid
1337,2,-3.0630085,valid
1338,2,-1.6507181,valid
1339,2,-3.6022801,valid
1340,2,-3.8640304,valid
1341,2,-8.032946,valid
1342,2,-4.4744167,valid
1343,2,-2.0662713,valid
1344,2,-5.7666316,valid
1345,2,-3.1764789,valid
1346,2,-2.9008088,valid
1347,2,-4.668725,valid
1348,2,-2.7539103,valid
1349,2,-4.4442863,valid
1350,2,-5.5909376,valid
1351,2,-3.4745808,valid
1352,2,-3.185684,valid
1353,2,-2.1290874,valid
1354,2,0.6503406,valid
1355,2,-2.3290963,valid
1356,2,-4.100389,valid
1357,2,-0.958303,valid
1358,2,-1.3330809,valid
1359,2,-4.090277,valid
1360,2,-0.6434826,valid
1361,2,-3.937552,valid
1362,2,-2.5665135,valid
1363,2,-0.5188099,valid
1364,2,-0.32824218,valid
1365,2,0.5328679,valid
1366,2,-2.1630597,valid
1367,2,-7.7518935,valid
1368,2,-1.4327508,valid
1369,2,-3.5125299,valid
1370,2,-4.204157,valid
1371,2,-9.184813,valid
1372,2,-8.930171,valid
1373,2,-2.3420324,valid
1374,2,-4.9420576,valid
1375,2,-3.397728,valid
1376,2,-2.6649516,valid
1377,2,-0.26409313,valid
1378,2,-3.5191782,valid
1379,2,-5.7187796,valid
1380,2,-0.9615924,valid
1381,2,-3.8077078,valid
1382,2,-2.3597043,valid
1383,2,-5.038462,valid
1384,2,-4.3125405,valid
1385,2,-8.516062,valid
1386,2,-1.8078967,valid
1387,2,-6.5616646,valid
1388,2,-2.6762626,valid
1389,2,-4.3885517,valid
1390,2,-1.6068358,valid
1391,2,-3.0792246,valid
1392,2,-0.6227034,valid
1393,2,-4.5212717,valid
1394,2,-2.5236075,valid
1395,2,-1.8690329,valid
1396,2,-3.079231,valid
1397,2,-6.39396,valid
1398,2,-3.129403,valid
1399,2,-4.0214987,valid
1400,2,-2.2479248,valid
1401,2,-3.1688516,valid
1402,2,-3.7576277,valid
1403,2,0.1603721,valid
1404,2,-5.082511,valid
1405,2,-4.9484367,valid
1406,2,-4.3454537,valid
1407,2,-2.1596715,valid
1408,2,-0.07116594,valid
1409,2,-1.0380952,valid
1410,2,-2.5465214,valid
1411,2,-2.2354562,valid
1412,2,-1.5098242,valid
1413,2,-2.7923899,valid
1414,2,-2.1334693,valid
1415,2,-3.2024498,valid
1416,2,-0.5843353,valid
1417,2,-3.282635,valid
1418,2,-3.937552,valid
1419,2,-2.0104048,valid
1420,2,-0.45833585,valid
1421,2,-2.3995457,valid
1422,2,-5.154245,valid
1423,2,-3.8626494,valid
1424,2,-2.9833393,valid
1425,2,-3.445097,valid
1426,2,-3.2249026,valid
1427,2,-2.6865547,valid
1428,2,-0.7009805,valid
1429,2,-2.2104747,valid
1430,2,-2.0863676,valid
1431,2,-3.8086433,valid
1432,2,-6.111705,valid
1433,2,-3.5758717,valid
1434,2,-3.7869503,valid
1435,2,-4.6892867,valid
1436,2,-3.937552,valid
1437,2,-4.339677,valid
1438,2,-7.204302,valid
1439,2,-3.7451046,valid
1440,2,-3.498791,valid
1441,2,0.088561855,valid
1442,2,-0.3001916,valid
1443,2,-6.1709447,valid
1444,2,0.08546817,valid
1445,2,-7.6525483,valid
1446,2,-3.939653,valid
1447,2,-1.7591842,valid
1448,2,-2.7011647,valid
1449,2,-4.816297,valid
1450,2,-4.038775,valid
1451,2,6.0888007e-05,valid
1452,2,-3.2510738,valid
1453,2,2.118537,valid
1454,2,-1.894274,valid
1455,2,-3.3091762,valid
1456,2,-3.056137,valid
1457,2,-4.9002433,valid
1458,2,-0.5012889,valid
1459,2,-4.054665,valid
1460,2,-3.1753993,valid
1461,2,-2.7680423,valid
1462,2,-3.237532,valid
1463,2,-3.958499,valid
1464,2,-2.1315155,valid
1465,2,-1.2443032,valid
1466,2,-3.695651,valid
1467,2,-3.4389215,valid
1468,2,-4.7943916,valid
1469,2,-5.615625,valid
1470,2,-2.385126,valid
1471,2,-1.2863896,valid
1472,2,-4.079304,valid
1473,2,-4.9799128,valid
1474,2,-4.016515,valid
1475,2,-6.8790827,valid
1476,2,-2.8222108,valid
1477,2,-2.4533262,valid
1478,2,-2.5998766,valid
1479,2,-2.8554597,valid
1480,2,-2.4592657,valid
1481,2,-3.3419824,valid
1482,2,-3.8920145,valid
1483,2,-2.1670818,valid
1484,2,-3.3872213,valid
1485,2,-4.704465,valid
1486,2,-2.3410094,valid
1487,2,-2.3436,valid
1488,2,-1.7957343,valid
1489,2,-4.1800175,valid
1490,2,-4.64419,valid
1491,2,-0.96468836,valid
1492,2,-3.4412816,valid
1493,2,-2.2812421,valid
1494,2,-3.7241645,valid
1495,2,-3.8838902,valid
1496,2,-5.1280174,valid
1497,2,-0.35094988,valid
1498,2,-3.50175,valid
1499,2,-3.3246942,valid
1500,2,-2.4365196,valid
1501,2,-1.7073785,valid
1502,2,-3.7290337,valid
1503,2,-2.827339,valid
1504,2,0.65414095,valid
1505,2,-1.2627541,valid
1506,2,-4.702695,valid
1507,2,-4.8078446,valid
1508,2,-3.5420923,valid
1509,2,-2.9948497,valid
1510,2,-4.086511,valid
1511,2,-1.0788435,valid
1512,2,-4.966078,valid
1513,2,-4.8856463,valid
1514,2,-4.168103,valid
1515,2,-5.6366706,valid
1516,2,-0.27006948,valid
1517,2,0.20657492,valid
1518,2,-2.6040285,valid
1519,2,-3.6332896,valid
1520,2,-5.3195605,valid
1521,2,-4.140598,valid
1522,2,-2.947513,valid
1523,2,-3.8004656,valid
1524,2,-3.3480783,valid
1525,2,-2.737675,valid
1526,2,-2.2352264,valid
1527,2,-3.3751283,valid
1528,2,-1.8847317,valid
1529,2,-0.4761052,valid
1530,2,-4.886423,valid
1531,2,-1.9944509,valid
1532,2,-4.885099,valid
1533,2,-2.8419087,valid
1534,2,-1.0005612,valid
1535,2,-3.0446215,valid
1536,2,-3.1896796,valid
1537,2,-2.8782516,valid
1538,2,-5.6291747,valid
1539,2,-2.2947447,valid
1540,2,-3.8015904,valid
1541,2,-0.67364925,valid
1542,2,-3.6849039,valid
1543,2,0.9113274,valid
1544,2,-1.6662825,valid
1545,2,-4.511803,valid
1546,2,-5.461013,valid
1547,2,-4.633995,valid
1548,2,-2.1349964,valid
1549,2,-5.0437174,valid
1550,2,-1.7696618,valid
1551,2,-2.3611174,valid
1552,2,-1.0420604,valid
1553,2,-2.8294518,valid
1554,2,-1.8998951,valid
1555,2,0.64779055,valid
1556,2,-4.498482,valid
1557,2,-2.8189437,valid
1558,2,-4.399661,valid
1559,2,-2.5506248,valid
1560,2,0.103257366,valid
1561,2,-7.2028756,valid
1562,2,-2.2210495,valid
1563,2,-4.1768827,valid
1564,2,-1.6949557,valid
1565,2,-3.5702646,valid
1566,2,-1.9228383,valid
1567,2,2.837749,valid
1568,2,-0.75595266,valid
1569,2,-0.7831244,valid
1570,2,-2.783723,valid
1571,2,1.1541318,valid
1572,2,-4.884282,valid
1573,2,-1.7353069,valid
1574,2,-5.195855,valid
1575,2,-2.0621448,valid
1576,2,-0.4218549,valid
1577,2,-4.3062134,valid
1578,2,-0.57347137,valid
1579,2,-1.0767592,valid
1580,2,-1.297991,valid
1581,2,-1.9167987,valid
1582,2,-2.4734879,valid
1583,2,-3.5929716,valid
1584,2,-2.5777621,valid
1585,2,-6.155197,valid
1586,2,-3.5655787,valid
1587,2,-5.5848413,valid
1588,2,-3.423643,valid
1589,2,-2.2782118,valid
1590,2,-2.5865471,valid
1591,2,-0.099034734,valid
1592,2,-3.9115062,valid
1593,2,-2.8984742,valid
1594,2,1.3136479,valid
1595,2,-3.2676415,valid
1596,2,-2.232256,valid
1597,2,-2.194065,valid
1598,2,-2.22332,valid
1599,2,-4.392235,valid
1600,2,0.39693427,valid
1601,2,0.7910001,valid
1602,2,-4.6134253,valid
1603,2,-4.693852,valid
1604,2,-1.9399726,valid
1605,2,-8.6865,valid
1606,2,-4.40642,valid
1607,2,-2.5753298,valid
1608,2,-4.0189996,valid
1609,2,-3.821366,valid
1610,2,-2.5480728,valid
1611,2,-4.5777597,valid
1612,2,-3.78218,valid
1613,2,-2.030933,valid
1614,2,-4.1902256,valid
1615,2,-4.9821677,valid
1616,2,-2.6019773,valid
1617,2,-6.1156015,valid
1618,2,-5.614931,valid
1619,2,-4.383524,valid
1620,2,-3.6909673,valid
1621,2,-1.742428,valid
1622,2,-3.7174323,valid
1623,2,-0.9919154,valid
1624,2,-4.181897,valid
1625,2,-4.059188,valid
1626,2,-2.6675987,valid
1627,2,-2.597241,valid
1628,2,-2.7676094,valid
1629,2,-4.008404,valid
1630,2,-3.0296345,valid
1631,2,-5.1821456,valid
1632,2,-2.5701776,valid
1633,2,-3.1526592,valid
1634,2,0.4825099,valid
1635,2,-1.3872908,valid
1636,2,-3.115283,valid
1637,2,-1.6550802,valid
1638,2,-1.6354874,valid
1639,2,-4.0284114,valid
1640,2,-1.5025566,valid
1641,2,-1.6840566,valid
1642,2,-1.8646641,valid
1643,2,-4.681375,valid
1644,2,-3.8904467,valid
1645,2,-3.9015908,valid
1646,2,-3.5859213,valid
1647,2,-0.42174613,valid
1648,2,-2.3677058,valid
1649,2,-4.5976233,valid
1650,2,-4.917109,valid
1651,2,-4.5294676,valid
1652,2,-5.194124,valid
1653,2,-3.9622133,valid
1654,2,-1.2750751,valid
1655,2,-0.042493224,valid
1656,2,-3.8271346,valid
1657,2,-3.717636,valid
1658,2,-3.3806787,valid
1659,2,-5.356619,valid
1660,2,-4.234305,valid
1661,2,-5.6094165,valid
1662,2,-3.5436025,valid
1663,2,-3.3562753,valid
1664,2,-1.3421639,valid
1665,2,-2.7679799,valid
1666,2,-2.4043212,valid
1667,2,-6.7738943,valid
1668,2,-5.611385,valid
1669,2,-6.9020267,valid
1670,2,-2.7992067,valid
1671,2,-1.06387,valid
1672,2,-2.3719473,valid
1673,2,-1.0735883,valid
1674,2,-5.546768,valid
1675,2,-6.912056,valid
1676,2,-0.224613,valid
1677,2,-1.4696589,valid
1678,2,-4.8966975,valid
1679,2,-1.4333189,valid
1680,2,-6.5096807,valid
1681,2,-1.5876074,valid
1682,2,1.0912691,valid
1683,2,-4.128998,valid
1684,2,-1.1949277,valid
1685,2,-5.3434114,valid
1686,2,-7.7722917,valid
1687,2,-2.4922762,valid
1688,2,-3.4798965,valid
1689,2,-3.7217405,valid
1690,2,-2.4717412,valid
1691,2,-5.5798926,valid
1692,2,-4.2384853,valid
1693,2,-5.146121,valid
1694,2,-1.4523205,valid
1695,2,-4.379474,valid
1696,2,-4.6873198,valid
1697,2,-2.5664413,valid
1698,2,-3.6051755,valid
1699,2,-3.5412912,valid
1700,2,-1.5959016,valid
1701,2,-3.7235363,valid
1702,2,-0.88359576,valid
1703,2,-6.6200933,valid
1704,2,-1.148194,valid
1705,2,-3.105993,valid
1706,2,-2.4765248,valid
1707,2,-3.4349275,valid
1708,2,-2.8242464,valid
1709,2,-4.7410574,valid
1710,2,-4.6873226,valid
1711,2,-2.4546514,valid
1712,2,-1.2469411,valid
1713,2,-1.561891,valid
1714,2,-3.793348,valid
1715,2,0.33717167,valid
1716,2,-6.972514,valid
1717,2,-5.121553,valid
1718,2,-8.811684,valid
1719,2,-2.833573,valid
1720,2,-2.6795006,valid
1721,2,-3.0943701,valid
1722,2,-3.9287784,valid
1723,2,-3.699317,valid
1724,2,-0.9381943,valid
1725,2,-1.9412938,valid
1726,2,-6.103201,valid
1727,2,-2.6354907,valid
1728,2,-0.3372666,valid
1729,2,-1.9228383,valid
1730,2,-1.1757678,valid
1731,2,-4.791211,valid
1732,2,-1.9496397,valid
1733,2,-2.0850165,valid
1734,2,-3.9476848,valid
1735,2,-2.471098,valid
1736,2,-3.4612517,valid
1737,2,-4.263055,valid
1738,2,-4.4254813,valid
1739,2,-2.7415822,valid
1740,2,-3.0104766,valid
1741,2,-4.8496733,valid
1742,2,-4.9218545,valid
1743,2,-4.463347,valid
1744,2,-1.7081724,valid
1745,2,-4.825308,valid
1746,2,0.60171694,valid
1747,2,-2.1071398,valid
1748,2,-5.3780274,valid
1749,2,-5.066197,valid
1750,2,-3.6939673,valid
1751,2,-0.38035047,valid
1752,2,-7.5611973,valid
1753,2,-6.0271177,valid
1754,2,-2.4939852,valid
1755,2,-2.2494798,valid
1756,2,-4.545521,valid
1757,2,-1.7286354,valid
1758,2,-0.5241511,valid
1759,2,-6.528428,valid
1760,2,-4.157725,valid
1761,2,-5.2521887,valid
1762,2,-2.7639618,valid
1763,2,-3.1041355,valid
1764,2,-3.573624,valid
1765,2,0.40361023,valid
1766,2,-2.8773363,valid
1767,2,-3.5496325,valid
1768,2,-1.0612407,valid
1769,2,-2.1765645,valid
1770,2,-0.5844893,valid
1771,2,-4.8569975,valid
1772,2,-4.233571,valid
1773,2,-1.572766,valid
1774,2,-4.120125,valid
1775,2,-4.2493477,valid
1776,2,-3.4598277,valid
1777,2,-3.7639456,valid
1778,2,-1.4494714,valid
1779,2,-0.81876224,valid
1780,2,0.4325858,valid
1781,2,-1.5804104,valid
1782,2,-1.8339565,valid
1783,2,-3.347858,valid
1784,2,-1.9815915,valid
1785,2,-5.2574625,valid
1786,2,-4.6956053,valid
1787,2,-2.6019242,valid
1788,2,-5.0623293,valid
1789,2,-5.306013,valid
1790,2,-2.1764462,valid
1791,2,-4.072899,valid
1792,2,-3.906154,valid
1793,2,-5.0825243,valid
1794,2,-3.6276698,valid
1795,2,-5.0645666,valid
1796,2,0.9476233,valid
1797,2,0.9187152,valid
1798,2,-3.963434,valid
1799,2,-4.7284155,valid
1800,2,-5.170043,valid
1801,2,-3.2171123,valid
1802,2,-1.6752237,valid
1803,2,-2.0767837,valid
1804,2,-4.757909,valid
1805,2,-2.4602458,valid
1806,2,-3.5399451,valid
1807,2,-2.75074,valid
1808,2,-1.8674923,valid
1809,2,-2.671851,valid
1810,2,-2.7526398,valid
1811,2,-4.0855246,valid
1812,2,-2.6684446,valid
1813,2,-2.9225738,valid
1814,2,-3.9466558,valid
1815,2,-5.00657,valid
1816,2,-2.9815516,valid
1817,2,-2.0004997,valid
1818,2,-3.8019538,valid
1819,2,-3.61603,valid
1820,2,-3.5532684,valid
1821,2,-7.4772286,valid
1822,2,-6.488924,valid
1823,2,-1.6621164,valid
1824,2,0.03924088,valid
1825,2,-3.2997625,valid
1826,2,-2.676927,valid
1827,2,-5.0434017,valid
1828,2,-0.36874858,valid
1829,2,-4.031193,valid
1830,2,-4.6413608,valid
1831,2,-4.529177,valid
1832,2,-5.9654236,valid
1833,2,-1.6614801,valid
1834,2,-4.421675,valid
1835,2,-1.6307148,valid
1836,2,-3.4778142,valid
1837,2,-2.0631566,valid
1838,2,-2.3651493,valid
1839,2,-4.051604,valid
1840,2,-2.9822042,valid
1841,2,-5.3332825,valid
1842,2,-4.824661,valid
1843,2,-3.0887787,valid
1844,2,-2.7368805,valid
1845,2,-4.3610783,valid
1846,2,-4.2882977,valid
1847,2,-3.701082,valid
1848,2,-5.613947,valid
1849,2,-4.8510885,valid
1850,2,-1.9673334,valid
1851,2,-1.9255894,valid
1852,2,-5.159713,valid
1853,2,-4.45884,valid
1854,2,0.16926871,valid
1855,2,-2.7258866,valid
1856,2,-0.054499082,valid
1857,2,-2.5761578,valid
1858,2,-1.5633188,valid
1859,2,-5.4305067,valid
1860,2,-4.6923804,valid
1861,2,-2.737772,valid
1862,2,1.5218799,valid
1863,2,-4.3936195,valid
1864,2,-2.4438255,valid
1865,2,-3.6781867,valid
1866,2,-4.3967314,valid
1867,2,-1.7879945,valid
1868,2,-1.8045185,valid
1869,2,-4.3582945,valid
1870,2,-4.955719,valid
1871,2,-5.383946,valid
1872,2,-1.7675354,valid
1873,2,-5.5309954,valid
1874,2,-3.761613,valid
1875,2,-2.4365196,valid
1876,2,-2.9615717,valid
1877,2,-3.8655164,valid
1878,2,-8.714709,valid
1879,2,-5.641534,valid
1880,2,-3.439047,valid
1881,2,-2.867933,valid
1882,2,-2.4453776,valid
1883,2,-3.5399451,valid
1884,2,-4.3281603,valid
1885,2,-1.4180256,valid
1886,2,1.7354503,valid
1887,2,-4.670682,valid
1888,2,-5.7446923,valid
1889,2,-4.641242,valid
1890,2,-4.0173464,valid
1891,2,-7.3955064,valid
1892,2,-4.102109,valid
1893,2,-1.2910784,valid
1894,2,-2.528536,valid
1895,2,-4.5855093,valid
1896,2,-7.395507,valid
1897,2,-2.1662395,valid
1898,2,-1.3942504,valid
1899,2,-4.4785213,valid
1900,2,-5.123993,valid
1901,2,-0.8180025,valid
1902,2,-2.9037142,valid
1903,2,-3.7147217,valid
1904,2,-3.9378521,valid
1905,2,-2.1418116,valid
1906,2,-4.6358614,valid
1907,2,-5.5381675,valid
1908,2,-3.0646868,valid
1909,2,-4.7061934,valid
1910,2,-5.3855004,valid
1911,2,-3.5289133,valid
1912,2,-3.763945,valid
1913,2,-1.416175,valid
1914,2,-5.476545,valid
1915,2,-4.2265377,valid
1916,2,0.18716688,valid
1917,2,-0.587095,valid
1918,2,-0.9098857,valid
1919,2,-2.3231843,valid
1920,2,-7.411026,valid
1921,2,-3.099694,valid
1922,2,-8.260666,valid
1923,2,-0.7603793,valid
1924,2,-2.7443056,valid
1925,2,-1.541903,valid
1926,2,-3.937552,valid
1927,2,-1.3703712,valid
1928,2,-3.9541538,valid
1929,2,-4.457354,valid
1930,2,-0.9598796,valid
1931,2,-3.655632,valid
1932,2,-1.6501247,valid
1933,2,-1.6404209,valid
1934,2,-4.082265,valid
1935,2,-2.932818,valid
1936,2,-3.3524623,valid
1937,2,-7.162159,valid
1938,2,-8.035869,valid
1939,2,-2.372126,valid
1940,2,-3.1451478,valid
1941,2,-4.795133,valid
1942,2,-2.3444815,valid
1943,2,-4.2468367,valid
1944,2,-4.112904,valid
1945,2,-2.3870385,valid
1946,2,-1.8674927,valid
1947,2,-3.818367,valid
1948,2,-2.8762364,valid
1949,2,-7.1311626,valid
1950,2,-5.8458943,valid
1951,2,-4.027075,valid
1952,2,-1.5883648,valid
1953,2,-6.71909,valid
1954,2,-3.4264297,valid
1955,2,-0.66226417,valid
1956,2,0.30075905,valid
1957,2,-1.0127401,valid
1958,2,-3.968205,valid
1959,2,-4.0761294,valid
1960,2,-0.9256865,valid
1961,2,-1.4222561,valid
1962,2,-1.9298482,valid
1963,2,-4.3991337,valid
1964,2,-8.104361,valid
1965,2,-3.8806324,valid
1966,2,-3.199832,valid
1967,2,-3.2318883,valid
1968,2,-2.9935782,valid
1969,2,-4.281828,valid
1970,2,-4.7912583,valid
1971,2,-3.684,valid
1972,2,-3.3443534,valid
1973,2,-5.670496,valid
1974,2,-5.26675,valid
1975,2,-4.386928,valid
1976,2,-3.1095815,valid
1977,2,-2.5441926,valid
1978,2,-3.5733445,valid
1979,2,-3.381601,valid
1980,2,-3.6332896,valid
1981,2,0.9355247,valid
1982,2,-4.147558,valid
1983,2,-0.6854209,valid
1984,2,-4.8034143,valid
1985,2,-4.0317554,valid
1986,2,-0.5575406,valid
1987,2,-3.9287176,valid
1988,2,-8.514894,valid
1989,2,-4.240057,valid
1990,2,-3.18151,valid
1991,2,-3.4199471,valid
1992,2,-1.5580157,valid
1993,2,-1.0346103,valid
1994,2,-3.551629,valid
1995,2,-2.7923918,valid
1996,3,-2.7975607,valid
1997,3,-1.6406368,valid
1998,3,-4.597327,valid
1999,3,-4.033426,valid
2000,3,-4.3334074,valid
2001,3,-4.6633263,valid
2002,3,-2.6266112,valid
2003,3,-3.7804205,valid
2004,3,-2.188372,valid
2005,3,-3.5526302,valid
2006,3,-2.9504082,valid
2007,3,-4.0752444,valid
2008,3,-3.2751245,valid
2009,3,-3.5957122,valid
2010,3,-2.0346422,valid
2011,3,-3.5153155,valid
2012,3,-3.3007553,valid
2013,3,1.2456455,valid
2014,3,-2.790487,valid
2015,3,-3.188002,valid
2016,3,0.8488829,valid
2017,3,0.13784663,valid
2018,3,-4.459776,valid
2019,3,-1.8852675,valid
2020,3,-2.9507446,valid
2021,3,-1.6428134,valid
2022,3,-2.7833657,valid
2023,3,-1.1794642,valid
2024,3,-3.2172997,valid
2025,3,-3.2467523,valid
2026,3,-1.5259954,valid
2027,3,-0.49943817,valid
2028,3,-3.3718383,valid
2029,3,-1.6626972,valid
2030,3,-2.7546034,valid
2031,3,-7.454718,valid
2032,3,-2.4918458,valid
2033,3,-1.7606388,valid
2034,3,-5.024179,valid
2035,3,-2.735022,valid
2036,3,-4.1024942,valid
2037,3,-0.9637491,valid
2038,3,-1.3912028,valid
2039,3,0.029262464,valid
2040,3,-5.559164,valid
2041,3,-4.2527113,valid
2042,3,-2.9108143,valid
2043,3,0.9742079,valid
2044,3,-3.300755,valid
2045,3,-6.3806305,valid
2046,3,-2.801224,valid
2047,3,-1.4642684,valid
2048,3,-2.7783375,valid
2049,3,-1.8300713,valid
2050,3,-3.6852813,valid
2051,3,-5.55331,valid
2052,3,-3.905915,valid
2053,3,-4.7048273,valid
2054,3,-0.34285727,valid
2055,3,-2.3065073,valid
2056,3,-1.2827827,valid
2057,3,-5.334458,valid
2058,3,-4.17904,valid
2059,3,-2.6590192,valid
2060,3,-1.5938541,valid
2061,3,-2.5285835,valid
2062,3,-3.0528097,valid
2063,3,-4.5104966,valid
2064,3,-2.5717537,valid
2065,3,-2.279262,valid
2066,3,-2.071731,valid
2067,3,-4.1628637,valid
2068,3,-2.4947543,valid
2069,3,0.028591257,valid
2070,3,-4.514601,valid
2071,3,-4.1764526,valid
2072,3,-3.930617,valid
2073,3,-1.6864507,valid
2074,3,-2.9873805,valid
2075,3,-1.921323,valid
2076,3,-4.911093,valid
2077,3,-0.426282,valid
2078,3,-4.0628476,valid
2079,3,-5.6660833,valid
2080,3,-3.498224,valid
2081,3,-1.0166428,valid
2082,3,-5.7806835,valid
2083,3,-2.7888095,valid
2084,3,-2.5741239,valid
2085,3,-4.485686,valid
2086,3,-2.428255,valid
2087,3,-2.4623759,valid
2088,3,-2.0265388,valid
2089,3,-3.488557,valid
2090,3,-1.6227915,valid
2091,3,-1.7927879,valid
2092,3,-5.804078,valid
2093,3,-2.7039804,valid
2094,3,-0.029769342,valid
2095,3,-2.2589583,valid
2096,3,-0.50581634,valid
2097,3,-1.8806624,valid
2098,3,-3.480978,valid
2099,3,-3.230268,valid
2100,3,-4.8795085,valid
2101,3,-1.7279398,valid
2102,3,-4.216589,valid
2103,3,-0.7044072,valid
2104,3,-2.6924677,valid
2105,3,-6.1451826,valid
2106,3,-3.1882155,valid
2107,3,-2.6374383,valid
2108,3,-0.46133554,valid
2109,3,-2.5192878,valid
2110,3,-3.2742083,valid
2111,3,-1.8483175,valid
2112,3,-1.3212962,valid
2113,3,-0.820838,valid
2114,3,0.15579633,valid
2115,3,0.23707876,valid
2116,3,-2.0445921,valid
2117,3,-2.5334153,valid
2118,3,1.1986198,valid
2119,3,-5.7655067,valid
2120,3,-4.761381,valid
2121,3,0.47742653,valid
2122,3,-4.21325,valid
2123,3,-2.7786863,valid
2124,3,-2.2419674,valid
2125,3,-1.5868994,valid
2126,3,-2.0734806,valid
2127,3,-4.703664,valid
2128,3,-4.9832096,valid
2129,3,-3.6799545,valid
2130,3,-2.550128,valid
2131,3,-3.25344,valid
2132,3,1.1933178,valid
2133,3,-3.096719,valid
2134,3,-0.14088657,valid
2135,3,-2.1581213,valid
2136,3,-2.98799,valid
2137,3,-3.6965637,valid
2138,3,-0.16605948,valid
2139,3,-5.3679285,valid
2140,3,-3.448301,valid
2141,3,0.8090185,valid
2142,3,-5.1319156,valid
2143,3,-4.6086693,valid
2144,3,-1.8145077,valid
2145,3,-0.8253558,valid
2146,3,-3.2601244,valid
2147,3,-0.85458934,valid
2148,3,-3.9039843,valid
2149,3,-2.6326652,valid
2150,3,-2.4577966,valid
2151,3,-3.088789,valid
2152,3,0.7048483,valid
2153,3,-1.1254295,valid
2154,3,-2.2788038,valid
2155,3,-6.139966,valid
2156,3,-3.300755,valid
2157,3,-2.1452231,valid
2158,3,-2.0285902,valid
2159,3,-2.6888094,valid
2160,3,-2.4692307,valid
2161,3,-1.9454653,valid
2162,3,0.67418903,valid
2163,3,-2.0508678,valid
2164,3,-3.285571,valid
2165,3,-4.9254456,valid
2166,3,-1.760934,valid
2167,3,-4.9730997,valid
2168,3,-4.631755,valid
2169,3,-2.3664742,valid
2170,3,-5.131311,valid
2171,3,-4.40788,valid
2172,3,-3.8420815,valid
2173,3,-3.739461,valid
2174,3,-4.8506837,valid
2175,3,-2.326938,valid
2176,3,-3.1307545,valid
2177,3,-3.0778573,valid
2178,3,-4.055583,valid
2179,3,-2.8820724,valid
2180,3,-0.7318478,valid
2181,3,-2.1249647,valid
2182,3,-2.4328086,valid
2183,3,-3.638065,valid
2184,3,-2.5723598,valid
2185,3,-4.7752666,valid
2186,3,-3.3293686,valid
2187,3,-2.9465988,valid
2188,3,-6.29256,valid
2189,3,-4.0654216,valid
2190,3,-5.797776,valid
2191,3,0.027041327,valid
2192,3,-4.2397285,valid
2193,3,0.31055227,valid
2194,3,-3.4254231,valid
2195,3,-3.561037,valid
2196,3,-1.703938,valid
2197,3,-3.1330745,valid
2198,3,-4.066131,valid
2199,3,-1.496522,valid
2200,3,-7.546122,valid
2201,3,-3.5915318,valid
2202,3,-4.0563855,valid
2203,3,-1.396413,valid
2204,3,-4.7562304,valid
2205,3,-2.6574805,valid
2206,3,-3.08868,valid
2207,3,-3.4936886,valid
2208,3,-5.3202586,valid
2209,3,-3.9412208,valid
2210,3,-4.0025573,valid
2211,3,-0.70956105,valid
2212,3,-3.5811248,valid
2213,3,-2.3456712,valid
2214,3,-3.218219,valid
2215,3,0.66809356,valid
2216,3,-3.7496324,valid
2217,3,-3.1690586,valid
2218,3,0.86152774,valid
2219,3,-4.945636,valid
2220,3,-1.8157403,valid
2221,3,-3.300755,valid
2222,3,-2.824711,valid
2223,3,-2.0732448,valid
2224,3,-4.0175076,valid
2225,3,-1.4948696,valid
2226,3,-2.5215476,valid
2227,3,-3.5675125,valid
2228,3,-3.6489453,valid
2229,3,-1.0196717,valid
2230,3,-4.7700715,valid
2231,3,-4.214598,valid
2232,3,-2.525023,valid
2233,3,-0.18501323,valid
2234,3,-3.679751,valid
2235,3,-3.7647457,valid
2236,3,-3.9523501,valid
2237,3,-1.4510133,valid
2238,3,-3.5254745,valid
2239,3,-2.5333617,valid
2240,3,-2.8750682,valid
2241,3,-3.0059862,valid
2242,3,-2.8597372,valid
2243,3,-3.557181,valid
2244,3,-4.0564866,valid
2245,3,-2.6180587,valid
2246,3,-6.6846757,valid
2247,3,-2.8749778,valid
2248,3,-1.1403769,valid
2249,3,-2.3931453,valid
2250,3,-5.3644447,valid
2251,3,-2.0300279,valid
2252,3,-2.4380894,valid
2253,3,-3.4011312,valid
2254,3,-1.8212585,valid
2255,3,-3.969055,valid
2256,3,-2.9614272,valid
2257,3,-3.0497968,valid
2258,3,-1.344386,valid
2259,3,-3.8476539,valid
2260,3,-3.2835891,valid
2261,3,1.3887476,valid
2262,3,-3.170346,valid
2263,3,-0.20323832,valid
2264,3,-5.7197247,valid
2265,3,-5.667616,valid
2266,3,-2.9573927,valid
2267,3,-3.743803,valid
2268,3,-0.023063246,valid
2269,3,-1.9004145,valid
2270,3,-3.5277448,valid
2271,3,-6.0792055,valid
2272,3,-2.6868024,valid
2273,3,-3.177453,valid
2274,3,-4.197342,valid
2275,3,-3.580842,valid
2276,3,-4.278098,valid
2277,3,1.1562792,valid
2278,3,-1.1032976,valid
2279,3,-6.269479,valid
2280,3,-2.275786,valid
2281,3,-0.068829715,valid
2282,3,-3.6443455,valid
2283,3,-2.7367313,valid
2284,3,-3.9092464,valid
2285,3,-1.3963472,valid
2286,3,-4.047077,valid
2287,3,-4.043969,valid
2288,3,-2.6500673,valid
2289,3,-0.18550816,valid
2290,3,-5.063676,valid
2291,3,-3.2292426,valid
2292,3,-3.649523,valid
2293,3,-3.8758843,valid
2294,3,-0.2902726,valid
2295,3,-3.6982965,valid
2296,3,-3.5011523,valid
2297,3,-4.5626907,valid
2298,3,-1.0610709,valid
2299,3,-4.6059237,valid
2300,3,-1.8825125,valid
2301,3,-2.5464444,valid
2302,3,-2.1041667,valid
2303,3,-2.609211,valid
2304,3,-5.55482,valid
2305,3,-5.6934223,valid
2306,3,-2.33473,valid
2307,3,-2.5602417,valid
2308,3,-2.6563253,valid
2309,3,-2.4681127,valid
2310,3,-3.921516,valid
2311,3,-4.873529,valid
2312,3,-5.2595167,valid
2313,3,-4.1146,valid
2314,3,-1.6016283,valid
2315,3,-4.4555936,valid
2316,3,-3.3264718,valid
2317,3,-6.7463098,valid
2318,3,-3.5796409,valid
2319,3,-5.9382873,valid
2320,3,-0.76270956,valid
2321,3,-1.3085604,valid
2322,3,-5.225684,valid
2323,3,-1.9469193,valid
2324,3,-4.55554,valid
2325,3,-4.329603,valid
2326,3,-4.406479,valid
2327,3,-2.0937178,valid
2328,3,-3.300755,valid
2329,3,-2.8103747,valid
2330,3,-3.8261557,valid
2331,3,-0.11067206,valid
2332,3,-3.0076878,valid
2333,3,-2.26682,valid
2334,3,-1.3548765,valid
2335,3,-2.4832423,valid
2336,3,-1.7863998,valid
2337,3,-3.859933,valid
2338,3,-3.8069494,valid
2339,3,-6.863969,valid
2340,3,-4.348959,valid
2341,3,-1.3946164,valid
2342,3,-5.5997114,valid
2343,3,-3.0529258,valid
2344,3,-2.9442666,valid
2345,3,-5.0568366,valid
2346,3,-2.8815026,valid
2347,3,-4.0715466,valid
2348,3,-4.4393573,valid
2349,3,-3.006214,valid
2350,3,-2.5850863,valid
2351,3,-1.5700897,valid
2352,3,0.66372097,valid
2353,3,-2.5217414,valid
2354,3,-3.4362502,valid
2355,3,-1.2722956,valid
2356,3,-1.4386878,valid
2357,3,-4.40788,valid
2358,3,-0.81120205,valid
2359,3,-3.300755,valid
2360,3,-2.8758056,valid
2361,3,-0.6628294,valid
2362,3,-0.20396377,valid
2363,3,0.35115516,valid
2364,3,-1.907153,valid
2365,3,-6.1071987,valid
2366,3,-1.9177408,valid
2367,3,-3.5848403,valid
2368,3,-2.8257844,valid
2369,3,-7.6990776,valid
2370,3,-7.389086,valid
2371,3,-2.231603,valid
2372,3,-5.1798544,valid
2373,3,-2.7490902,valid
2374,3,-2.3328073,valid
2375,3,0.14548202,valid
2376,3,-3.2491899,valid
2377,3,-4.289897,valid
2378,3,-0.8977025,valid
2379,3,-3.1891153,valid
2380,3,-1.9112139,valid
2381,3,-4.480729,valid
2382,3,-4.0169106,valid
2383,3,-8.148795,valid
2384,3,-2.2409549,valid
2385,3,-4.6158752,valid
2386,3,-2.8728735,valid
2387,3,-4.3364887,valid
2388,3,-1.3851687,valid
2389,3,-2.717774,valid
2390,3,-0.35677803,valid
2391,3,-3.2027225,valid
2392,3,-2.4826565,valid
2393,3,-1.560728,valid
2394,3,-3.2118187,valid
2395,3,-5.181518,valid
2396,3,-2.2972221,valid
2397,3,-3.301871,valid
2398,3,-2.3992536,valid
2399,3,-3.479764,valid
2400,3,-3.9469433,valid
2401,3,0.119234994,valid
2402,3,-4.728988,valid
2403,3,-3.9005733,valid
2404,3,-4.3133993,valid
2405,3,-2.5439286,valid
2406,3,-0.12996824,valid
2407,3,-1.1737735,valid
2408,3,-2.57867,valid
2409,3,-2.1401718,valid
2410,3,-1.1881486,valid
2411,3,-2.6240134,valid
2412,3,-1.99501,valid
2413,3,-3.134139,valid
2414,3,-0.31457064,valid
2415,3,-2.9951425,valid
2416,3,-3.300755,valid
2417,3,-2.8612702,valid
2418,3,-0.89209205,valid
2419,3,-2.5762532,valid
2420,3,-3.9805357,valid
2421,3,-3.6821477,valid
2422,3,-3.3226728,valid
2423,3,-2.8794417,valid
2424,3,-2.7529604,valid
2425,3,-3.2274466,valid
2426,3,-1.0229262,valid
2427,3,-2.5766203,valid
2428,3,-1.7271603,valid
2429,3,-3.6153324,valid
2430,3,-4.556168,valid
2431,3,-3.759094,valid
2432,3,-4.1236544,valid
2433,3,-4.9694715,valid
2434,3,-3.300755,valid
2435,3,-3.5179853,valid
2436,3,-5.919217,valid
2437,3,-3.5221817,valid
2438,3,-3.5324655,valid
2439,3,0.5367506,valid
2440,3,-0.53014046,valid
2441,3,-6.2286377,valid
2442,3,0.25653794,valid
2443,3,-6.3290586,valid
2444,3,-3.0719404,valid
2445,3,-1.6025943,valid
2446,3,-2.1042583,valid
2447,3,-4.885784,valid
2448,3,-4.014254,valid
2449,3,-0.21722656,valid
2450,3,-3.0431857,valid
2451,3,1.9440545,valid
2452,3,-1.9115698,valid
2453,3,-3.0233908,valid
2454,3,-3.5844078,valid
2455,3,-3.4624586,valid
2456,3,-0.76855433,valid
2457,3,-4.287036,valid
2458,3,-3.533186,valid
2459,3,-2.6563175,valid
2460,3,-3.0070128,valid
2461,3,-4.075985,valid
2462,3,-2.3328176,valid
2463,3,-1.3698248,valid
2464,3,-2.5697057,valid
2465,3,-3.1734796,valid
2466,3,-4.6431065,valid
2467,3,-4.3707147,valid
2468,3,-2.9118886,valid
2469,3,-1.7200305,valid
2470,3,-3.5686328,valid
2471,3,-4.706475,valid
2472,3,-3.6343865,valid
2473,3,-6.1501665,valid
2474,3,-2.3061082,valid
2475,3,-2.274033,valid
2476,3,-2.7959108,valid
2477,3,-2.9008956,valid
2478,3,-1.9674283,valid
2479,3,-3.1096148,valid
2480,3,-3.0018697,valid
2481,3,-2.139511,valid
2482,3,-4.0626464,valid
2483,3,-3.6923227,valid
2484,3,-2.5734153,valid
2485,3,-2.3871193,valid
2486,3,-1.337177,valid
2487,3,-3.088409,valid
2488,3,-4.3927436,valid
2489,3,-0.48123088,valid
2490,3,-3.5695994,valid
2491,3,-2.570791,valid
2492,3,-2.3014026,valid
2493,3,-4.058817,valid
2494,3,-5.1859646,valid
2495,3,0.009063327,valid
2496,3,-3.6210163,valid
2497,3,-2.922289,valid
2498,3,-2.2308443,valid
2499,3,-2.2572408,valid
2500,3,-3.0545754,valid
2501,3,-3.2822049,valid
2502,3,0.30947635,valid
2503,3,-1.2561135,valid
2504,3,-4.2707357,valid
2505,3,-4.552936,valid
2506,3,-2.4595466,valid
2507,3,-3.058701,valid
2508,3,-4.55669,valid
2509,3,-1.2526766,valid
2510,3,-5.0008054,valid
2511,3,-4.588643,valid
2512,3,-3.2236414,valid
2513,3,-5.569167,valid
2514,3,-0.79945564,valid
2515,3,0.66776466,valid
2516,3,-2.4924684,valid
2517,3,-3.505046,valid
2518,3,-4.678886,valid
2519,3,-2.7880313,valid
2520,3,-3.181648,valid
2521,3,-2.6776485,valid
2522,3,-3.597429,valid
2523,3,-1.9362577,valid
2524,3,-1.8574636,valid
2525,3,-2.3456354,valid
2526,3,-1.6106691,valid
2527,3,-0.17311904,valid
2528,3,-4.659215,valid
2529,3,-1.6076535,valid
2530,3,-3.1784027,valid
2531,3,-3.4906263,valid
2532,3,-1.202869,valid
2533,3,-2.7831194,valid
2534,3,-4.0728407,valid
2535,3,-3.4740589,valid
2536,3,-4.5325336,valid
2537,3,-2.0476823,valid
2538,3,-3.1103172,valid
2539,3,-1.1425616,valid
2540,3,-3.3218536,valid
2541,3,0.7698596,valid
2542,3,-1.2474943,valid
2543,3,-4.5473804,valid
2544,3,-4.946657,valid
2545,3,-4.5455713,valid
2546,3,-1.6420548,valid
2547,3,-4.172747,valid
2548,3,-2.0398443,valid
2549,3,-2.8265104,valid
2550,3,-0.8655748,valid
2551,3,-2.6708453,valid
2552,3,-1.5736138,valid
2553,3,0.36624044,valid
2554,3,-4.2212424,valid
2555,3,-2.805287,valid
2556,3,-3.963775,valid
2557,3,-2.146463,valid
2558,3,0.05933654,valid
2559,3,-6.0812855,valid
2560,3,-2.2817445,valid
2561,3,-3.9152107,valid
2562,3,-2.114531,valid
2563,3,-3.974799,valid
2564,3,-1.1853098,valid
2565,3,2.6440058,valid
2566,3,-1.6865101,valid
2567,3,-1.485538,valid
2568,3,-2.7528355,valid
2569,3,0.73035824,valid
2570,3,-4.331609,valid
2571,3,-1.3285139,valid
2572,3,-5.541881,valid
2573,3,-2.3511372,valid
2574,3,-0.49007535,valid
2575,3,-4.0439615,valid
2576,3,-0.1148362,valid
2577,3,-0.2532435,valid
2578,3,-1.704775,valid
2579,3,-1.1525458,valid
2580,3,-1.9200839,valid
2581,3,-3.709148,valid
2582,3,-2.440745,valid
2583,3,-4.9503093,valid
2584,3,-3.647944,valid
2585,3,-4.9149933,valid
2586,3,-1.9039885,valid
2587,3,-2.824853,valid
2588,3,-1.4164947,valid
2589,3,-0.39269543,valid
2590,3,-4.2270756,valid
2591,3,-2.4824286,valid
2592,3,1.2738808,valid
2593,3,-3.2954588,valid
2594,3,-1.4955008,valid
2595,3,-2.9820604,valid
2596,3,-2.1868954,valid
2597,3,-4.0919943,valid
2598,3,0.28023267,valid
2599,3,0.67418903,valid
2600,3,-4.4015985,valid
2601,3,-3.8953507,valid
2602,3,-1.9174345,valid
2603,3,-7.7266808,valid
2604,3,-4.660998,valid
2605,3,-2.5079372,valid
2606,3,-3.9837916,valid
2607,3,-3.3557227,valid
2608,3,-2.5382133,valid
2609,3,-4.118016,valid
2610,3,-3.6696782,valid
2611,3,-1.8392314,valid
2612,3,-3.986341,valid
2613,3,-5.6154647,valid
2614,3,-3.0827475,valid
2615,3,-5.012868,valid
2616,3,-3.9237285,valid
2617,3,-3.2967417,valid
2618,3,-2.9781823,valid
2619,3,-1.7632862,valid
2620,3,-3.6994274,valid
2621,3,-2.1087267,valid
2622,3,-4.2583175,valid
2623,3,-4.58669,valid
2624,3,-2.834217,valid
2625,3,-3.087603,valid
2626,3,-2.4247537,valid
2627,3,-4.3453007,valid
2628,3,-3.400063,valid
2629,3,-5.018441,valid
2630,3,-2.851876,valid
2631,3,-3.0980124,valid
2632,3,0.59852034,valid
2633,3,-1.5303264,valid
2634,3,-3.0883586,valid
2635,3,-1.6948489,valid
2636,3,-1.9481755,valid
2637,3,-4.1379113,valid
2638,3,-2.0813842,valid
2639,3,-1.6814885,valid
2640,3,-2.0732448,valid
2641,3,-4.5215926,valid
2642,3,-3.9916043,valid
2643,3,-3.295226,valid
2644,3,-3.3209891,valid
2645,3,-0.44895023,valid
2646,3,-2.7639346,valid
2647,3,-2.9564888,valid
2648,3,-5.47536,valid
2649,3,-3.9353971,valid
2650,3,-3.8332121,valid
2651,3,-3.8655498,valid
2652,3,-1.4910358,valid
2653,3,0.24138649,valid
2654,3,-3.8609333,valid
2655,3,-2.6493053,valid
2656,3,-3.2217045,valid
2657,3,-3.9364078,valid
2658,3,-3.9062386,valid
2659,3,-5.075124,valid
2660,3,-3.1377625,valid
2661,3,-3.6043077,valid
2662,3,-1.4590162,valid
2663,3,-1.6093396,valid
2664,3,-2.1637833,valid
2665,3,-4.732379,valid
2666,3,-4.8089066,valid
2667,3,-5.6809864,valid
2668,3,-2.8705845,valid
2669,3,-0.46322256,valid
2670,3,-2.9025598,valid
2671,3,-1.2674251,valid
2672,3,-5.8732443,valid
2673,3,-5.400461,valid
2674,3,-0.21458527,valid
2675,3,-2.1575294,valid
2676,3,-4.7864714,valid
2677,3,-1.3260549,valid
2678,3,-5.408332,valid
2679,3,-0.80522966,valid
2680,3,1.4305234,valid
2681,3,-4.1039004,valid
2682,3,-1.0738683,valid
2683,3,-5.5166936,valid
2684,3,-6.385727,valid
2685,3,-2.6273909,valid
2686,3,-3.956194,valid
2687,3,-3.606062,valid
2688,3,-2.474649,valid
2689,3,-4.3686676,valid
2690,3,-2.804841,valid
2691,3,-3.9468784,valid
2692,3,-2.3109598,valid
2693,3,-4.01454,valid
2694,3,-4.349606,valid
2695,3,-2.6131825,valid
2696,3,-3.6962588,valid
2697,3,-3.4948463,valid
2698,3,-1.7816827,valid
2699,3,-3.3830185,valid
2700,3,-1.0632817,valid
2701,3,-5.221414,valid
2702,3,-1.1254385,valid
2703,3,-2.9565642,valid
2704,3,-2.7718818,valid
2705,3,-3.357144,valid
2706,3,-2.2603683,valid
2707,3,-3.4582605,valid
2708,3,-4.346696,valid
2709,3,-2.0705967,valid
2710,3,-1.580027,valid
2711,3,-1.275675,valid
2712,3,-3.1913986,valid
2713,3,0.48101956,valid
2714,3,-5.7806187,valid
2715,3,-4.760665,valid
2716,3,-10.681429,valid
2717,3,-1.5092449,valid
2718,3,-3.0779195,valid
2719,3,-2.8503978,valid
2720,3,-3.7698603,valid
2721,3,-3.1582363,valid
2722,3,-0.8255143,valid
2723,3,-1.4713705,valid
2724,3,-4.9914556,valid
2725,3,-2.594771,valid
2726,3,-0.70136464,valid
2727,3,-1.1853098,valid
2728,3,-0.814689,valid
2729,3,-4.4799457,valid
2730,3,-1.6414568,valid
2731,3,-1.3612449,valid
2732,3,-4.05425,valid
2733,3,-1.6597711,valid
2734,3,-3.4817457,valid
2735,3,-4.090284,valid
2736,3,-4.2691636,valid
2737,3,-3.056409,valid
2738,3,-1.623846,valid
2739,3,-4.8527412,valid
2740,3,-3.664558,valid
2741,3,-3.589612,valid
2742,3,-2.354768,valid
2743,3,-4.3206444,valid
2744,3,0.48119843,valid
2745,3,-2.016676,valid
2746,3,-4.9590974,valid
2747,3,-4.0757523,valid
2748,3,-2.9320102,valid
2749,3,0.2907389,valid
2750,3,-6.43744,valid
2751,3,-5.4982214,valid
2752,3,-2.1608887,valid
2753,3,-2.0335243,valid
2754,3,-4.8976774,valid
2755,3,-2.2764754,valid
2756,3,-0.5535648,valid
2757,3,-4.726778,valid
2758,3,-3.570907,valid
2759,3,-5.55608,valid
2760,3,-2.7356043,valid
2761,3,-2.0125234,valid
2762,3,-3.2514105,valid
2763,3,0.5874144,valid
2764,3,-2.5911884,valid
2765,3,-3.183467,valid
2766,3,-1.802362,valid
2767,3,-1.2197701,valid
2768,3,-1.1708016,valid
2769,3,-3.5815248,valid
2770,3,-3.9558988,valid
2771,3,-1.2308227,valid
2772,3,-3.6053689,valid
2773,3,-3.747918,valid
2774,3,-3.010675,valid
2775,3,-3.0617704,valid
2776,3,-2.3355455,valid
2777,3,-1.004105,valid
2778,3,0.39730865,valid
2779,3,-1.8289388,valid
2780,3,-1.4285655,valid
2781,3,-3.4905827,valid
2782,3,-1.0800036,valid
2783,3,-4.942665,valid
2784,3,-4.061678,valid
2785,3,-2.2178397,valid
2786,3,-5.381441,valid
2787,3,-5.413331,valid
2788,3,-2.1060312,valid
2789,3,-4.4616556,valid
2790,3,-3.5244493,valid
2791,3,-4.40668,valid
2792,3,-3.9974685,valid
2793,3,-3.923568,valid
2794,3,0.59036374,valid
2795,3,0.26847145,valid
2796,3,-3.8570762,valid
2797,3,-4.577733,valid
2798,3,-4.9816914,valid
2799,3,-2.0595767,valid
2800,3,-1.5777538,valid
2801,3,-1.8843685,valid
2802,3,-4.9658456,valid
2803,3,-2.6275115,valid
2804,3,-2.4045155,valid
2805,3,-3.2683456,valid
2806,3,-1.563159,valid
2807,3,-2.597886,valid
2808,3,-2.8033495,valid
2809,3,-4.2819943,valid
2810,3,-2.8936462,valid
2811,3,-1.365423,valid
2812,3,-3.2926722,valid
2813,3,-4.899124,valid
2814,3,-2.705257,valid
2815,3,-1.7152143,valid
2816,3,-3.0378423,valid
2817,3,-3.86942,valid
2818,3,-3.7483623,valid
2819,3,-5.809267,valid
2820,3,-6.867275,valid
2821,3,-1.1416044,valid
2822,3,-0.26810786,valid
2823,3,-3.4360452,valid
2824,3,-1.9704243,valid
2825,3,-5.0418873,valid
2826,3,-0.62347406,valid
2827,3,-3.192192,valid
2828,3,-3.6555905,valid
2829,3,-3.1755695,valid
2830,3,-5.1242175,valid
2831,3,-1.6928244,valid
2832,3,-4.685601,valid
2833,3,-2.014052,valid
2834,3,-2.9635093,valid
2835,3,-3.187556,valid
2836,3,-2.4899414,valid
2837,3,-4.166754,valid
2838,3,-3.0735357,valid
2839,3,-5.2928457,valid
2840,3,-4.22758,valid
2841,3,-3.5423164,valid
2842,3,-2.641796,valid
2843,3,-4.17642,valid
2844,3,-4.3284397,valid
2845,3,-2.345407,valid
2846,3,-4.776996,valid
2847,3,-3.5053449,valid
2848,3,-1.6025836,valid
2849,3,-2.2691298,valid
2850,3,-4.4560785,valid
2851,3,-4.109711,valid
2852,3,-0.40255865,valid
2853,3,-3.458015,valid
2854,3,-0.4116309,valid
2855,3,-2.6392198,valid
2856,3,-1.3675874,valid
2857,3,-5.4586806,valid
2858,3,-4.1168423,valid
2859,3,-2.6351347,valid
2860,3,0.77450883,valid
2861,3,-4.2768927,valid
2862,3,-2.7764013,valid
2863,3,-3.8783464,valid
2864,3,-3.765751,valid
2865,3,-0.76975393,valid
2866,3,-2.9147637,valid
2867,3,-3.2739468,valid
2868,3,-3.6457305,valid
2869,3,-4.80145,valid
2870,3,-1.2026936,valid
2871,3,-4.3779716,valid
2872,3,-4.148473,valid
2873,3,-2.2308443,valid
2874,3,-3.1047924,valid
2875,3,-4.249463,valid
2876,3,-6.9270954,valid
2877,3,-5.6403,valid
2878,3,-3.3293753,valid
2879,3,-3.04781,valid
2880,3,-3.0911715,valid
2881,3,-2.404515,valid
2882,3,-4.1032457,valid
2883,3,-2.1865358,valid
2884,3,1.5123581,valid
2885,3,-4.724927,valid
2886,3,-6.188252,valid
2887,3,-3.771146,valid
2888,3,-3.6295211,valid
2889,3,-6.657753,valid
2890,3,-2.9933596,valid
2891,3,-1.614214,valid
2892,3,-2.5187883,valid
2893,3,-4.762498,valid
2894,3,-6.657753,valid
2895,3,-2.2330377,valid
2896,3,-0.9694004,valid
2897,3,-3.1785674,valid
2898,3,-3.582333,valid
2899,3,-0.8451458,valid
2900,3,-1.9710805,valid
2901,3,-3.8424292,valid
2902,3,-2.881094,valid
2903,3,-2.0657337,valid
2904,3,-3.2464852,valid
2905,3,-5.026607,valid
2906,3,-3.8644557,valid
2907,3,-4.483327,valid
2908,3,-4.728228,valid
2909,3,-3.466435,valid
2910,3,-3.0617704,valid
2911,3,-1.9090368,valid
2912,3,-4.1908803,valid
2913,3,-3.8501494,valid
2914,3,-0.28222352,valid
2915,3,-1.0607005,valid
2916,3,-1.4003719,valid
2917,3,-2.6211421,valid
2918,3,-6.0198784,valid
2919,3,-3.4947646,valid
2920,3,-6.60547,valid
2921,3,-1.2785448,valid
2922,3,-2.5320485,valid
2923,3,-1.6278647,valid
2924,3,-3.300755,valid
2925,3,-0.9426166,valid
2926,3,-3.968749,valid
2927,3,-4.0273266,valid
2928,3,0.1403382,valid
2929,3,-3.7716465,valid
2930,3,-2.218557,valid
2931,3,-1.3061569,valid
2932,3,-3.7879307,valid
2933,3,-2.7987988,valid
2934,3,-3.2726693,valid
2935,3,-6.2319756,valid
2936,3,-6.186556,valid
2937,3,-3.1442592,valid
2938,3,-2.9832485,valid
2939,3,-4.398911,valid
2940,3,-2.322513,valid
2941,3,-4.2392073,valid
2942,3,-3.8456986,valid
2943,3,-2.593504,valid
2944,3,-1.5631589,valid
2945,3,-3.432271,valid
2946,3,-3.1451154,valid
2947,3,-5.956096,valid
2948,3,-6.583191,valid
2949,3,-3.945339,valid
2950,3,-1.7983266,valid
2951,3,-6.0561624,valid
2952,3,-3.2513454,valid
2953,3,-0.33143213,valid
2954,3,0.90441155,valid
2955,3,-1.3387008,valid
2956,3,-3.8532324,valid
2957,3,-3.1443121,valid
2958,3,-0.90159017,valid
2959,3,-1.5985781,valid
2960,3,-1.7429099,valid
2961,3,-3.8324585,valid
2962,3,-6.805356,valid
2963,3,-3.6272058,valid
2964,3,-2.544477,valid
2965,3,-3.0653684,valid
2966,3,-3.309145,valid
2967,3,-3.61483,valid
2968,3,-3.4577832,valid
2969,3,-3.4709973,valid
2970,3,-2.8784807,valid
2971,3,-5.0258927,valid
2972,3,-5.164091,valid
2973,3,-4.439258,valid
2974,3,-2.71799,valid
2975,3,-2.3882751,valid
2976,3,-2.7856016,valid
2977,3,-2.5158172,valid
2978,3,-3.505046,valid
2979,3,0.6093694,valid
2980,3,-3.8611994,valid
2981,3,-0.42471284,valid
2982,3,-4.6251445,valid
2983,3,-3.0214944,valid
2984,3,-0.52458304,valid
2985,3,-4.1846094,valid
2986,3,-7.0897226,valid
2987,3,-3.1408727,valid
2988,3,-3.1711042,valid
2989,3,-3.0267887,valid
2990,3,-1.9366305,valid
2991,3,-1.0461538,valid
2992,3,-3.5844529,valid
2993,3,-2.4128556,valid
2994,4,-3.3318744,valid
2995,4,-1.7940538,valid
2996,4,-4.3788395,valid
2997,4,-3.4970078,valid
2998,4,-3.9647992,valid
2999,4,-4.4424586,valid
3000,4,-2.7182753,valid
3001,4,-3.7563684,valid
3002,4,-2.60476,valid
3003,4,-4.109041,valid
3004,4,-3.6169927,valid
3005,4,-4.7821846,valid
3006,4,-2.8768044,valid
3007,4,-3.8446465,valid
3008,4,-2.1846716,valid
3009,4,-4.112648,valid
3010,4,-3.7717032,valid
3011,4,1.6918669,valid
3012,4,-2.8411014,valid
3013,4,-3.6455724,valid
3014,4,0.78255785,valid
3015,4,0.41921842,valid
3016,4,-4.960619,valid
3017,4,-2.0757086,valid
3018,4,-2.7132783,valid
3019,4,-1.4050195,valid
3020,4,-3.4525816,valid
3021,4,-2.2386935,valid
3022,4,-2.4461498,valid
3023,4,-2.37011,valid
3024,4,-0.6280433,valid
3025,4,-0.44599175,valid
3026,4,-3.7615497,valid
3027,4,-1.2111088,valid
3028,4,-2.9869237,valid
3029,4,-7.6627374,valid
3030,4,-2.1569264,valid
3031,4,-2.608523,valid
3032,4,-5.1781287,valid
3033,4,-2.2843988,valid
3034,4,-5.417412,valid
3035,4,-0.8378452,valid
3036,4,-2.632486,valid
3037,4,0.54968846,valid
3038,4,-6.1125684,valid
3039,4,-4.3219786,valid
3040,4,-2.4599168,valid
3041,4,0.6136043,valid
3042,4,-3.771704,valid
3043,4,-7.2998867,valid
3044,4,-3.0688946,valid
3045,4,-1.2560061,valid
3046,4,-2.7246292,valid
3047,4,-1.6561058,valid
3048,4,-3.523173,valid
3049,4,-6.1937084,valid
3050,4,-4.124053,valid
3051,4,-4.659066,valid
3052,4,0.50840783,valid
3053,4,-2.4318252,valid
3054,4,-1.4438417,valid
3055,4,-6.7106466,valid
3056,4,-3.8663466,valid
3057,4,-3.0270157,valid
3058,4,-1.9718056,valid
3059,4,-2.7811291,valid
3060,4,-3.8178408,valid
3061,4,-4.9286985,valid
3062,4,-2.8077722,valid
3063,4,-2.6440587,valid
3064,4,-0.75074375,valid
3065,4,-4.460099,valid
3066,4,-2.2592266,valid
3067,4,0.5142659,valid
3068,4,-4.1487317,valid
3069,4,-3.7237844,valid
3070,4,-4.4930634,valid
3071,4,-0.2428559,valid
3072,4,-3.8590727,valid
3073,4,-2.9214594,valid
3074,4,-3.6880634,valid
3075,4,-1.1353515,valid
3076,4,-4.8896,valid
3077,4,-5.4915314,valid
3078,4,-3.7455127,valid
3079,4,-0.34955597,valid
3080,4,-6.0292788,valid
3081,4,-2.4108624,valid
3082,4,-2.8211763,valid
3083,4,-3.5685637,valid
3084,4,-2.4620647,valid
3085,4,-3.7632592,valid
3086,4,-2.8580751,valid
3087,4,-3.9302056,valid
3088,4,-1.7319698,valid
3089,4,-1.4692433,valid
3090,4,-6.162789,valid
3091,4,-2.9458206,valid
3092,4,0.42469853,valid
3093,4,-2.8152966,valid
3094,4,-0.09709164,valid
3095,4,-0.94430506,valid
3096,4,-3.7461169,valid
3097,4,-3.0072277,valid
3098,4,-5.907546,valid
3099,4,-3.0982091,valid
3100,4,-3.8427749,valid
3101,4,-0.5778314,valid
3102,4,-3.6918824,valid
3103,4,-7.142508,valid
3104,4,-3.041399,valid
3105,4,-3.486795,valid
3106,4,1.6039242,valid
3107,4,-2.7776763,valid
3108,4,-3.7791786,valid
3109,4,-2.729619,valid
3110,4,-1.1818233,valid
3111,4,-1.5305655,valid
3112,4,0.52268755,valid
3113,4,1.0801257,valid
3114,4,-0.23208824,valid
3115,4,-2.1178463,valid
3116,4,0.83380675,valid
3117,4,-6.578788,valid
3118,4,-5.138443,valid
3119,4,0.88172746,valid
3120,4,-4.636167,valid
3121,4,-3.58246,valid
3122,4,-3.0609396,valid
3123,4,-1.0818976,valid
3124,4,-1.1169828,valid
3125,4,-5.401436,valid
3126,4,-5.4783616,valid
3127,4,-3.1520648,valid
3128,4,-2.7573607,valid
3129,4,-3.3678048,valid
3130,4,1.6539152,valid
3131,4,-4.236165,valid
3132,4,0.20776464,valid
3133,4,-2.178084,valid
3134,4,-2.6887662,valid
3135,4,-4.836034,valid
3136,4,1.0228324,valid
3137,4,-5.407037,valid
3138,4,-2.5156093,valid
3139,4,0.36599708,valid
3140,4,-5.7756453,valid
3141,4,-5.4702334,valid
3142,4,-2.9839578,valid
3143,4,-0.76790667,valid
3144,4,-3.360861,valid
3145,4,-1.0340141,valid
3146,4,-4.7425528,valid
3147,4,-3.2568693,valid
3148,4,-0.9893863,valid
3149,4,-2.9546032,valid
3150,4,0.35789,valid
3151,4,-0.9078727,valid
3152,4,-1.7767205,valid
3153,4,-6.55679,valid
3154,4,-3.771704,valid
3155,4,-1.3725634,valid
3156,4,-2.5267541,valid
3157,4,-2.5809689,valid
3158,4,-1.41377,valid
3159,4,-0.5711814,valid
3160,4,0.7018601,valid
3161,4,-1.1815253,valid
3162,4,-4.3659105,valid
3163,4,-5.1092653,valid
3164,4,-2.2113924,valid
3165,4,-5.2779074,valid
3166,4,-5.071466,valid
3167,4,-2.6909359,valid
3168,4,-5.6232667,valid
3169,4,-4.2413607,valid
3170,4,-3.3903782,valid
3171,4,-5.118825,valid
3172,4,-5.575373,valid
3173,4,-2.7160628,valid
3174,4,-3.7017934,valid
3175,4,-2.9586687,valid
3176,4,-3.990842,valid
3177,4,-2.4192915,valid
3178,4,1.326231,valid
3179,4,-2.7103539,valid
3180,4,-3.2638955,valid
3181,4,-4.6507688,valid
3182,4,-2.9612992,valid
3183,4,-4.5513735,valid
3184,4,-3.8963747,valid
3185,4,-2.257489,valid
3186,4,-7.247431,valid
3187,4,-4.736848,valid
3188,4,-6.681036,valid
3189,4,0.6178361,valid
3190,4,-4.383201,valid
3191,4,0.12311769,valid
3192,4,-2.9626355,valid
3193,4,-3.9207451,valid
3194,4,-2.2205575,valid
3195,4,-3.734886,valid
3196,4,-4.5219064,valid
3197,4,0.23070212,valid
3198,4,-6.2948494,valid
3199,4,-2.474904,valid
3200,4,-4.286915,valid
3201,4,-2.4100397,valid
3202,4,-4.713953,valid
3203,4,-2.7329643,valid
3204,4,-2.824975,valid
3205,4,-3.5527933,valid
3206,4,-4.6318913,valid
3207,4,-4.8958263,valid
3208,4,-4.3645983,valid
3209,4,-0.2574636,valid
3210,4,-3.4199264,valid
3211,4,-2.2683804,valid
3212,4,-3.348985,valid
3213,4,1.3924987,valid
3214,4,-4.4873714,valid
3215,4,-3.661877,valid
3216,4,-0.1728025,valid
3217,4,-5.5314765,valid
3218,4,-2.1691453,valid
3219,4,-3.771704,valid
3220,4,-3.9185963,valid
3221,4,-2.1248934,valid
3222,4,-2.6980195,valid
3223,4,-0.78360283,valid
3224,4,-2.4345508,valid
3225,4,-3.8983815,valid
3226,4,-3.6988695,valid
3227,4,-1.5396374,valid
3228,4,-4.984412,valid
3229,4,-4.294019,valid
3230,4,-3.7285562,valid
3231,4,0.521312,valid
3232,4,-2.864073,valid
3233,4,-3.611818,valid
3234,4,-5.082262,valid
3235,4,-1.7233562,valid
3236,4,-2.8363984,valid
3237,4,-3.511651,valid
3238,4,-2.7305293,valid
3239,4,-2.6501608,valid
3240,4,-3.0857532,valid
3241,4,-4.4421415,valid
3242,4,-4.2907457,valid
3243,4,-2.519177,valid
3244,4,-7.389297,valid
3245,4,-2.805088,valid
3246,4,-0.3356188,valid
3247,4,0.1099549,valid
3248,4,-6.6719413,valid
3249,4,-2.3825371,valid
3250,4,-3.5366175,valid
3251,4,-3.810165,valid
3252,4,-2.6089044,valid
3253,4,-4.03456,valid
3254,4,-2.5661829,valid
3255,4,-2.589049,valid
3256,4,-1.5952952,valid
3257,4,-3.7845154,valid
3258,4,-2.9932973,valid
3259,4,1.7125232,valid
3260,4,-3.3621135,valid
3261,4,0.31304926,valid
3262,4,-6.5583315,valid
3263,4,-6.8984976,valid
3264,4,-2.9960806,valid
3265,4,-4.217498,valid
3266,4,-0.13823412,valid
3267,4,-1.2115359,valid
3268,4,-4.2698336,valid
3269,4,-7.593858,valid
3270,4,-2.896334,valid
3271,4,-2.9199138,valid
3272,4,-4.8006997,valid
3273,4,-4.462746,valid
3274,4,-4.808135,valid
3275,4,1.032359,valid
3276,4,-1.2732114,valid
3277,4,-6.1624413,valid
3278,4,-0.23225008,valid
3279,4,0.22167227,valid
3280,4,-3.8174517,valid
3281,4,-2.6816628,valid
3282,4,-4.294355,valid
3283,4,-0.15971646,valid
3284,4,-4.726466,valid
3285,4,-3.8178818,valid
3286,4,-2.8003082,valid
3287,4,2.1014783,valid
3288,4,-5.5617647,valid
3289,4,-4.3509336,valid
3290,4,-4.429206,valid
3291,4,-4.603782,valid
3292,4,-0.12811139,valid
3293,4,-4.4224224,valid
3294,4,-3.8277428,valid
3295,4,-4.81924,valid
3296,4,-1.212989,valid
3297,4,-5.632014,valid
3298,4,-0.5944551,valid
3299,4,-1.6991345,valid
3300,4,-2.083216,valid
3301,4,-3.0415022,valid
3302,4,-6.0601277,valid
3303,4,-6.566193,valid
3304,4,-2.4835453,valid
3305,4,-2.2826648,valid
3306,4,-2.9167924,valid
3307,4,-2.7893956,valid
3308,4,-4.274635,valid
3309,4,-5.3866353,valid
3310,4,-5.7983794,valid
3311,4,-4.594166,valid
3312,4,-1.6361635,valid
3313,4,-4.20179,valid
3314,4,-3.4216266,valid
3315,4,-8.163539,valid
3316,4,-3.5925777,valid
3317,4,-5.8225985,valid
3318,4,-1.0516247,valid
3319,4,-1.7510611,valid
3320,4,-6.5753355,valid
3321,4,-2.428442,valid
3322,4,-5.39384,valid
3323,4,-4.881389,valid
3324,4,-4.3344088,valid
3325,4,-1.9387246,valid
3326,4,-3.771704,valid
3327,4,-3.3912203,valid
3328,4,-3.6274402,valid
3329,4,0.120751806,valid
3330,4,-3.5508156,valid
3331,4,-2.4746206,valid
3332,4,-1.5176455,valid
3333,4,-2.5530913,valid
3334,4,-1.6075158,valid
3335,4,-3.831837,valid
3336,4,-4.2213793,valid
3337,4,-7.5652175,valid
3338,4,-4.324828,valid
3339,4,-1.9204497,valid
3340,4,-6.0760183,valid
3341,4,-3.4572887,valid
3342,4,-2.4019034,valid
3343,4,-4.784075,valid
3344,4,-3.1262915,valid
3345,4,-4.583781,valid
3346,4,-5.032145,valid
3347,4,-4.1450734,valid
3348,4,-2.583377,valid
3349,4,-1.6645718,valid
3350,4,0.55670977,valid
3351,4,-2.2608936,valid
3352,4,-3.9333508,valid
3353,4,-0.49478135,valid
3354,4,-0.935246,valid
3355,4,-4.2413607,valid
3356,4,-0.6503148,valid
3357,4,-3.771704,valid
3358,4,-2.622149,valid
3359,4,-0.85247326,valid
3360,4,-0.4300051,valid
3361,4,0.66978335,valid
3362,4,-2.404459,valid
3363,4,-6.948556,valid
3364,4,-1.3697357,valid
3365,4,-4.6667843,valid
3366,4,-4.129039,valid
3367,4,-8.584994,valid
3368,4,-8.295429,valid
3369,4,-2.8833206,valid
3370,4,-5.0143347,valid
3371,4,-2.3435872,valid
3372,4,-2.6966243,valid
3373,4,-0.060556203,valid
3374,4,-3.5423996,valid
3375,4,-5.934222,valid
3376,4,-0.4967995,valid
3377,4,-3.468969,valid
3378,4,-1.3085358,valid
3379,4,-4.885689,valid
3380,4,-3.9931886,valid
3381,4,-9.4024515,valid
3382,4,-3.2104652,valid
3383,4,-5.3577037,valid
3384,4,-2.8239048,valid
3385,4,-5.2716866,valid
3386,4,-0.76855457,valid
3387,4,-3.192528,valid
3388,4,-0.08251262,valid
3389,4,-3.956752,valid
3390,4,-2.3210585,valid
3391,4,-1.6999125,valid
3392,4,-3.381791,valid
3393,4,-5.8237395,valid
3394,4,-2.3569102,valid
3395,4,-4.1295414,valid
3396,4,-2.776294,valid
3397,4,-3.1853144,valid
3398,4,-3.8145506,valid
3399,4,0.1301451,valid
3400,4,-6.0336742,valid
3401,4,-5.168525,valid
3402,4,-4.355608,valid
3403,4,-0.3915649,valid
3404,4,-0.46379614,valid
3405,4,-0.84803116,valid
3406,4,-2.791151,valid
3407,4,-2.193855,valid
3408,4,-1.1665105,valid
3409,4,-2.6344674,valid
3410,4,-2.2273107,valid
3411,4,-3.993965,valid
3412,4,0.37913346,valid
3413,4,-2.4579406,valid
3414,4,-3.771704,valid
3415,4,-1.9901316,valid
3416,4,-0.1417619,valid
3417,4,-2.3604515,valid
3418,4,-4.431985,valid
3419,4,-3.9383829,valid
3420,4,-2.5696661,valid
3421,4,-3.4718616,valid
3422,4,-3.341601,valid
3423,4,-2.3121977,valid
3424,4,-1.3598042,valid
3425,4,-2.2304401,valid
3426,4,-1.7694316,valid
3427,4,-4.538101,valid
3428,4,-6.1600833,valid
3429,4,-4.1403713,valid
3430,4,-4.7776513,valid
3431,4,-5.941776,valid
3432,4,-3.771704,valid
3433,4,-3.9398336,valid
3434,4,-6.377599,valid
3435,4,-4.7368383,valid
3436,4,-3.7009394,valid
3437,4,0.35133818,valid
3438,4,-0.13661098,valid
3439,4,-7.9509697,valid
3440,4,-0.26046315,valid
3441,4,-7.727954,valid
3442,4,-4.378047,valid
3443,4,-2.0095208,valid
3444,4,-1.6832845,valid
3445,4,-5.1409597,valid
3446,4,-3.9999983,valid
3447,4,0.5593138,valid
3448,4,-3.400352,valid
3449,4,2.0677955,valid
3450,4,-1.7227612,valid
3451,4,-3.4017289,valid
3452,4,-3.0364022,valid
3453,4,-4.903714,valid
3454,4,0.07866211,valid
3455,4,-4.1686115,valid
3456,4,-3.0941465,valid
3457,4,-3.0389252,valid
3458,4,-3.3863957,valid
3459,4,-3.4898288,valid
3460,4,-1.764897,valid
3461,4,-1.289849,valid
3462,4,-2.688822,valid
3463,4,-3.7587922,valid
3464,4,-5.963796,valid
3465,4,-5.1687117,valid
3466,4,-3.0634964,valid
3467,4,-1.0294528,valid
3468,4,-3.7338018,valid
3469,4,-4.515112,valid
3470,4,-4.2438393,valid
3471,4,-6.4157696,valid
3472,4,-1.9450524,valid
3473,4,-2.7718103,valid
3474,4,-2.9326718,valid
3475,4,-3.3476093,valid
3476,4,-2.0069706,valid
3477,4,-2.677583,valid
3478,4,-4.063253,valid
3479,4,-2.3778586,valid
3480,4,-3.3988326,valid
3481,4,-4.9860964,valid
3482,4,-2.1774442,valid
3483,4,-2.4201844,valid
3484,4,-1.2005144,valid
3485,4,-4.101977,valid
3486,4,-4.30436,valid
3487,4,-2.6766346,valid
3488,4,-3.9121587,valid
3489,4,-2.317212,valid
3490,4,-2.5317478,valid
3491,4,-3.7709126,valid
3492,4,-5.72769,valid
3493,4,-0.0439261,valid
3494,4,-3.542429,valid
3495,4,-2.6175756,valid
3496,4,-2.29232,valid
3497,4,-1.2655222,valid
3498,4,-3.8933127,valid
3499,4,-2.7017896,valid
3500,4,0.705039,valid
3501,4,-1.4546666,valid
3502,4,-4.9570966,valid
3503,4,-4.832616,valid
3504,4,-2.6160796,valid
3505,4,-3.5146763,valid
3506,4,-4.596152,valid
3507,4,-0.7761284,valid
3508,4,-5.268894,valid
3509,4,-6.1258106,valid
3510,4,-4.177901,valid
3511,4,-6.975449,valid
3512,4,-0.5041379,valid
3513,4,-0.49476966,valid
3514,4,-2.5788486,valid
3515,4,-4.2200203,valid
3516,4,-5.130895,valid
3517,4,-3.0843318,valid
3518,4,-4.0124583,valid
3519,4,-3.2580373,valid
3520,4,-3.5456448,valid
3521,4,-1.696321,valid
3522,4,-2.134384,valid
3523,4,-2.4486766,valid
3524,4,-1.9082656,valid
3525,4,-0.7183368,valid
3526,4,-5.185156,valid
3527,4,-1.8932617,valid
3528,4,-3.6764677,valid
3529,4,-2.860887,valid
3530,4,-0.30926737,valid
3531,4,-2.1284897,valid
3532,4,-3.0263994,valid
3533,4,-2.7545125,valid
3534,4,-5.220955,valid
3535,4,-1.8613657,valid
3536,4,-2.7190099,valid
3537,4,0.4924087,valid
3538,4,-3.3903072,valid
3539,4,1.5672089,valid
3540,4,-1.8142636,valid
3541,4,-4.231376,valid
3542,4,-5.399332,valid
3543,4,-4.573901,valid
3544,4,-1.5605307,valid
3545,4,-4.486869,valid
3546,4,-2.1957448,valid
3547,4,-2.5498075,valid
3548,4,-1.391645,valid
3549,4,-3.8392565,valid
3550,4,-1.8456469,valid
3551,4,1.5432291,valid
3552,4,-4.4887505,valid
3553,4,-2.9590015,valid
3554,4,-3.992143,valid
3555,4,-1.8924664,valid
3556,4,0.38486287,valid
3557,4,-6.910338,valid
3558,4,-2.6416214,valid
3559,4,-3.6537366,valid
3560,4,-1.7653933,valid
3561,4,-3.9265532,valid
3562,4,-1.0937791,valid
3563,4,2.6326559,valid
3564,4,0.100273676,valid
3565,4,0.25194377,valid
3566,4,-3.1946847,valid
3567,4,1.5470043,valid
3568,4,-4.492585,valid
3569,4,-1.29136,valid
3570,4,-5.8039923,valid
3571,4,-2.3003929,valid
3572,4,-0.42527583,valid
3573,4,-5.3994737,valid
3574,4,-0.13614617,valid
3575,4,-0.7520397,valid
3576,4,0.34306312,valid
3577,4,-1.7571976,valid
3578,4,-1.8711358,valid
3579,4,-3.8743842,valid
3580,4,-3.079898,valid
3581,4,-5.2248015,valid
3582,4,-3.1098573,valid
3583,4,-5.349718,valid
3584,4,-3.184298,valid
3585,4,-3.0091217,valid
3586,4,-1.6020337,valid
3587,4,0.11145947,valid
3588,4,-3.8712246,valid
3589,4,-2.0747101,valid
3590,4,1.5352066,valid
3591,4,-3.9603157,valid
3592,4,-1.3904672,valid
3593,4,-2.0470467,valid
3594,4,-1.9892058,valid
3595,4,-4.627175,valid
3596,4,0.32583287,valid
3597,4,0.7018601,valid
3598,4,-5.244355,valid
3599,4,-4.201774,valid
3600,4,-2.4940646,valid
3601,4,-8.352289,valid
3602,4,-4.520943,valid
3603,4,-2.4881861,valid
3604,4,-5.1241775,valid
3605,4,-3.96483,valid
3606,4,-3.4385884,valid
3607,4,-4.8310356,valid
3608,4,-3.9401274,valid
3609,4,-1.8141477,valid
3610,4,-3.700435,valid
3611,4,-3.8064644,valid
3612,4,-2.3836024,valid
3613,4,-5.565592,valid
3614,4,-5.4070177,valid
3615,4,-3.8758194,valid
3616,4,-3.729278,valid
3617,4,-1.6326491,valid
3618,4,-3.34985,valid
3619,4,-0.23271841,valid
3620,4,-5.599247,valid
3621,4,-5.341544,valid
3622,4,-2.4736974,valid
3623,4,-3.093401,valid
3624,4,-3.1692502,valid
3625,4,-3.6159751,valid
3626,4,-3.7347715,valid
3627,4,-6.49737,valid
3628,4,-2.5316947,valid
3629,4,-3.4431577,valid
3630,4,0.72281647,valid
3631,4,-0.7745429,valid
3632,4,-3.427512,valid
3633,4,-1.789334,valid
3634,4,-1.1376355,valid
3635,4,-4.9595184,valid
3636,4,-1.9314425,valid
3637,4,-1.6387515,valid
3638,4,-2.1248937,valid
3639,4,-4.707564,valid
3640,4,-4.152423,valid
3641,4,-4.065785,valid
3642,4,-2.6384847,valid
3643,4,-0.32623997,valid
3644,4,-2.5278924,valid
3645,4,-3.4560838,valid
3646,4,-4.9319983,valid
3647,4,-4.2584457,valid
3648,4,-5.399844,valid
3649,4,-4.3046556,valid
3650,4,-1.8422962,valid
3651,4,-0.19988465,valid
3652,4,-3.2552087,valid
3653,4,-3.3288457,valid
3654,4,-3.308009,valid
3655,4,-4.9885397,valid
3656,4,-4.575306,valid
3657,4,-5.451332,valid
3658,4,-3.573949,valid
3659,4,-3.5275288,valid
3660,4,-1.5727214,valid
3661,4,-2.987036,valid
3662,4,-2.2632437,valid
3663,4,-5.320935,valid
3664,4,-5.61219,valid
3665,4,-6.243878,valid
3666,4,-2.284724,valid
3667,4,-0.83571374,valid
3668,4,-2.4194937,valid
3669,4,-0.8433752,valid
3670,4,-6.6210995,valid
3671,4,-6.1723633,valid
3672,4,-0.08626239,valid
3673,4,-1.5543877,valid
3674,4,-6.0487537,valid
3675,4,-1.7090098,valid
3676,4,-6.264034,valid
3677,4,-1.5033965,valid
3678,4,0.62272274,valid
3679,4,-4.56061,valid
3680,4,-2.2263424,valid
3681,4,-6.302293,valid
3682,4,-7.2911043,valid
3683,4,-2.5639641,valid
3684,4,-4.0000114,valid
3685,4,-4.5782948,valid
3686,4,-2.5341163,valid
3687,4,-5.0077496,valid
3688,4,-4.2062087,valid
3689,4,-5.3777914,valid
3690,4,-1.4916055,valid
3691,4,-5.330118,valid
3692,4,-4.395903,valid
3693,4,-2.944658,valid
3694,4,-4.034299,valid
3695,4,-3.0422509,valid
3696,4,-2.1828096,valid
3697,4,-3.7959745,valid
3698,4,-1.6246784,valid
3699,4,-6.602823,valid
3700,4,-1.1279366,valid
3701,4,-2.858358,valid
3702,4,-2.520009,valid
3703,4,-3.7368445,valid
3704,4,-2.7998416,valid
3705,4,-4.85822,valid
3706,4,-4.769596,valid
3707,4,-2.4368665,valid
3708,4,-1.552871,valid
3709,4,-1.8052789,valid
3710,4,-3.754274,valid
3711,4,1.1992935,valid
3712,4,-6.082452,valid
3713,4,-4.7276115,valid
3714,4,-8.103684,valid
3715,4,-3.988378,valid
3716,4,-2.1212306,valid
3717,4,-3.22121,valid
3718,4,-4.217944,valid
3719,4,-3.2259758,valid
3720,4,-1.4192659,valid
3721,4,-2.2046947,valid
3722,4,-5.587026,valid
3723,4,-2.1490142,valid
3724,4,-0.08468798,valid
3725,4,-1.0937791,valid
3726,4,-0.03330655,valid
3727,4,-4.6635995,valid
3728,4,-2.8945749,valid
3729,4,-1.9339539,valid
3730,4,-4.46031,valid
3731,4,-1.9228466,valid
3732,4,-3.5368671,valid
3733,4,-4.186729,valid
3734,4,-5.678525,valid
3735,4,-2.7664363,valid
3736,4,-4.064993,valid
3737,4,-5.865719,valid
3738,4,-4.892962,valid
3739,4,-3.8382843,valid
3740,4,-0.26193884,valid
3741,4,-4.8805227,valid
3742,4,0.8555975,valid
3743,4,-1.9768994,valid
3744,4,-5.076682,valid
3745,4,-4.816075,valid
3746,4,-3.2076051,valid
3747,4,-0.017000794,valid
3748,4,-7.1350694,valid
3749,4,-5.9364066,valid
3750,4,-2.4896643,valid
3751,4,-1.9331055,valid
3752,4,-4.8977804,valid
3753,4,-1.2886032,valid
3754,4,-0.43712237,valid
3755,4,-5.374938,valid
3756,4,-3.2603242,valid
3757,4,-6.1686063,valid
3758,4,-2.9887097,valid
3759,4,-2.824978,valid
3760,4,-3.7914107,valid
3761,4,0.1847908,valid
3762,4,-2.9170134,valid
3763,4,-2.9689004,valid
3764,4,-0.9213761,valid
3765,4,-1.3492101,valid
3766,4,-0.16796812,valid
3767,4,-5.071597,valid
3768,4,-3.9860258,valid
3769,4,-0.92695737,valid
3770,4,-3.460129,valid
3771,4,-4.257147,valid
3772,4,-2.463826,valid
3773,4,-3.798136,valid
3774,4,-1.4118769,valid
3775,4,-0.3364167,valid
3776,4,0.84697247,valid
3777,4,-1.4507388,valid
3778,4,-1.3082241,valid
3779,4,-3.4691308,valid
3780,4,-1.502856,valid
3781,4,-5.426219,valid
3782,4,-4.336575,valid
3783,4,-2.652114,valid
3784,4,-5.7628493,valid
3785,4,-6.2144613,valid
3786,4,-1.9048518,valid
3787,4,-4.7756605,valid
3788,4,-4.2118616,valid
3789,4,-5.472126,valid
3790,4,-3.3640242,valid
3791,4,-4.7874355,valid
3792,4,1.5086778,valid
3793,4,1.4198103,valid
3794,4,-4.0827723,valid
3795,4,-4.961641,valid
3796,4,-5.116766,valid
3797,4,-2.9157588,valid
3798,4,-1.6531618,valid
3799,4,-2.3004465,valid
3800,4,-5.590133,valid
3801,4,-2.4969807,valid
3802,4,-2.7872548,valid
3803,4,-3.160283,valid
3804,4,-1.6218562,valid
3805,4,-2.7209766,valid
3806,4,-3.0149634,valid
3807,4,-4.28461,valid
3808,4,-2.8904283,valid
3809,4,-2.7858405,valid
3810,4,-3.5840447,valid
3811,4,-6.190578,valid
3812,4,-3.4376895,valid
3813,4,-2.0324652,valid
3814,4,-3.2056472,valid
3815,4,-3.7496552,valid
3816,4,-2.988685,valid
3817,4,-6.6205006,valid
3818,4,-6.804023,valid
3819,4,-1.5089996,valid
3820,4,0.1922667,valid
3821,4,-3.1065361,valid
3822,4,-2.4964397,valid
3823,4,-6.318317,valid
3824,4,-0.3586712,valid
3825,4,-4.30642,valid
3826,4,-4.9954867,valid
3827,4,-4.0717444,valid
3828,4,-5.5416036,valid
3829,4,-1.8235004,valid
3830,4,-4.3797607,valid
3831,4,-0.8735795,valid
3832,4,-3.2558324,valid
3833,4,-0.19388522,valid
3834,4,-2.6652403,valid
3835,4,-4.3191285,valid
3836,4,-3.2855837,valid
3837,4,-6.649371,valid
3838,4,-4.5398107,valid
3839,4,-3.902774,valid
3840,4,-3.1024396,valid
3841,4,-3.6259615,valid
3842,4,-4.3821926,valid
3843,4,-3.0932398,valid
3844,4,-5.2345057,valid
3845,4,-4.042904,valid
3846,4,-1.7138969,valid
3847,4,-1.4706521,valid
3848,4,-5.2536683,valid
3849,4,-5.051768,valid
3850,4,0.16875482,valid
3851,4,-2.6665633,valid
3852,4,0.23991588,valid
3853,4,-2.7231429,valid
3854,4,-1.190707,valid
3855,4,-5.8775373,valid
3856,4,-4.5322857,valid
3857,4,-3.1624453,valid
3858,4,2.8638084,valid
3859,4,-4.6722,valid
3860,4,-2.4581852,valid
3861,4,-4.2212167,valid
3862,4,-4.2925014,valid
3863,4,-1.5434523,valid
3864,4,-0.6385368,valid
3865,4,-3.8674664,valid
3866,4,-5.590689,valid
3867,4,-5.344987,valid
3868,4,-1.4150896,valid
3869,4,-4.940422,valid
3870,4,-4.080592,valid
3871,4,-2.29232,valid
3872,4,-3.0641074,valid
3873,4,-3.5110207,valid
3874,4,-7.933852,valid
3875,4,-6.3040013,valid
3876,4,-3.8710601,valid
3877,4,-3.4151037,valid
3878,4,-2.7142527,valid
3879,4,-2.7872548,valid
3880,4,-4.631344,valid
3881,4,-1.5722389,valid
3882,4,1.695806,valid
3883,4,-6.090782,valid
3884,4,-6.1106153,valid
3885,4,-4.1148396,valid
3886,4,-4.378638,valid
3887,4,-7.3309946,valid
3888,4,-3.3762355,valid
3889,4,-1.0644917,valid
3890,4,-4.062217,valid
3891,4,-5.252637,valid
3892,4,-7.3309946,valid
3893,4,-3.0967214,valid
3894,4,-1.0784608,valid
3895,4,-4.423015,valid
3896,4,-4.20559,valid
3897,4,-0.58341706,valid
3898,4,-2.128583,valid
3899,4,-4.1306157,valid
3900,4,-3.626654,valid
3901,4,-2.59365,valid
3902,4,-4.695802,valid
3903,4,-5.607835,valid
3904,4,-3.0565324,valid
3905,4,-4.7925434,valid
3906,4,-5.077072,valid
3907,4,-3.468403,valid
3908,4,-3.798136,valid
3909,4,0.75934315,valid
3910,4,-5.064497,valid
3911,4,-4.281324,valid
3912,4,0.49193704,valid
3913,4,-1.618722,valid
3914,4,-0.6529615,valid
3915,4,-2.111568,valid
3916,4,-6.8671155,valid
3917,4,-2.8056505,valid
3918,4,-7.502374,valid
3919,4,-0.9592395,valid
3920,4,-3.3394828,valid
3921,4,-1.5293174,valid
3922,4,-3.771704,valid
3923,4,-2.020377,valid
3924,4,-3.8796246,valid
3925,4,-3.884047,valid
3926,4,-0.54141927,valid
3927,4,-4.330428,valid
3928,4,-1.6536167,valid
3929,4,-2.4631574,valid
3930,4,-4.8679767,valid
3931,4,-1.8316381,valid
3932,4,-3.2428925,valid
3933,4,-7.002362,valid
3934,4,-7.143263,valid
3935,4,-2.0698307,valid
3936,4,-3.9181926,valid
3937,4,-5.6263046,valid
3938,4,-2.1316264,valid
3939,4,-4.7125397,valid
3940,4,-4.0571637,valid
3941,4,-3.6237497,valid
3942,4,-1.6218561,valid
3943,4,-2.8369021,valid
3944,4,-2.956352,valid
3945,4,-6.747282,valid
3946,4,-6.3793,valid
3947,4,-2.5248208,valid
3948,4,-1.4558605,valid
3949,4,-6.624694,valid
3950,4,-3.4446697,valid
3951,4,-0.83903456,valid
3952,4,0.47995713,valid
3953,4,-2.3697171,valid
3954,4,-4.1626,valid
3955,4,-4.0112023,valid
3956,4,-1.4698398,valid
3957,4,-1.5967585,valid
3958,4,-1.4754604,valid
3959,4,-3.8590744,valid
3960,4,-7.646091,valid
3961,4,-4.7996407,valid
3962,4,-3.4071712,valid
3963,4,-3.8554583,valid
3964,4,-3.161297,valid
3965,4,-3.7293832,valid
3966,4,-4.884516,valid
3967,4,-4.145301,valid
3968,4,-3.3373816,valid
3969,4,-5.547643,valid
3970,4,-4.822508,valid
3971,4,-4.7755165,valid
3972,4,-2.8150067,valid
3973,4,-2.9500296,valid
3974,4,-3.168301,valid
3975,4,-2.9614937,valid
3976,4,-4.220021,valid
3977,4,1.3173635,valid
3978,4,-4.7066936,valid
3979,4,-0.279032,valid
3980,4,-4.761092,valid
3981,4,-3.9520438,valid
3982,4,-0.49440125,valid
3983,4,-4.044943,valid
3984,4,-7.9023733,valid
3985,4,-3.6627512,valid
3986,4,-3.0899007,valid
3987,4,-3.423483,valid
3988,4,-0.15195426,valid
3989,4,-1.1276026,valid
3990,4,-3.5640435,valid
3991,4,-2.3584235,valid
3992,5,-3.278457,valid
3993,5,-0.984438,valid
3994,5,-3.7709072,valid
3995,5,-2.9254763,valid
3996,5,-3.2912452,valid
3997,5,-3.8150134,valid
3998,5,-2.0708086,valid
3999,5,-3.2842722,valid
4000,5,-1.7645178,valid
4001,5,-3.329196,valid
4002,5,-2.7350838,valid
4003,5,-3.9302716,valid
4004,5,-2.2777119,valid
4005,5,-2.9303293,valid
4006,5,-1.5192435,valid
4007,5,-2.9299984,valid
4008,5,-3.6450934,valid
4009,5,1.849999,valid
4010,5,-1.9391279,valid
4011,5,-2.913611,valid
4012,5,1.0156865,valid
4013,5,0.7708496,valid
4014,5,-4.131447,valid
4015,5,-1.4054081,valid
4016,5,-1.4868445,valid
4017,5,-0.8899323,valid
4018,5,-2.3139694,valid
4019,5,-1.2411954,valid
4020,5,-2.166119,valid
4021,5,-2.9170277,valid
4022,5,-0.85988396,valid
4023,5,0.22592057,valid
4024,5,-3.1371717,valid
4025,5,-1.0499368,valid
4026,5,-1.921963,valid
4027,5,-7.1007752,valid
4028,5,-2.1497421,valid
4029,5,-1.5777915,valid
4030,5,-4.6412883,valid
4031,5,-1.7783175,valid
4032,5,-3.7634501,valid
4033,5,-0.6169398,valid
4034,5,-1.9611225,valid
4035,5,0.8859812,valid
4036,5,-5.080338,valid
4037,5,-3.6798515,valid
4038,5,-1.9784472,valid
4039,5,1.550298,valid
4040,5,-3.6450934,valid
4041,5,-6.3016257,valid
4042,5,-2.2180648,valid
4043,5,-0.68652725,valid
4044,5,-1.8773754,valid
4045,5,-1.3808131,valid
4046,5,-3.1413627,valid
4047,5,-5.1620317,valid
4048,5,-3.2618594,valid
4049,5,-4.1089163,valid
4050,5,0.60571784,valid
4051,5,-2.3520877,valid
4052,5,-0.7013256,valid
4053,5,-4.947171,valid
4054,5,-3.3272634,valid
4055,5,-2.1766026,valid
4056,5,-0.96101296,valid
4057,5,-2.2232533,valid
4058,5,-3.1464825,valid
4059,5,-3.9181743,valid
4060,5,-2.2289267,valid
4061,5,-1.9237492,valid
4062,5,-1.0354502,valid
4063,5,-3.8763628,valid
4064,5,-1.6030469,valid
4065,5,0.19875145,valid
4066,5,-4.1183085,valid
4067,5,-2.8662946,valid
4068,5,-3.879387,valid
4069,5,-0.8571655,valid
4070,5,-2.5770872,valid
4071,5,-1.8405385,valid
4072,5,-3.4378471,valid
4073,5,-0.30752283,valid
4074,5,-3.4621842,valid
4075,5,-5.269422,valid
4076,5,-2.7819195,valid
4077,5,-0.84753877,valid
4078,5,-5.2276206,valid
4079,5,-1.6416962,valid
4080,5,-2.2500758,valid
4081,5,-3.2487712,valid
4082,5,-1.6371181,valid
4083,5,-3.1314392,valid
4084,5,-1.981705,valid
4085,5,-3.392206,valid
4086,5,-1.0265675,valid
4087,5,-0.44909316,valid
4088,5,-5.6958528,valid
4089,5,-2.1409802,valid
4090,5,0.6500112,valid
4091,5,-2.3082135,valid
4092,5,0.34481624,valid
4093,5,-1.4395664,valid
4094,5,-3.0272176,valid
4095,5,-2.537683,valid
4096,5,-4.5078025,valid
4097,5,-2.0415323,valid
4098,5,-3.158959,valid
4099,5,0.37832943,valid
4100,5,-3.0391855,valid
4101,5,-6.496946,valid
4102,5,-2.2928243,valid
4103,5,-2.479992,valid
4104,5,0.77047396,valid
4105,5,-1.9484448,valid
4106,5,-2.6981144,valid
4107,5,-2.0387487,valid
4108,5,-0.40004173,valid
4109,5,-0.30863178,valid
4110,5,0.8119407,valid
4111,5,0.7456008,valid
4112,5,-0.8782237,valid
4113,5,-1.6557741,valid
4114,5,1.0780354,valid
4115,5,-5.8797,valid
4116,5,-4.3852754,valid
4117,5,0.69152266,valid
4118,5,-3.9170928,valid
4119,5,-2.966559,valid
4120,5,-2.6596668,valid
4121,5,-0.6804403,valid
4122,5,-1.4078207,valid
4123,5,-4.678571,valid
4124,5,-4.680472,valid
4125,5,-2.6653214,valid
4126,5,-2.0283084,valid
4127,5,-2.5827708,valid
4128,5,1.8622191,valid
4129,5,-2.975112,valid
4130,5,0.19293001,valid
4131,5,-1.1985786,valid
4132,5,-2.3366055,valid
4133,5,-4.1744876,valid
4134,5,0.19559905,valid
4135,5,-4.8690295,valid
4136,5,-2.250058,valid
4137,5,0.90159595,valid
4138,5,-4.663342,valid
4139,5,-4.822043,valid
4140,5,-1.5239534,valid
4141,5,-0.27088135,valid
4142,5,-2.6561775,valid
4143,5,-0.17135042,valid
4144,5,-3.5115256,valid
4145,5,-2.4492202,valid
4146,5,-1.5552683,valid
4147,5,-2.2039652,valid
4148,5,1.0792179,valid
4149,5,-0.34214148,valid
4150,5,-1.7137504,valid
4151,5,-5.895484,valid
4152,5,-3.6450934,valid
4153,5,-1.3877959,valid
4154,5,-1.4056041,valid
4155,5,-1.9821067,valid
4156,5,-1.5966687,valid
4157,5,-0.8473214,valid
4158,5,1.2504516,valid
4159,5,-1.1596062,valid
4160,5,-2.925195,valid
4161,5,-4.450982,valid
4162,5,-1.6297667,valid
4163,5,-4.302382,valid
4164,5,-4.0017805,valid
4165,5,-1.8507643,valid
4166,5,-5.0055346,valid
4167,5,-4.992497,valid
4168,5,-2.8477361,valid
4169,5,-4.3352885,valid
4170,5,-4.5572357,valid
4171,5,-1.3875754,valid
4172,5,-2.4665523,valid
4173,5,-1.868186,valid
4174,5,-3.1569583,valid
4175,5,-2.0645874,valid
4176,5,0.48723435,valid
4177,5,-1.500668,valid
4178,5,-2.322096,valid
4179,5,-3.5226185,valid
4180,5,-1.8559382,valid
4181,5,-3.919845,valid
4182,5,-3.0036898,valid
4183,5,-1.8018773,valid
4184,5,-6.477826,valid
4185,5,-3.797843,valid
4186,5,-5.350847,valid
4187,5,0.63382375,valid
4188,5,-3.8281171,valid
4189,5,0.5604563,valid
4190,5,-2.4969482,valid
4191,5,-2.9037766,valid
4192,5,-1.3875315,valid
4193,5,-3.0371664,valid
4194,5,-3.4896252,valid
4195,5,-0.46366808,valid
4196,5,-6.242966,valid
4197,5,-2.2492666,valid
4198,5,-3.16684,valid
4199,5,-1.6237743,valid
4200,5,-4.33582,valid
4201,5,-2.0507948,valid
4202,5,-1.9918094,valid
4203,5,-2.910597,valid
4204,5,-4.0491605,valid
4205,5,-3.522675,valid
4206,5,-3.4853022,valid
4207,5,-0.5924703,valid
4208,5,-3.1038861,valid
4209,5,-1.7644694,valid
4210,5,-3.0995135,valid
4211,5,1.2376382,valid
4212,5,-3.6279674,valid
4213,5,-2.5664544,valid
4214,5,0.55117965,valid
4215,5,-5.025331,valid
4216,5,-1.3672907,valid
4217,5,-3.6450934,valid
4218,5,-3.2581255,valid
4219,5,-1.8482039,valid
4220,5,-3.4994047,valid
4221,5,-0.81587106,valid
4222,5,-1.8122287,valid
4223,5,-2.700194,valid
4224,5,-2.9235778,valid
4225,5,-1.1113553,valid
4226,5,-4.7040906,valid
4227,5,-3.2829034,valid
4228,5,-2.1676219,valid
4229,5,0.29068,valid
4230,5,-2.7220526,valid
4231,5,-3.000694,valid
4232,5,-4.475618,valid
4233,5,-1.5381172,valid
4234,5,-1.9089148,valid
4235,5,-2.655525,valid
4236,5,-1.3923965,valid
4237,5,-2.5980346,valid
4238,5,-2.3853812,valid
4239,5,-3.6648688,valid
4240,5,-3.5848527,valid
4241,5,-1.9750965,valid
4242,5,-6.582183,valid
4243,5,-2.135412,valid
4244,5,-0.19033355,valid
4245,5,-1.3129222,valid
4246,5,-5.0213475,valid
4247,5,-1.1674545,valid
4248,5,-2.3216872,valid
4249,5,-2.9930964,valid
4250,5,-1.8986759,valid
4251,5,-3.3531027,valid
4252,5,-2.1304677,valid
4253,5,-2.7309778,valid
4254,5,-0.9445152,valid
4255,5,-3.0287838,valid
4256,5,-2.5596595,valid
4257,5,2.0174508,valid
4258,5,-2.4764416,valid
4259,5,0.5513267,valid
4260,5,-5.375256,valid
4261,5,-5.3352056,valid
4262,5,-2.6980815,valid
4263,5,-3.5489342,valid
4264,5,0.28158656,valid
4265,5,-1.1953411,valid
4266,5,-4.618014,valid
4267,5,-5.767881,valid
4268,5,-2.176653,valid
4269,5,-2.065435,valid
4270,5,-3.8187063,valid
4271,5,-3.935181,valid
4272,5,-3.8976622,valid
4273,5,1.2681994,valid
4274,5,-1.3778436,valid
4275,5,-5.421661,valid
4276,5,-0.94691205,valid
4277,5,0.50527096,valid
4278,5,-3.1828747,valid
4279,5,-2.1253657,valid
4280,5,-3.3969622,valid
4281,5,-0.62940145,valid
4282,5,-4.2058315,valid
4283,5,-3.3062708,valid
4284,5,-2.1392448,valid
4285,5,1.1007652,valid
4286,5,-4.6598253,valid
4287,5,-3.5210066,valid
4288,5,-3.5598733,valid
4289,5,-3.6842833,valid
4290,5,0.21424966,valid
4291,5,-3.090618,valid
4292,5,-3.2470236,valid
4293,5,-4.308622,valid
4294,5,-0.36872286,valid
4295,5,-4.0694513,valid
4296,5,-0.7110712,valid
4297,5,-1.5598826,valid
4298,5,-1.3157792,valid
4299,5,-2.2319655,valid
4300,5,-5.163652,valid
4301,5,-5.8757687,valid
4302,5,-1.5769393,valid
4303,5,-1.7314477,valid
4304,5,-1.9436233,valid
4305,5,-2.3618753,valid
4306,5,-3.2787955,valid
4307,5,-4.641131,valid
4308,5,-5.249069,valid
4309,5,-3.9636872,valid
4310,5,-1.3281443,valid
4311,5,-3.596326,valid
4312,5,-3.0968642,valid
4313,5,-7.7339625,valid
4314,5,-2.9210486,valid
4315,5,-5.425899,valid
4316,5,-0.24267358,valid
4317,5,-1.0816338,valid
4318,5,-6.139357,valid
4319,5,-1.6761975,valid
4320,5,-4.2962093,valid
4321,5,-4.114839,valid
4322,5,-3.8869483,valid
4323,5,-1.8593757,valid
4324,5,-3.6450934,valid
4325,5,-1.9953108,valid
4326,5,-2.869856,valid
4327,5,0.17712119,valid
4328,5,-2.6939993,valid
4329,5,-2.116985,valid
4330,5,-1.2645805,valid
4331,5,-1.8734055,valid
4332,5,-0.99894553,valid
4333,5,-3.2453804,valid
4334,5,-3.6295114,valid
4335,5,-6.8125887,valid
4336,5,-3.2725744,valid
4337,5,-0.6681714,valid
4338,5,-5.030028,valid
4339,5,-2.488143,valid
4340,5,-1.6505089,valid
4341,5,-4.594508,valid
4342,5,-1.9687898,valid
4343,5,-3.468284,valid
4344,5,-4.4827743,valid
4345,5,-2.5962584,valid
4346,5,-1.7961206,valid
4347,5,-1.035464,valid
4348,5,0.6879718,valid
4349,5,-1.8470972,valid
4350,5,-3.0047007,valid
4351,5,-1.1018631,valid
4352,5,-0.94327855,valid
4353,5,-4.992497,valid
4354,5,-0.6305426,valid
4355,5,-3.6450934,valid
4356,5,-2.0891342,valid
4357,5,-0.93881017,valid
4358,5,-0.113700636,valid
4359,5,0.9268267,valid
4360,5,-1.5497825,valid
4361,5,-6.4083095,valid
4362,5,-0.95762724,valid
4363,5,-3.269684,valid
4364,5,-3.3322558,valid
4365,5,-8.268558,valid
4366,5,-7.9166713,valid
4367,5,-1.8133037,valid
4368,5,-4.51205,valid
4369,5,-1.7585752,valid
4370,5,-2.1424522,valid
4371,5,0.6705833,valid
4372,5,-3.0626278,valid
4373,5,-5.054642,valid
4374,5,-0.60758257,valid
4375,5,-2.991268,valid
4376,5,-0.8259165,valid
4377,5,-4.0504136,valid
4378,5,-3.2077758,valid
4379,5,-9.345184,valid
4380,5,-2.0936742,valid
4381,5,-4.47799,valid
4382,5,-2.253057,valid
4383,5,-4.132297,valid
4384,5,-1.169925,valid
4385,5,-2.097459,valid
4386,5,-0.017096113,valid
4387,5,-3.270063,valid
4388,5,-1.7660594,valid
4389,5,-0.9486932,valid
4390,5,-2.7356145,valid
4391,5,-4.9798574,valid
4392,5,-1.5981047,valid
4393,5,-3.0187151,valid
4394,5,-1.9964719,valid
4395,5,-2.1481714,valid
4396,5,-3.1368716,valid
4397,5,0.42884165,valid
4398,5,-4.3817897,valid
4399,5,-3.7610765,valid
4400,5,-3.7809157,valid
4401,5,-1.9281063,valid
4402,5,-0.5717651,valid
4403,5,-0.35006014,valid
4404,5,-1.5238976,valid
4405,5,-1.0403185,valid
4406,5,-0.6928962,valid
4407,5,-0.8243832,valid
4408,5,-1.2171123,valid
4409,5,-2.584849,valid
4410,5,0.81403816,valid
4411,5,-1.7801688,valid
4412,5,-3.6450934,valid
4413,5,-1.958549,valid
4414,5,-0.23985973,valid
4415,5,-1.7939677,valid
4416,5,-3.9153602,valid
4417,5,-3.154666,valid
4418,5,-2.1593318,valid
4419,5,-2.8488064,valid
4420,5,-2.8005633,valid
4421,5,-2.7481234,valid
4422,5,-0.4088341,valid
4423,5,-1.6055338,valid
4424,5,-0.906929,valid
4425,5,-3.480204,valid
4426,5,-5.1669946,valid
4427,5,-3.4015708,valid
4428,5,-3.802412,valid
4429,5,-4.572044,valid
4430,5,-3.6450934,valid
4431,5,-3.340283,valid
4432,5,-5.763192,valid
4433,5,-3.3673544,valid
4434,5,-2.8958783,valid
4435,5,0.83153147,valid
4436,5,-0.017379224,valid
4437,5,-5.9467683,valid
4438,5,0.53479093,valid
4439,5,-7.2522397,valid
4440,5,-3.415357,valid
4441,5,-0.2932971,valid
4442,5,-1.1045768,valid
4443,5,-4.454143,valid
4444,5,-3.367239,valid
4445,5,0.060187712,valid
4446,5,-2.9298992,valid
4447,5,2.4471593,valid
4448,5,-1.0466137,valid
4449,5,-2.154625,valid
4450,5,-2.64888,valid
4451,5,-4.082771,valid
4452,5,-0.010181382,valid
4453,5,-3.4148831,valid
4454,5,-2.5810046,valid
4455,5,-2.0278306,valid
4456,5,-2.7600904,valid
4457,5,-3.013136,valid
4458,5,-1.3120055,valid
4459,5,-0.93481374,valid
4460,5,-1.8982933,valid
4461,5,-2.9538224,valid
4462,5,-4.230659,valid
4463,5,-4.651809,valid
4464,5,-2.196087,valid
4465,5,-0.9366036,valid
4466,5,-3.1131635,valid
4467,5,-3.8781703,valid
4468,5,-3.649899,valid
4469,5,-6.198817,valid
4470,5,-1.3108964,valid
4471,5,-2.22478,valid
4472,5,-2.1741853,valid
4473,5,-2.4328675,valid
4474,5,-1.9382398,valid
4475,5,-2.2110624,valid
4476,5,-3.0639586,valid
4477,5,-1.7128136,valid
4478,5,-2.9162507,valid
4479,5,-4.2989,valid
4480,5,-1.5861304,valid
4481,5,-1.6954288,valid
4482,5,-0.8066319,valid
4483,5,-3.2573428,valid
4484,5,-3.5841043,valid
4485,5,-0.97996956,valid
4486,5,-3.026314,valid
4487,5,-1.6464703,valid
4488,5,-1.9805446,valid
4489,5,-3.3737822,valid
4490,5,-4.779229,valid
4491,5,0.5133459,valid
4492,5,-3.3847687,valid
4493,5,-1.8215241,valid
4494,5,-1.5919297,valid
4495,5,-1.2223408,valid
4496,5,-3.2246563,valid
4497,5,-1.6527138,valid
4498,5,0.5508514,valid
4499,5,-0.5812696,valid
4500,5,-3.5955813,valid
4501,5,-4.3171773,valid
4502,5,-1.8131084,valid
4503,5,-3.0329587,valid
4504,5,-4.518222,valid
4505,5,-0.6254,valid
4506,5,-4.3588047,valid
4507,5,-4.2480435,valid
4508,5,-3.1696744,valid
4509,5,-5.141178,valid
4510,5,-1.2287118,valid
4511,5,0.34122086,valid
4512,5,-2.0891204,valid
4513,5,-4.520722,valid
4514,5,-4.1347914,valid
4515,5,-2.6439767,valid
4516,5,-2.7718186,valid
4517,5,-2.1643362,valid
4518,5,-2.5922165,valid
4519,5,-1.0909712,valid
4520,5,-0.9704766,valid
4521,5,-1.3240707,valid
4522,5,-1.0681353,valid
4523,5,-0.33676347,valid
4524,5,-4.179883,valid
4525,5,-1.2379172,valid
4526,5,-2.8836339,valid
4527,5,-2.7008255,valid
4528,5,-0.5298862,valid
4529,5,-1.634043,valid
4530,5,-2.686176,valid
4531,5,-3.234374,valid
4532,5,-4.5469203,valid
4533,5,-1.2520609,valid
4534,5,-2.1941466,valid
4535,5,0.31070837,valid
4536,5,-2.9942884,valid
4537,5,1.4394851,valid
4538,5,-1.1565068,valid
4539,5,-3.5363896,valid
4540,5,-4.510313,valid
4541,5,-4.0399404,valid
4542,5,-0.6961496,valid
4543,5,-3.6078653,valid
4544,5,-0.907322,valid
4545,5,-1.9102588,valid
4546,5,-0.3035514,valid
4547,5,-2.3148263,valid
4548,5,-1.0483818,valid
4549,5,1.5404634,valid
4550,5,-3.7360232,valid
4551,5,-2.2348742,valid
4552,5,-3.266217,valid
4553,5,-1.2694299,valid
4554,5,0.7473981,valid
4555,5,-5.9053245,valid
4556,5,-1.9928286,valid
4557,5,-2.8819532,valid
4558,5,-1.4838142,valid
4559,5,-3.3740733,valid
4560,5,-1.1461718,valid
4561,5,2.921537,valid
4562,5,-0.28458065,valid
4563,5,-0.22933096,valid
4564,5,-2.3479795,valid
4565,5,1.1494608,valid
4566,5,-3.782107,valid
4567,5,-0.43175435,valid
4568,5,-5.062446,valid
4569,5,-1.8525019,valid
4570,5,-0.34549445,valid
4571,5,-3.8334935,valid
4572,5,0.779898,valid
4573,5,-0.04342138,valid
4574,5,-0.9189201,valid
4575,5,-0.67255807,valid
4576,5,-1.334842,valid
4577,5,-2.9481432,valid
4578,5,-2.2099724,valid
4579,5,-4.276847,valid
4580,5,-2.5517335,valid
4581,5,-4.7119875,valid
4582,5,-2.0270224,valid
4583,5,-2.3651702,valid
4584,5,-0.9313824,valid
4585,5,-0.12724873,valid
4586,5,-3.2661574,valid
4587,5,-1.5322542,valid
4588,5,1.4345908,valid
4589,5,-2.880342,valid
4590,5,-0.6701309,valid
4591,5,-1.7640097,valid
4592,5,-1.8638904,valid
4593,5,-3.685728,valid
4594,5,0.16574809,valid
4595,5,1.2504516,valid
4596,5,-4.405038,valid
4597,5,-3.2648056,valid
4598,5,-1.5031497,valid
4599,5,-7.7850533,valid
4600,5,-3.9290733,valid
4601,5,-1.6297936,valid
4602,5,-3.610606,valid
4603,5,-3.3445556,valid
4604,5,-2.4434843,valid
4605,5,-3.9543893,valid
4606,5,-3.0561283,valid
4607,5,-2.016197,valid
4608,5,-3.1266491,valid
4609,5,-4.6905217,valid
4610,5,-1.8709078,valid
4611,5,-4.8052707,valid
4612,5,-4.730085,valid
4613,5,-3.2642486,valid
4614,5,-2.6026316,valid
4615,5,-0.98331517,valid
4616,5,-2.413265,valid
4617,5,-0.61644226,valid
4618,5,-4.3245044,valid
4619,5,-4.3719544,valid
4620,5,-1.9378765,valid
4621,5,-2.5432742,valid
4622,5,-2.5033007,valid
4623,5,-3.2704027,valid
4624,5,-2.111018,valid
4625,5,-4.668606,valid
4626,5,-1.7401979,valid
4627,5,-2.437385,valid
4628,5,0.9903529,valid
4629,5,-0.71062714,valid
4630,5,-2.3798747,valid
4631,5,-1.0039299,valid
4632,5,-0.6323634,valid
4633,5,-3.7729502,valid
4634,5,-2.03758,valid
4635,5,-1.1604421,valid
4636,5,-1.8482037,valid
4637,5,-3.754111,valid
4638,5,-3.2615125,valid
4639,5,-2.9319267,valid
4640,5,-2.0925784,valid
4641,5,0.73915297,valid
4642,5,-1.8657525,valid
4643,5,-2.679608,valid
4644,5,-4.6890326,valid
4645,5,-3.329502,valid
4646,5,-4.687266,valid
4647,5,-3.2907658,valid
4648,5,-1.0537236,valid
4649,5,0.3630141,valid
4650,5,-2.6280284,valid
4651,5,-2.7457824,valid
4652,5,-3.0097327,valid
4653,5,-4.0308967,valid
4654,5,-3.8688521,valid
4655,5,-4.577984,valid
4656,5,-2.5011566,valid
4657,5,-2.9407866,valid
4658,5,-1.065712,valid
4659,5,-1.863589,valid
4660,5,-0.78425086,valid
4661,5,-4.672793,valid
4662,5,-4.893104,valid
4663,5,-5.517181,valid
4664,5,-1.8789103,valid
4665,5,0.107072994,valid
4666,5,-2.39644,valid
4667,5,-0.24678034,valid
4668,5,-5.150478,valid
4669,5,-5.512185,valid
4670,5,0.2815072,valid
4671,5,-1.5754507,valid
4672,5,-4.419512,valid
4673,5,-1.072855,valid
4674,5,-5.1222997,valid
4675,5,-0.25122398,valid
4676,5,1.2801127,valid
4677,5,-3.5312843,valid
4678,5,-0.8645184,valid
4679,5,-4.9830112,valid
4680,5,-6.3026595,valid
4681,5,-1.7821782,valid
4682,5,-3.199181,valid
4683,5,-3.0437956,valid
4684,5,-1.535347,valid
4685,5,-4.5494037,valid
4686,5,-3.3694453,valid
4687,5,-4.686335,valid
4688,5,-1.5551262,valid
4689,5,-3.6324067,valid
4690,5,-3.5140529,valid
4691,5,-1.6679275,valid
4692,5,-3.5661016,valid
4693,5,-2.4495518,valid
4694,5,-1.8756051,valid
4695,5,-2.6749823,valid
4696,5,-0.8918473,valid
4697,5,-5.939955,valid
4698,5,-0.28295416,valid
4699,5,-2.0847685,valid
4700,5,-1.9422588,valid
4701,5,-3.1125727,valid
4702,5,-1.7710533,valid
4703,5,-4.10547,valid
4704,5,-3.9866781,valid
4705,5,-2.471265,valid
4706,5,-1.2250559,valid
4707,5,-0.63847154,valid
4708,5,-2.8052537,valid
4709,5,1.2644203,valid
4710,5,-5.4633164,valid
4711,5,-4.176636,valid
4712,5,-7.6335373,valid
4713,5,-1.6888406,valid
4714,5,-1.8529434,valid
4715,5,-2.6824036,valid
4716,5,-3.4663277,valid
4717,5,-2.4153237,valid
4718,5,-0.359932,valid
4719,5,-1.1946559,valid
4720,5,-4.745704,valid
4721,5,-1.6156931,valid
4722,5,-0.13759148,valid
4723,5,-1.1461718,valid
4724,5,0.3963525,valid
4725,5,-3.9799302,valid
4726,5,-1.6603324,valid
4727,5,-1.3267088,valid
4728,5,-3.250091,valid
4729,5,-1.1319761,valid
4730,5,-2.8394995,valid
4731,5,-3.417343,valid
4732,5,-3.9876332,valid
4733,5,-2.2754946,valid
4734,5,-2.220178,valid
4735,5,-4.3036747,valid
4736,5,-4.2534633,valid
4737,5,-3.2346132,valid
4738,5,-1.6231883,valid
4739,5,-4.009669,valid
4740,5,0.91775376,valid
4741,5,-1.2323716,valid
4742,5,-4.358819,valid
4743,5,-3.5832515,valid
4744,5,-2.1628208,valid
4745,5,0.98845357,valid
4746,5,-6.2715,valid
4747,5,-4.978954,valid
4748,5,-1.7127001,valid
4749,5,-1.2564206,valid
4750,5,-4.401688,valid
4751,5,-1.2517233,valid
4752,5,0.07127476,valid
4753,5,-4.540257,valid
4754,5,-2.6821613,valid
4755,5,-5.0220804,valid
4756,5,-2.11551,valid
4757,5,-2.014937,valid
4758,5,-2.7176142,valid
4759,5,0.68125266,valid
4760,5,-2.1152186,valid
4761,5,-2.1797693,valid
4762,5,-1.0831664,valid
4763,5,-0.37106586,valid
4764,5,-0.17792186,valid
4765,5,-4.140504,valid
4766,5,-3.1232214,valid
4767,5,-0.41351432,valid
4768,5,-2.913436,valid
4769,5,-3.3077302,valid
4770,5,-1.9629109,valid
4771,5,-3.2189412,valid
4772,5,-1.5828507,valid
4773,5,-0.41011444,valid
4774,5,1.0225551,valid
4775,5,-0.9570436,valid
4776,5,-0.67471105,valid
4777,5,-2.6079755,valid
4778,5,-0.51759404,valid
4779,5,-4.4818425,valid
4780,5,-3.335601,valid
4781,5,-1.6477139,valid
4782,5,-4.873184,valid
4783,5,-4.955513,valid
4784,5,-1.2425623,valid
4785,5,-3.853485,valid
4786,5,-3.531155,valid
4787,5,-4.2620797,valid
4788,5,-3.1328514,valid
4789,5,-3.565229,valid
4790,5,1.3971841,valid
4791,5,0.7408337,valid
4792,5,-3.1677468,valid
4793,5,-3.96561,valid
4794,5,-4.5649905,valid
4795,5,-2.0940058,valid
4796,5,-0.123420805,valid
4797,5,-2.0155835,valid
4798,5,-4.3656507,valid
4799,5,-1.8278594,valid
4800,5,-2.0934277,valid
4801,5,-2.6450188,valid
4802,5,-0.915609,valid
4803,5,-1.9739492,valid
4804,5,-2.414609,valid
4805,5,-3.834247,valid
4806,5,-2.6050882,valid
4807,5,-1.5376968,valid
4808,5,-2.7671926,valid
4809,5,-4.5355783,valid
4810,5,-2.584149,valid
4811,5,-1.2670145,valid
4812,5,-2.321054,valid
4813,5,-3.068646,valid
4814,5,-2.5692668,valid
4815,5,-5.9108996,valid
4816,5,-6.118235,valid
4817,5,-0.6301481,valid
4818,5,0.3482589,valid
4819,5,-2.6099498,valid
4820,5,-1.4810357,valid
4821,5,-4.6249075,valid
4822,5,-0.14772329,valid
4823,5,-3.5712945,valid
4824,5,-4.093821,valid
4825,5,-3.388476,valid
4826,5,-4.9995756,valid
4827,5,-0.1715968,valid
4828,5,-3.7426608,valid
4829,5,-1.1181195,valid
4830,5,-3.115566,valid
4831,5,-1.0390582,valid
4832,5,-1.9758742,valid
4833,5,-3.4534326,valid
4834,5,-1.948612,valid
4835,5,-4.9315457,valid
4836,5,-3.8057694,valid
4837,5,-3.127366,valid
4838,5,-1.9310796,valid
4839,5,-4.553583,valid
4840,5,-3.6356397,valid
4841,5,-2.326598,valid
4842,5,-4.4350257,valid
4843,5,-3.2340574,valid
4844,5,-0.85003424,valid
4845,5,-1.5297205,valid
4846,5,-4.197803,valid
4847,5,-3.8266954,valid
4848,5,-0.123987734,valid
4849,5,-2.65231,valid
4850,5,0.2949796,valid
4851,5,-2.4019785,valid
4852,5,0.10168227,valid
4853,5,-4.887789,valid
4854,5,-3.9736304,valid
4855,5,-2.0235343,valid
4856,5,1.8612995,valid
4857,5,-3.7608955,valid
4858,5,-1.9352355,valid
4859,5,-3.3328097,valid
4860,5,-3.6255455,valid
4861,5,-0.86945176,valid
4862,5,-2.2142432,valid
4863,5,-3.3863811,valid
4864,5,-3.9408996,valid
4865,5,-4.389933,valid
4866,5,-0.34998116,valid
4867,5,-4.327065,valid
4868,5,-3.6754358,valid
4869,5,-1.5919297,valid
4870,5,-2.6747646,valid
4871,5,-3.0827715,valid
4872,5,-7.4489465,valid
4873,5,-5.402888,valid
4874,5,-3.4394708,valid
4875,5,-2.3764572,valid
4876,5,-2.4836254,valid
4877,5,-2.0934277,valid
4878,5,-3.7368653,valid
4879,5,-1.7304139,valid
4880,5,1.8650551,valid
4881,5,-4.4988413,valid
4882,5,-5.561725,valid
4883,5,-3.4375083,valid
4884,5,-3.5527525,valid
4885,5,-6.771605,valid
4886,5,-2.765462,valid
4887,5,-0.5419181,valid
4888,5,-2.0941267,valid
4889,5,-4.199198,valid
4890,5,-6.771605,valid
4891,5,-2.415446,valid
4892,5,-0.47822654,valid
4893,5,-3.7506595,valid
4894,5,-3.1475003,valid
4895,5,0.03125465,valid
4896,5,-1.5390356,valid
4897,5,-2.6308603,valid
4898,5,-2.6904948,valid
4899,5,-1.432945,valid
4900,5,-4.039541,valid
4901,5,-4.65521,valid
4902,5,-3.0654657,valid
4903,5,-3.659544,valid
4904,5,-4.51196,valid
4905,5,-2.5169914,valid
4906,5,-3.2189412,valid
4907,5,0.3044306,valid
4908,5,-4.038441,valid
4909,5,-3.2597725,valid
4910,5,0.63553816,valid
4911,5,-1.0832553,valid
4912,5,-0.66630733,valid
4913,5,-1.6587646,valid
4914,5,-6.238603,valid
4915,5,-2.052084,valid
4916,5,-6.998488,valid
4917,5,-1.1266189,valid
4918,5,-2.3384173,valid
4919,5,-1.1205485,valid
4920,5,-3.6450934,valid
4921,5,-0.6746546,valid
4922,5,-2.9466162,valid
4923,5,-3.0675914,valid
4924,5,0.3083951,valid
4925,5,-3.1683621,valid
4926,5,-1.581574,valid
4927,5,-1.2309401,valid
4928,5,-3.238429,valid
4929,5,-2.353316,valid
4930,5,-2.6034527,valid
4931,5,-6.079571,valid
4932,5,-6.5137925,valid
4933,5,-2.0162218,valid
4934,5,-2.5207405,valid
4935,5,-4.044781,valid
4936,5,-1.4171879,valid
4937,5,-3.6505833,valid
4938,5,-3.3601668,valid
4939,5,-2.4333625,valid
4940,5,-0.91560906,valid
4941,5,-2.2612455,valid
4942,5,-1.9718685,valid
4943,5,-5.7474833,valid
4944,5,-5.621985,valid
4945,5,-2.2015636,valid
4946,5,-1.2280505,valid
4947,5,-5.9475517,valid
4948,5,-2.480697,valid
4949,5,-0.18464974,valid
4950,5,1.2139323,valid
4951,5,-1.205493,valid
4952,5,-3.1272035,valid
4953,5,-3.339172,valid
4954,5,-0.8136897,valid
4955,5,-1.2503116,valid
4956,5,-0.7669716,valid
4957,5,-3.3356688,valid
4958,5,-6.8088517,valid
4959,5,-3.4872975,valid
4960,5,-2.3913329,valid
4961,5,-3.0186234,valid
4962,5,-2.5173779,valid
4963,5,-3.2392766,valid
4964,5,-4.170551,valid
4965,5,-4.3747835,valid
4966,5,-2.282916,valid
4967,5,-4.619862,valid
4968,5,-4.3701463,valid
4969,5,-3.9908342,valid
4970,5,-2.3481855,valid
4971,5,-1.6361282,valid
4972,5,-2.579057,valid
4973,5,-2.1150146,valid
4974,5,-4.520722,valid
4975,5,1.256172,valid
4976,5,-3.6370022,valid
4977,5,-0.29218188,valid
4978,5,-4.039289,valid
4979,5,-3.1249864,valid
4980,5,-0.20986092,valid
4981,5,-3.4358447,valid
4982,5,-7.505741,valid
4983,5,-2.9460447,valid
4984,5,-2.9152267,valid
4985,5,-2.9228644,valid
4986,5,-0.49870437,valid
4987,5,-0.713518,valid
4988,5,-3.3289576,valid
4989,5,-1.4274273,valid
4990,6,-3.5893648,valid
4991,6,-1.3838929,valid
4992,6,-4.8836036,valid
4993,6,-4.27051,valid
4994,6,-3.9785988,valid
4995,6,-4.9430223,valid
4996,6,-2.469816,valid
4997,6,-4.0564494,valid
4998,6,-2.3088918,valid
4999,6,-4.493138,valid
5000,6,-3.3665903,valid
5001,6,-5.373186,valid
5002,6,-2.99467,valid
5003,6,-3.7018712,valid
5004,6,-1.8296309,valid
5005,6,-3.7006798,valid
5006,6,-3.8606539,valid
5007,6,1.8544097,valid
5008,6,-2.8163152,valid
5009,6,-3.6979733,valid
5010,6,0.64212435,valid
5011,6,0.5212449,valid
5012,6,-4.3995256,valid
5013,6,-1.7249651,valid
5014,6,-2.2213979,valid
5015,6,-1.437466,valid
5016,6,-2.7353003,valid
5017,6,-1.8413357,valid
5018,6,-2.6623902,valid
5019,6,-3.1015697,valid
5020,6,-1.5806977,valid
5021,6,0.06720853,valid
5022,6,-4.065803,valid
5023,6,-1.5293758,valid
5024,6,-2.3802118,valid
5025,6,-8.376585,valid
5026,6,-2.678217,valid
5027,6,-2.618835,valid
5028,6,-5.6814227,valid
5029,6,-2.289282,valid
5030,6,-4.4218383,valid
5031,6,-0.95258063,valid
5032,6,-2.2606034,valid
5033,6,0.6383645,valid
5034,6,-5.8557134,valid
5035,6,-4.4632936,valid
5036,6,-2.8379693,valid
5037,6,1.2566956,valid
5038,6,-3.860654,valid
5039,6,-7.7251167,valid
5040,6,-2.6879134,valid
5041,6,-1.0231968,valid
5042,6,-3.0115864,valid
5043,6,-2.1206517,valid
5044,6,-3.9566133,valid
5045,6,-6.284741,valid
5046,6,-3.7564766,valid
5047,6,-5.049051,valid
5048,6,0.68681335,valid
5049,6,-2.2462335,valid
5050,6,-1.0851274,valid
5051,6,-5.6746497,valid
5052,6,-4.1918797,valid
5053,6,-3.2987733,valid
5054,6,-1.0823747,valid
5055,6,-3.122748,valid
5056,6,-3.7277055,valid
5057,6,-4.651793,valid
5058,6,-3.2150419,valid
5059,6,-2.4676843,valid
5060,6,-0.96785694,valid
5061,6,-5.079976,valid
5062,6,-2.0658984,valid
5063,6,0.05571033,valid
5064,6,-4.22467,valid
5065,6,-3.5607607,valid
5066,6,-4.64252,valid
5067,6,-0.8769943,valid
5068,6,-2.9473374,valid
5069,6,-2.6586032,valid
5070,6,-4.4020853,valid
5071,6,-0.67064714,valid
5072,6,-3.9604356,valid
5073,6,-6.0725126,valid
5074,6,-3.3621862,valid
5075,6,-0.8666515,valid
5076,6,-6.4731207,valid
5077,6,-2.7759902,valid
5078,6,-2.9488137,valid
5079,6,-4.0794487,valid
5080,6,-2.1461353,valid
5081,6,-4.384828,valid
5082,6,-3.2780085,valid
5083,6,-4.2205024,valid
5084,6,-1.5583369,valid
5085,6,-1.2038563,valid
5086,6,-6.3006873,valid
5087,6,-2.6604602,valid
5088,6,0.42731768,valid
5089,6,-2.6635275,valid
5090,6,0.0658623,valid
5091,6,-1.88389,valid
5092,6,-3.81539,valid
5093,6,-3.543013,valid
5094,6,-5.0540633,valid
5095,6,-2.908284,valid
5096,6,-3.5284517,valid
5097,6,0.08246522,valid
5098,6,-3.5463839,valid
5099,6,-7.490622,valid
5100,6,-3.1971936,valid
5101,6,-3.0151258,valid
5102,6,-0.47502154,valid
5103,6,-2.4808183,valid
5104,6,-3.3487267,valid
5105,6,-2.8016534,valid
5106,6,-2.564338,valid
5107,6,-1.716689,valid
5108,6,0.72559303,valid
5109,6,0.93540627,valid
5110,6,-0.20788892,valid
5111,6,-2.2960453,valid
5112,6,1.1265063,valid
5113,6,-6.743559,valid
5114,6,-5.351206,valid
5115,6,0.97464114,valid
5116,6,-5.1403975,valid
5117,6,-3.6036627,valid
5118,6,-3.3777733,valid
5119,6,-2.0594497,valid
5120,6,-1.4226012,valid
5121,6,-6.5089808,valid
5122,6,-5.301159,valid
5123,6,-3.4443293,valid
5124,6,-2.4942274,valid
5125,6,-3.3213573,valid
5126,6,1.8842574,valid
5127,6,-3.2633567,valid
5128,6,0.2170133,valid
5129,6,-2.0862405,valid
5130,6,-1.9811853,valid
5131,6,-5.2511153,valid
5132,6,0.3140547,valid
5133,6,-5.8897157,valid
5134,6,-3.2716224,valid
5135,6,0.71693313,valid
5136,6,-5.705754,valid
5137,6,-5.962864,valid
5138,6,-2.550739,valid
5139,6,-0.54476666,valid
5140,6,-4.053231,valid
5141,6,-0.8069133,valid
5142,6,-4.1815095,valid
5143,6,-3.3468823,valid
5144,6,-1.2417823,valid
5145,6,-3.8627098,valid
5146,6,0.8428048,valid
5147,6,-0.40085366,valid
5148,6,-2.4192135,valid
5149,6,-6.606074,valid
5150,6,-3.860654,valid
5151,6,-1.7677106,valid
5152,6,-1.8825166,valid
5153,6,-2.5771594,valid
5154,6,-2.0141392,valid
5155,6,-0.8604955,valid
5156,6,1.014293,valid
5157,6,-1.54925,valid
5158,6,-3.30671,valid
5159,6,-5.47986,valid
5160,6,-2.6426966,valid
5161,6,-5.1489477,valid
5162,6,-4.617803,valid
5163,6,-3.020616,valid
5164,6,-5.865561,valid
5165,6,-5.1535025,valid
5166,6,-4.1439586,valid
5167,6,-5.4850574,valid
5168,6,-5.2615304,valid
5169,6,-2.4940238,valid
5170,6,-2.824927,valid
5171,6,-2.6233099,valid
5172,6,-3.864307,valid
5173,6,-2.762679,valid
5174,6,-0.7943064,valid
5175,6,-2.0022197,valid
5176,6,-3.5570135,valid
5177,6,-4.906143,valid
5178,6,-2.142055,valid
5179,6,-4.3666005,valid
5180,6,-3.2306976,valid
5181,6,-2.491248,valid
5182,6,-6.9712462,valid
5183,6,-4.644939,valid
5184,6,-5.8575463,valid
5185,6,0.6553058,valid
5186,6,-4.952886,valid
5187,6,0.4307397,valid
5188,6,-3.2165222,valid
5189,6,-3.4114392,valid
5190,6,-1.4862454,valid
5191,6,-3.6788504,valid
5192,6,-4.205974,valid
5193,6,-1.4496834,valid
5194,6,-7.238938,valid
5195,6,-3.8924997,valid
5196,6,-4.2499037,valid
5197,6,-2.5334501,valid
5198,6,-4.9993167,valid
5199,6,-2.7761247,valid
5200,6,-2.8068724,valid
5201,6,-3.495474,valid
5202,6,-4.898823,valid
5203,6,-4.149128,valid
5204,6,-4.562231,valid
5205,6,-0.13510689,valid
5206,6,-3.172877,valid
5207,6,-3.191856,valid
5208,6,-3.416992,valid
5209,6,1.2792627,valid
5210,6,-4.537352,valid
5211,6,-3.1176844,valid
5212,6,0.23127386,valid
5213,6,-6.1289353,valid
5214,6,-1.9556228,valid
5215,6,-3.860654,valid
5216,6,-3.7101166,valid
5217,6,-1.9392338,valid
5218,6,-3.6416333,valid
5219,6,-0.8701318,valid
5220,6,-2.346577,valid
5221,6,-3.5004537,valid
5222,6,-3.637081,valid
5223,6,-1.2761962,valid
5224,6,-5.7180824,valid
5225,6,-4.2016406,valid
5226,6,-2.502759,valid
5227,6,0.46650833,valid
5228,6,-3.342851,valid
5229,6,-3.4246287,valid
5230,6,-5.3638415,valid
5231,6,-1.8312392,valid
5232,6,-2.6836205,valid
5233,6,-3.6275015,valid
5234,6,-2.3769004,valid
5235,6,-3.5370448,valid
5236,6,-2.616151,valid
5237,6,-5.849209,valid
5238,6,-4.025457,valid
5239,6,-3.535948,valid
5240,6,-7.890934,valid
5241,6,-2.500894,valid
5242,6,-0.496974,valid
5243,6,-1.6372942,valid
5244,6,-5.6589,valid
5245,6,-1.4211979,valid
5246,6,-3.5827947,valid
5247,6,-3.8579545,valid
5248,6,-3.1548433,valid
5249,6,-4.0731235,valid
5250,6,-3.5829332,valid
5251,6,-2.6029325,valid
5252,6,-1.4410458,valid
5253,6,-3.680172,valid
5254,6,-3.7679725,valid
5255,6,1.9692441,valid
5256,6,-3.1599689,valid
5257,6,0.6233406,valid
5258,6,-6.2085423,valid
5259,6,-5.9177794,valid
5260,6,-3.6362503,valid
5261,6,-4.78904,valid
5262,6,0.4805007,valid
5263,6,-1.2349361,valid
5264,6,-5.196223,valid
5265,6,-6.4643965,valid
5266,6,-2.7161412,valid
5267,6,-3.2232215,valid
5268,6,-5.3585486,valid
5269,6,-4.802823,valid
5270,6,-5.437944,valid
5271,6,0.99542344,valid
5272,6,-1.2010311,valid
5273,6,-6.5896845,valid
5274,6,-1.2894856,valid
5275,6,0.5836609,valid
5276,6,-3.7132807,valid
5277,6,-3.2308817,valid
5278,6,-4.095231,valid
5279,6,-1.0090255,valid
5280,6,-4.890218,valid
5281,6,-4.0588675,valid
5282,6,-2.7157848,valid
5283,6,-0.27079886,valid
5284,6,-5.722057,valid
5285,6,-5.5609584,valid
5286,6,-4.3483,valid
5287,6,-5.273477,valid
5288,6,0.07164715,valid
5289,6,-3.7953393,valid
5290,6,-3.8182032,valid
5291,6,-5.2223954,valid
5292,6,-1.1058388,valid
5293,6,-4.6520615,valid
5294,6,-0.7601965,valid
5295,6,-2.2435207,valid
5296,6,-2.0131633,valid
5297,6,-3.0749447,valid
5298,6,-5.8076477,valid
5299,6,-6.8037333,valid
5300,6,-2.2260685,valid
5301,6,-2.300596,valid
5302,6,-2.2122555,valid
5303,6,-3.3319955,valid
5304,6,-4.1078477,valid
5305,6,-5.203839,valid
5306,6,-6.501793,valid
5307,6,-4.706761,valid
5308,6,-1.7546929,valid
5309,6,-4.5088406,valid
5310,6,-3.0973458,valid
5311,6,-8.481872,valid
5312,6,-3.4905405,valid
5313,6,-6.4802017,valid
5314,6,-0.45201305,valid
5315,6,-2.0542471,valid
5316,6,-7.0424047,valid
5317,6,-2.7146792,valid
5318,6,-4.8248105,valid
5319,6,-4.6726985,valid
5320,6,-4.6794744,valid
5321,6,-1.8807974,valid
5322,6,-3.860654,valid
5323,6,-3.2133262,valid
5324,6,-3.6769884,valid
5325,6,0.1843129,valid
5326,6,-3.2412128,valid
5327,6,-2.8786163,valid
5328,6,-1.5000693,valid
5329,6,-2.9579978,valid
5330,6,-1.3148264,valid
5331,6,-4.329693,valid
5332,6,-4.6645536,valid
5333,6,-8.211093,valid
5334,6,-4.0032096,valid
5335,6,-2.0397737,valid
5336,6,-6.242309,valid
5337,6,-3.1433883,valid
5338,6,-2.6124623,valid
5339,6,-4.96467,valid
5340,6,-2.5289793,valid
5341,6,-4.430796,valid
5342,6,-5.144989,valid
5343,6,-3.0262651,valid
5344,6,-2.3956761,valid
5345,6,-1.5960324,valid
5346,6,0.8795089,valid
5347,6,-3.3851438,valid
5348,6,-3.8482952,valid
5349,6,-0.8870842,valid
5350,6,-1.1157048,valid
5351,6,-5.1535025,valid
5352,6,-0.766022,valid
5353,6,-3.860654,valid
5354,6,-2.5431082,valid
5355,6,-1.0470229,valid
5356,6,0.016192306,valid
5357,6,0.9636136,valid
5358,6,-2.442957,valid
5359,6,-7.232481,valid
5360,6,-1.1232976,valid
5361,6,-3.7803993,valid
5362,6,-4.4424405,valid
5363,6,-9.335942,valid
5364,6,-8.974599,valid
5365,6,-2.0991569,valid
5366,6,-5.3560834,valid
5367,6,-1.8846582,valid
5368,6,-2.7886693,valid
5369,6,-0.39248565,valid
5370,6,-3.7828465,valid
5371,6,-6.3934274,valid
5372,6,-0.5953852,valid
5373,6,-4.0875087,valid
5374,6,-1.3880638,valid
5375,6,-4.541099,valid
5376,6,-3.816719,valid
5377,6,-10.945487,valid
5378,6,-3.4727361,valid
5379,6,-5.4339876,valid
5380,6,-2.5224075,valid
5381,6,-5.042934,valid
5382,6,-1.3815185,valid
5383,6,-3.1914382,valid
5384,6,0.028275806,valid
5385,6,-4.03173,valid
5386,6,-2.1085722,valid
5387,6,-1.3411139,valid
5388,6,-2.477828,valid
5389,6,-5.6507125,valid
5390,6,-2.154796,valid
5391,6,-4.1405725,valid
5392,6,-2.2125554,valid
5393,6,-2.8668327,valid
5394,6,-4.256924,valid
5395,6,0.48788488,valid
5396,6,-4.964952,valid
5397,6,-5.066867,valid
5398,6,-4.6430225,valid
5399,6,-2.4328046,valid
5400,6,-0.5051358,valid
5401,6,-0.7567056,valid
5402,6,-2.0788436,valid
5403,6,-1.5832654,valid
5404,6,-1.5329744,valid
5405,6,-1.7654912,valid
5406,6,-1.8075093,valid
5407,6,-3.1183038,valid
5408,6,0.17708825,valid
5409,6,-2.2407248,valid
5410,6,-3.860654,valid
5411,6,-2.1292472,valid
5412,6,-0.269746,valid
5413,6,-2.5566716,valid
5414,6,-4.6507387,valid
5415,6,-3.9499006,valid
5416,6,-3.0266593,valid
5417,6,-3.4304504,valid
5418,6,-3.5930974,valid
5419,6,-2.5442257,valid
5420,6,-1.5315268,valid
5421,6,-2.0228448,valid
5422,6,-1.205384,valid
5423,6,-4.5000167,valid
5424,6,-6.2194996,valid
5425,6,-4.3066134,valid
5426,6,-4.083865,valid
5427,6,-5.190717,valid
5428,6,-3.860654,valid
5429,6,-3.7775517,valid
5430,6,-6.951073,valid
5431,6,-3.5800905,valid
5432,6,-4.178657,valid
5433,6,0.1581828,valid
5434,6,0.07616575,valid
5435,6,-6.740928,valid
5436,6,0.038048625,valid
5437,6,-8.008468,valid
5438,6,-4.8453584,valid
5439,6,-1.2845665,valid
5440,6,-1.8542869,valid
5441,6,-5.43647,valid
5442,6,-4.299196,valid
5443,6,-0.10728941,valid
5444,6,-3.7026517,valid
5445,6,2.460361,valid
5446,6,-1.6919681,valid
5447,6,-2.9818294,valid
5448,6,-3.5431168,valid
5449,6,-5.226994,valid
5450,6,0.08145766,valid
5451,6,-4.4300165,valid
5452,6,-3.2762055,valid
5453,6,-2.3905325,valid
5454,6,-3.616193,valid
5455,6,-3.808906,valid
5456,6,-2.274769,valid
5457,6,-0.9442711,valid
5458,6,-2.3657157,valid
5459,6,-3.2354593,valid
5460,6,-4.7864046,valid
5461,6,-5.697227,valid
5462,6,-2.5630867,valid
5463,6,-0.9173963,valid
5464,6,-3.9929872,valid
5465,6,-4.439405,valid
5466,6,-4.564259,valid
5467,6,-7.5178065,valid
5468,6,-1.9358817,valid
5469,6,-3.2087302,valid
5470,6,-3.0758615,valid
5471,6,-2.8052592,valid
5472,6,-1.814682,valid
5473,6,-2.8749373,valid
5474,6,-4.2246346,valid
5475,6,-2.628789,valid
5476,6,-4.2312245,valid
5477,6,-5.3078837,valid
5478,6,-2.026555,valid
5479,6,-2.1999433,valid
5480,6,-0.74706316,valid
5481,6,-4.407308,valid
5482,6,-4.576466,valid
5483,6,-2.0212493,valid
5484,6,-3.557065,valid
5485,6,-3.478745,valid
5486,6,-2.8094282,valid
5487,6,-4.1651125,valid
5488,6,-6.000865,valid
5489,6,0.27289987,valid
5490,6,-4.086692,valid
5491,6,-2.6642044,valid
5492,6,-1.9556831,valid
5493,6,-2.1056376,valid
5494,6,-4.2442045,valid
5495,6,-2.4793046,valid
5496,6,0.47110847,valid
5497,6,-1.3805424,valid
5498,6,-4.186749,valid
5499,6,-5.584639,valid
5500,6,-2.624444,valid
5501,6,-4.0878167,valid
5502,6,-5.3858356,valid
5503,6,-0.7718855,valid
5504,6,-5.26109,valid
5505,6,-5.3909726,valid
5506,6,-4.8216624,valid
5507,6,-5.7961125,valid
5508,6,-1.6543771,valid
5509,6,-0.08131674,valid
5510,6,-2.6482873,valid
5511,6,-5.062666,valid
5512,6,-4.3912005,valid
5513,6,-3.5212288,valid
5514,6,-3.650669,valid
5515,6,-2.510363,valid
5516,6,-5.034853,valid
5517,6,-1.7943867,valid
5518,6,-2.3110316,valid
5519,6,-2.2801979,valid
5520,6,-2.070383,valid
5521,6,-0.5766732,valid
5522,6,-5.2569613,valid
5523,6,-2.4456272,valid
5524,6,-3.634601,valid
5525,6,-2.524834,valid
5526,6,-0.9647203,valid
5527,6,-2.256978,valid
5528,6,-3.962248,valid
5529,6,-3.2382555,valid
5530,6,-5.274321,valid
5531,6,-1.7821653,valid
5532,6,-2.965271,valid
5533,6,0.319093,valid
5534,6,-3.5460935,valid
5535,6,1.0277005,valid
5536,6,-1.5031577,valid
5537,6,-4.5323424,valid
5538,6,-5.482982,valid
5539,6,-4.915716,valid
5540,6,-1.6954938,valid
5541,6,-3.8450427,valid
5542,6,-1.7235857,valid
5543,6,-3.3224618,valid
5544,6,-1.281202,valid
5545,6,-2.6136072,valid
5546,6,-1.3173527,valid
5547,6,1.5203873,valid
5548,6,-4.3272977,valid
5549,6,-2.9692605,valid
5550,6,-3.9125905,valid
5551,6,-1.7475703,valid
5552,6,0.7032694,valid
5553,6,-7.220377,valid
5554,6,-2.5225184,valid
5555,6,-3.6787329,valid
5556,6,-1.5215684,valid
5557,6,-3.7082,valid
5558,6,-1.0627033,valid
5559,6,3.0544882,valid
5560,6,-1.7567157,valid
5561,6,-0.49480098,valid
5562,6,-3.255948,valid
5563,6,0.82199335,valid
5564,6,-4.302766,valid
5565,6,-1.0217723,valid
5566,6,-6.2012496,valid
5567,6,-3.361395,valid
5568,6,-0.41633242,valid
5569,6,-4.3144,valid
5570,6,0.59292954,valid
5571,6,-0.4242212,valid
5572,6,-1.036373,valid
5573,6,-2.3193135,valid
5574,6,-2.007607,valid
5575,6,-3.8556118,valid
5576,6,-2.9246738,valid
5577,6,-5.1508317,valid
5578,6,-3.3055282,valid
5579,6,-5.471569,valid
5580,6,-3.1751013,valid
5581,6,-3.2535262,valid
5582,6,-1.5599653,valid
5583,6,0.17847191,valid
5584,6,-4.1088157,valid
5585,6,-2.0106702,valid
5586,6,1.5712522,valid
5587,6,-3.9695027,valid
5588,6,-1.0241995,valid
5589,6,-2.1114037,valid
5590,6,-2.2209425,valid
5591,6,-4.830903,valid
5592,6,0.6145231,valid
5593,6,1.014293,valid
5594,6,-5.5313725,valid
5595,6,-3.4611914,valid
5596,6,-2.0778406,valid
5597,6,-9.208586,valid
5598,6,-4.810938,valid
5599,6,-2.2072263,valid
5600,6,-4.118785,valid
5601,6,-4.425056,valid
5602,6,-3.16009,valid
5603,6,-4.4955325,valid
5604,6,-3.7527666,valid
5605,6,-1.8829519,valid
5606,6,-4.2349496,valid
5607,6,-4.3937187,valid
5608,6,-2.7291312,valid
5609,6,-5.3984933,valid
5610,6,-5.6899824,valid
5611,6,-4.0861096,valid
5612,6,-3.838606,valid
5613,6,-1.2667044,valid
5614,6,-3.2302203,valid
5615,6,-2.0613298,valid
5616,6,-4.651211,valid
5617,6,-4.8868337,valid
5618,6,-2.3944252,valid
5619,6,-3.0464869,valid
5620,6,-3.4839103,valid
5621,6,-4.3661346,valid
5622,6,-3.1380444,valid
5623,6,-5.280394,valid
5624,6,-2.9338188,valid
5625,6,-2.943945,valid
5626,6,0.83995855,valid
5627,6,-1.0084478,valid
5628,6,-2.900292,valid
5629,6,-1.2215059,valid
5630,6,-1.1159834,valid
5631,6,-4.351712,valid
5632,6,-2.2266088,valid
5633,6,-0.9586555,valid
5634,6,-1.9392339,valid
5635,6,-4.765725,valid
5636,6,-3.878976,valid
5637,6,-3.4749184,valid
5638,6,-2.9055848,valid
5639,6,0.12788294,valid
5640,6,-2.9357555,valid
5641,6,-3.4999394,valid
5642,6,-5.3421893,valid
5643,6,-4.1083417,valid
5644,6,-5.8612857,valid
5645,6,-4.327908,valid
5646,6,-1.9196297,valid
5647,6,0.06924617,valid
5648,6,-3.6398263,valid
5649,6,-3.3712115,valid
5650,6,-3.7531376,valid
5651,6,-5.673904,valid
5652,6,-4.949868,valid
5653,6,-5.7374554,valid
5654,6,-3.3170416,valid
5655,6,-3.7941258,valid
5656,6,-1.0385053,valid
5657,6,-3.1826644,valid
5658,6,-1.620961,valid
5659,6,-5.8444796,valid
5660,6,-5.8124967,valid
5661,6,-6.3725276,valid
5662,6,-2.6996875,valid
5663,6,-0.1489966,valid
5664,6,-2.4573994,valid
5665,6,-0.439368,valid
5666,6,-6.254068,valid
5667,6,-6.169975,valid
5668,6,0.30914906,valid
5669,6,-1.6370335,valid
5670,6,-5.0019584,valid
5671,6,-1.6292154,valid
5672,6,-6.3280215,valid
5673,6,-2.1157398,valid
5674,6,1.2407182,valid
5675,6,-4.242954,valid
5676,6,-0.92264056,valid
5677,6,-5.7451873,valid
5678,6,-7.724724,valid
5679,6,-2.4581218,valid
5680,6,-3.7333963,valid
5681,6,-3.629758,valid
5682,6,-1.8730886,valid
5683,6,-5.2888403,valid
5684,6,-4.420528,valid
5685,6,-5.9591393,valid
5686,6,-1.7499557,valid
5687,6,-4.1709557,valid
5688,6,-4.3964634,valid
5689,6,-2.146656,valid
5690,6,-4.035827,valid
5691,6,-3.27461,valid
5692,6,-3.1154342,valid
5693,6,-3.601671,valid
5694,6,-1.2011608,valid
5695,6,-6.821462,valid
5696,6,-0.9907306,valid
5697,6,-3.7996697,valid
5698,6,-2.852712,valid
5699,6,-4.3368464,valid
5700,6,-2.6311214,valid
5701,6,-5.2551713,valid
5702,6,-5.1714396,valid
5703,6,-2.7952025,valid
5704,6,-1.3169138,valid
5705,6,-1.253824,valid
5706,6,-4.325956,valid
5707,6,1.3080196,valid
5708,6,-6.3723087,valid
5709,6,-5.001118,valid
5710,6,-8.23252,valid
5711,6,-3.396241,valid
5712,6,-2.0767078,valid
5713,6,-3.503374,valid
5714,6,-4.44597,valid
5715,6,-3.0596752,valid
5716,6,-0.4871109,valid
5717,6,-1.9745657,valid
5718,6,-5.161142,valid
5719,6,-2.57982,valid
5720,6,-0.05267118,valid
5721,6,-1.0627033,valid
5722,6,-0.17078473,valid
5723,6,-4.5653715,valid
5724,6,-2.3170266,valid
5725,6,-1.8593031,valid
5726,6,-3.8928835,valid
5727,6,-1.4392384,valid
5728,6,-3.5432258,valid
5729,6,-3.8604069,valid
5730,6,-4.7994146,valid
5731,6,-3.3040338,valid
5732,6,-3.8074083,valid
5733,6,-4.837478,valid
5734,6,-5.170092,valid
5735,6,-4.23527,valid
5736,6,-1.8469223,valid
5737,6,-5.187686,valid
5738,6,0.7494332,valid
5739,6,-1.5557543,valid
5740,6,-5.3995852,valid
5741,6,-5.2340875,valid
5742,6,-2.415587,valid
5743,6,-0.9034545,valid
5744,6,-7.5573936,valid
5745,6,-6.0987744,valid
5746,6,-2.096298,valid
5747,6,-2.2901952,valid
5748,6,-5.30341,valid
5749,6,-1.593192,valid
5750,6,-0.040200308,valid
5751,6,-5.3597317,valid
5752,6,-3.2739103,valid
5753,6,-5.850409,valid
5754,6,-2.6347349,valid
5755,6,-2.8198586,valid
5756,6,-3.1091943,valid
5757,6,0.7672979,valid
5758,6,-2.770333,valid
5759,6,-2.667074,valid
5760,6,-1.0220845,valid
5761,6,-0.969068,valid
5762,6,-0.20792614,valid
5763,6,-5.260669,valid
5764,6,-4.228916,valid
5765,6,-0.76498926,valid
5766,6,-3.7087073,valid
5767,6,-3.900223,valid
5768,6,-2.728241,valid
5769,6,-4.1634827,valid
5770,6,-1.5486947,valid
5771,6,-0.554175,valid
5772,6,0.77828586,valid
5773,6,-1.2465123,valid
5774,6,-1.3485491,valid
5775,6,-3.2419212,valid
5776,6,-0.72824043,valid
5777,6,-5.172846,valid
5778,6,-3.6099777,valid
5779,6,-2.4648733,valid
5780,6,-5.9943695,valid
5781,6,-5.785044,valid
5782,6,-1.930089,valid
5783,6,-4.1701374,valid
5784,6,-4.492725,valid
5785,6,-5.037592,valid
5786,6,-4.0157413,valid
5787,6,-5.1590276,valid
5788,6,1.2545567,valid
5789,6,0.115936816,valid
5790,6,-3.5342317,valid
5791,6,-4.9996557,valid
5792,6,-5.455137,valid
5793,6,-3.002891,valid
5794,6,-0.9453609,valid
5795,6,-2.3081346,valid
5796,6,-5.260416,valid
5797,6,-3.521134,valid
5798,6,-2.8880074,valid
5799,6,-2.7445605,valid
5800,6,-1.3379282,valid
5801,6,-3.249699,valid
5802,6,-2.860364,valid
5803,6,-4.499292,valid
5804,6,-3.1088326,valid
5805,6,-2.5147748,valid
5806,6,-3.6506722,valid
5807,6,-5.132112,valid
5808,6,-3.5939612,valid
5809,6,-2.0754263,valid
5810,6,-2.7001648,valid
5811,6,-3.4803362,valid
5812,6,-3.369823,valid
5813,6,-6.8681846,valid
5814,6,-7.176691,valid
5815,6,-2.047288,valid
5816,6,0.35500687,valid
5817,6,-2.7692642,valid
5818,6,-2.2269588,valid
5819,6,-5.219891,valid
5820,6,-0.2556975,valid
5821,6,-4.635526,valid
5822,6,-5.2460313,valid
5823,6,-4.0904098,valid
5824,6,-5.9682536,valid
5825,6,-1.0359803,valid
5826,6,-4.856127,valid
5827,6,-0.623274,valid
5828,6,-3.6667776,valid
5829,6,-1.5398891,valid
5830,6,-2.988618,valid
5831,6,-3.9989934,valid
5832,6,-2.666004,valid
5833,6,-5.6041656,valid
5834,6,-5.0795584,valid
5835,6,-3.505136,valid
5836,6,-2.3852663,valid
5837,6,-4.259214,valid
5838,6,-3.7685313,valid
5839,6,-3.0182486,valid
5840,6,-4.708715,valid
5841,6,-3.9430237,valid
5842,6,-1.7254182,valid
5843,6,-1.0831512,valid
5844,6,-5.3085485,valid
5845,6,-5.39505,valid
5846,6,-0.460631,valid
5847,6,-2.9318123,valid
5848,6,0.21569403,valid
5849,6,-3.3365624,valid
5850,6,-0.7040495,valid
5851,6,-6.003015,valid
5852,6,-4.785884,valid
5853,6,-2.4336545,valid
5854,6,0.7647387,valid
5855,6,-4.652986,valid
5856,6,-2.6386545,valid
5857,6,-4.23818,valid
5858,6,-4.41631,valid
5859,6,-1.0918545,valid
5860,6,-2.6842935,valid
5861,6,-4.1715965,valid
5862,6,-5.273719,valid
5863,6,-5.181079,valid
5864,6,-2.161148,valid
5865,6,-4.9087934,valid
5866,6,-4.0001082,valid
5867,6,-1.9556831,valid
5868,6,-3.185312,valid
5869,6,-3.9672883,valid
5870,6,-8.491362,valid
5871,6,-6.423775,valid
5872,6,-4.021239,valid
5873,6,-2.8058093,valid
5874,6,-3.524003,valid
5875,6,-2.888007,valid
5876,6,-5.212416,valid
5877,6,-1.5561393,valid
5878,6,2.1326556,valid
5879,6,-5.379849,valid
5880,6,-6.679298,valid
5881,6,-3.9724655,valid
5882,6,-4.72401,valid
5883,6,-7.4785047,valid
5884,6,-3.1397681,valid
5885,6,-0.78721416,valid
5886,6,-3.1300945,valid
5887,6,-5.0653334,valid
5888,6,-7.4785047,valid
5889,6,-2.5458255,valid
5890,6,-1.4818939,valid
5891,6,-4.5464954,valid
5892,6,-3.787511,valid
5893,6,-1.1650039,valid
5894,6,-2.4180381,valid
5895,6,-3.4943237,valid
5896,6,-3.3601582,valid
5897,6,-1.8335015,valid
5898,6,-4.875915,valid
5899,6,-5.2334237,valid
5900,6,-4.014429,valid
5901,6,-4.4099584,valid
5902,6,-5.3560076,valid
5903,6,-3.2586007,valid
5904,6,-4.163483,valid
5905,6,-0.60426646,valid
5906,6,-5.0737243,valid
5907,6,-3.8938727,valid
5908,6,0.46947867,valid
5909,6,-1.2007457,valid
5910,6,-0.83557755,valid
5911,6,-2.0809495,valid
5912,6,-6.985109,valid
5913,6,-2.912761,valid
5914,6,-7.893011,valid
5915,6,-0.81129616,valid
5916,6,-2.8724349,valid
5917,6,-1.0834769,valid
5918,6,-3.860654,valid
5919,6,-2.386457,valid
5920,6,-3.7806828,valid
5921,6,-3.7701533,valid
5922,6,0.09698469,valid
5923,6,-3.639657,valid
5924,6,-1.9318745,valid
5925,6,-3.2368402,valid
5926,6,-3.801899,valid
5927,6,-2.0435698,valid
5928,6,-3.1681864,valid
5929,6,-7.2571034,valid
5930,6,-7.4279804,valid
5931,6,-3.5785427,valid
5932,6,-2.9137099,valid
5933,6,-4.587799,valid
5934,6,-1.9720556,valid
5935,6,-4.494156,valid
5936,6,-3.772633,valid
5937,6,-3.6586785,valid
5938,6,-1.3379279,valid
5939,6,-3.1885593,valid
5940,6,-2.6733022,valid
5941,6,-7.0008388,valid
5942,6,-6.309776,valid
5943,6,-3.212882,valid
5944,6,-1.4580934,valid
5945,6,-6.6509194,valid
5946,6,-3.796368,valid
5947,6,-0.69316536,valid
5948,6,0.89577,valid
5949,6,-2.1964297,valid
5950,6,-4.043353,valid
5951,6,-4.040065,valid
5952,6,-1.8382878,valid
5953,6,-1.0801406,valid
5954,6,-1.0275656,valid
5955,6,-3.8232555,valid
5956,6,-8.217193,valid
5957,6,-4.2354894,valid
5958,6,-3.6648989,valid
5959,6,-3.7440157,valid
5960,6,-3.251251,valid
5961,6,-4.308782,valid
5962,6,-5.104914,valid
5963,6,-4.862331,valid
5964,6,-2.6910038,valid
5965,6,-4.9838624,valid
5966,6,-5.3414793,valid
5967,6,-4.2927074,valid
5968,6,-3.2009518,valid
5969,6,-2.5095289,valid
5970,6,-3.4984083,valid
5971,6,-2.684547,valid
5972,6,-5.0626664,valid
5973,6,1.3155705,valid
5974,6,-4.6320157,valid
5975,6,-0.16431366,valid
5976,6,-5.061781,valid
5977,6,-4.19294,valid
5978,6,-0.055065706,valid
5979,6,-4.3838315,valid
5980,6,-8.493775,valid
5981,6,-3.5430655,valid
5982,6,-3.705049,valid
5983,6,-3.699123,valid
5984,6,-0.60969096,valid
5985,6,-0.7234247,valid
5986,6,-4.1078134,valid
5987,6,-2.3248746,valid
5988,7,-2.690875,valid
5989,7,-1.5470359,valid
5990,7,-5.0635786,valid
5991,7,-3.878462,valid
5992,7,-4.485292,valid
5993,7,-5.0335608,valid
5994,7,-2.6249743,valid
5995,7,-4.461314,valid
5996,7,-2.4364724,valid
5997,7,-4.484623,valid
5998,7,-3.8227966,valid
5999,7,-5.32073,valid
6000,7,-3.1836534,valid
6001,7,-4.0456476,valid
6002,7,-2.1922297,valid
6003,7,-4.064785,valid
6004,7,-3.0236456,valid
6005,7,1.8000822,valid
6006,7,-3.2443295,valid
6007,7,-4.215253,valid
6008,7,1.1464058,valid
6009,7,0.18732668,valid
6010,7,-5.119648,valid
6011,7,-2.146963,valid
6012,7,-2.8700814,valid
6013,7,-1.660374,valid
6014,7,-3.0068846,valid
6015,7,-1.9279926,valid
6016,7,-2.6273243,valid
6017,7,-2.8240666,valid
6018,7,-0.9820426,valid
6019,7,-0.24453847,valid
6020,7,-4.13466,valid
6021,7,-1.0816762,valid
6022,7,-2.6676154,valid
6023,7,-8.532492,valid
6024,7,-2.6976223,valid
6025,7,-2.289995,valid
6026,7,-5.769373,valid
6027,7,-2.29879,valid
6028,7,-4.798657,valid
6029,7,0.007534459,valid
6030,7,-2.683543,valid
6031,7,0.3566404,valid
6032,7,-6.6203194,valid
6033,7,-4.853918,valid
6034,7,-2.898091,valid
6035,7,0.853269,valid
6036,7,-3.0236454,valid
6037,7,-7.854365,valid
6038,7,-2.9761753,valid
6039,7,-1.1717541,valid
6040,7,-3.2306077,valid
6041,7,-2.310078,valid
6042,7,-3.8148491,valid
6043,7,-6.514358,valid
6044,7,-4.239552,valid
6045,7,-5.1114645,valid
6046,7,0.70312494,valid
6047,7,-2.5143797,valid
6048,7,-1.517142,valid
6049,7,-5.9181004,valid
6050,7,-4.2228384,valid
6051,7,-3.1467583,valid
6052,7,-1.3995652,valid
6053,7,-3.301822,valid
6054,7,-4.0085907,valid
6055,7,-4.6881347,valid
6056,7,-3.281706,valid
6057,7,-2.8612056,valid
6058,7,-0.47040832,valid
6059,7,-5.5185504,valid
6060,7,-2.2178745,valid
6061,7,0.12797016,valid
6062,7,-3.7280393,valid
6063,7,-3.507185,valid
6064,7,-4.755825,valid
6065,7,-0.8502521,valid
6066,7,-3.5277061,valid
6067,7,-2.532021,valid
6068,7,-3.782531,valid
6069,7,-1.0750047,valid
6070,7,-4.1268773,valid
6071,7,-5.705457,valid
6072,7,-3.8532166,valid
6073,7,-0.4110417,valid
6074,7,-6.532309,valid
6075,7,-2.8693762,valid
6076,7,-3.1616917,valid
6077,7,-3.8915725,valid
6078,7,-2.3177838,valid
6079,7,-5.302811,valid
6080,7,-3.1822104,valid
6081,7,-4.073182,valid
6082,7,-1.5761464,valid
6083,7,-1.8824669,valid
6084,7,-6.5098133,valid
6085,7,-3.0866137,valid
6086,7,0.9791221,valid
6087,7,-3.2004972,valid
6088,7,-0.15209045,valid
6089,7,-0.7424526,valid
6090,7,-4.051769,valid
6091,7,-3.7786145,valid
6092,7,-5.167433,valid
6093,7,-2.8574803,valid
6094,7,-4.003487,valid
6095,7,-0.29137614,valid
6096,7,-3.5596156,valid
6097,7,-7.739463,valid
6098,7,-3.3731544,valid
6099,7,-3.5116744,valid
6100,7,1.262377,valid
6101,7,-2.880693,valid
6102,7,-3.6591206,valid
6103,7,-2.879618,valid
6104,7,-1.0400327,valid
6105,7,-1.575227,valid
6106,7,0.45403528,valid
6107,7,1.0369868,valid
6108,7,0.2691778,valid
6109,7,-2.5969539,valid
6110,7,1.1528265,valid
6111,7,-7.1040907,valid
6112,7,-5.6419954,valid
6113,7,0.90797585,valid
6114,7,-4.8969984,valid
6115,7,-3.577145,valid
6116,7,-3.444662,valid
6117,7,-1.8987389,valid
6118,7,-1.7087168,valid
6119,7,-6.03923,valid
6120,7,-5.700216,valid
6121,7,-3.3323367,valid
6122,7,-3.0720053,valid
6123,7,-3.558601,valid
6124,7,1.8178132,valid
6125,7,-3.7578213,valid
6126,7,0.20068626,valid
6127,7,-2.7136765,valid
6128,7,-1.9005959,valid
6129,7,-5.062702,valid
6130,7,0.5095565,valid
6131,7,-6.1658554,valid
6132,7,-2.8360143,valid
6133,7,0.48759627,valid
6134,7,-5.999345,valid
6135,7,-5.7786446,valid
6136,7,-2.7734723,valid
6137,7,-0.81321996,valid
6138,7,-4.0578203,valid
6139,7,-1.2648721,valid
6140,7,-4.655242,valid
6141,7,-3.568808,valid
6142,7,-0.5841886,valid
6143,7,-3.119089,valid
6144,7,0.3281581,valid
6145,7,-0.874257,valid
6146,7,-2.372496,valid
6147,7,-6.7299733,valid
6148,7,-3.0236456,valid
6149,7,-1.5941831,valid
6150,7,-2.578808,valid
6151,7,-3.0220723,valid
6152,7,-2.1396816,valid
6153,7,-0.5363127,valid
6154,7,0.5685237,valid
6155,7,-1.7158562,valid
6156,7,-3.466512,valid
6157,7,-6.103352,valid
6158,7,-2.9290862,valid
6159,7,-5.265994,valid
6160,7,-5.1515646,valid
6161,7,-2.788173,valid
6162,7,-6.1622567,valid
6163,7,-4.23869,valid
6164,7,-3.8609598,valid
6165,7,-5.2401724,valid
6166,7,-5.4307594,valid
6167,7,-3.536108,valid
6168,7,-3.0435152,valid
6169,7,-2.7060735,valid
6170,7,-4.4487634,valid
6171,7,-2.597471,valid
6172,7,0.8676742,valid
6173,7,-2.6814706,valid
6174,7,-3.5114515,valid
6175,7,-5.0051003,valid
6176,7,-2.3857522,valid
6177,7,-4.3883104,valid
6178,7,-3.4701018,valid
6179,7,-2.3851335,valid
6180,7,-7.3547325,valid
6181,7,-5.015133,valid
6182,7,-5.8775954,valid
6183,7,0.3293872,valid
6184,7,-5.1844363,valid
6185,7,0.39257306,valid
6186,7,-3.3518972,valid
6187,7,-3.639711,valid
6188,7,-1.6990659,valid
6189,7,-3.886411,valid
6190,7,-4.4166427,valid
6191,7,-0.49579072,valid
6192,7,-7.0177717,valid
6193,7,-2.6163154,valid
6194,7,-4.5535374,valid
6195,7,-2.7674947,valid
6196,7,-4.848145,valid
6197,7,-3.0904503,valid
6198,7,-3.2080026,valid
6199,7,-3.520968,valid
6200,7,-4.663811,valid
6201,7,-4.5332193,valid
6202,7,-4.677437,valid
6203,7,-0.09042271,valid
6204,7,-3.101376,valid
6205,7,-2.5134583,valid
6206,7,-3.6197824,valid
6207,7,1.3698344,valid
6208,7,-4.7995186,valid
6209,7,-3.6459222,valid
6210,7,-0.16361764,valid
6211,7,-6.092259,valid
6212,7,-2.127922,valid
6213,7,-3.0236454,valid
6214,7,-3.7828026,valid
6215,7,-2.5343149,valid
6216,7,-2.669959,valid
6217,7,-0.58718497,valid
6218,7,-2.7342296,valid
6219,7,-3.928776,valid
6220,7,-3.734338,valid
6221,7,-1.5382102,valid
6222,7,-5.9095716,valid
6223,7,-4.540701,valid
6224,7,-2.8629005,valid
6225,7,0.20786797,valid
6226,7,-3.663485,valid
6227,7,-3.5182142,valid
6228,7,-5.381159,valid
6229,7,-1.946893,valid
6230,7,-2.479288,valid
6231,7,-3.6242926,valid
6232,7,-2.6962018,valid
6233,7,-3.4988532,valid
6234,7,-3.0225534,valid
6235,7,-5.1976404,valid
6236,7,-4.43581,valid
6237,7,-2.7954736,valid
6238,7,-7.9397416,valid
6239,7,-2.8226662,valid
6240,7,-0.61857873,valid
6241,7,-0.52272093,valid
6242,7,-5.7040496,valid
6243,7,-1.9544874,valid
6244,7,-3.3227274,valid
6245,7,-4.1796894,valid
6246,7,-2.8537326,valid
6247,7,-4.0862865,valid
6248,7,-3.0264668,valid
6249,7,-2.2569323,valid
6250,7,-2.1463685,valid
6251,7,-3.7956474,valid
6252,7,-3.837976,valid
6253,7,1.823566,valid
6254,7,-3.350714,valid
6255,7,0.5262086,valid
6256,7,-6.404146,valid
6257,7,-6.0623803,valid
6258,7,-3.427936,valid
6259,7,-4.728942,valid
6260,7,0.2620093,valid
6261,7,-1.0807314,valid
6262,7,-4.8033423,valid
6263,7,-6.5927796,valid
6264,7,-2.987658,valid
6265,7,-3.3224933,valid
6266,7,-5.360029,valid
6267,7,-4.8971267,valid
6268,7,-5.446683,valid
6269,7,1.3928111,valid
6270,7,-0.8682087,valid
6271,7,-6.1649055,valid
6272,7,-0.10904536,valid
6273,7,0.3010138,valid
6274,7,-3.9139817,valid
6275,7,-3.0355134,valid
6276,7,-4.519665,valid
6277,7,-0.55320466,valid
6278,7,-4.981841,valid
6279,7,-4.3012342,valid
6280,7,-2.9720125,valid
6281,7,1.6354829,valid
6282,7,-6.1896706,valid
6283,7,-4.9478073,valid
6284,7,-4.5866466,valid
6285,7,-4.726266,valid
6286,7,0.011877428,valid
6287,7,-4.615966,valid
6288,7,-4.0861635,valid
6289,7,-5.226041,valid
6290,7,-1.511973,valid
6291,7,-4.678824,valid
6292,7,-0.6150567,valid
6293,7,-2.0251365,valid
6294,7,-2.1328516,valid
6295,7,-3.2824557,valid
6296,7,-6.3087764,valid
6297,7,-7.1315665,valid
6298,7,-2.700348,valid
6299,7,-2.5933194,valid
6300,7,-2.7876668,valid
6301,7,-3.2781782,valid
6302,7,-4.4028425,valid
6303,7,-5.671785,valid
6304,7,-6.901538,valid
6305,7,-5.1720543,valid
6306,7,-1.6879675,valid
6307,7,-4.469826,valid
6308,7,-3.077075,valid
6309,7,-8.605696,valid
6310,7,-3.457878,valid
6311,7,-6.1518183,valid
6312,7,-0.84521264,valid
6313,7,-2.0101135,valid
6314,7,-7.2561445,valid
6315,7,-2.6479282,valid
6316,7,-5.4069014,valid
6317,7,-4.922333,valid
6318,7,-5.004747,valid
6319,7,-1.9276558,valid
6320,7,-3.0236454,valid
6321,7,-3.749827,valid
6322,7,-3.6365802,valid
6323,7,0.22846009,valid
6324,7,-3.4453757,valid
6325,7,-3.1030567,valid
6326,7,-1.809061,valid
6327,7,-3.1402037,valid
6328,7,-1.594481,valid
6329,7,-4.5177655,valid
6330,7,-4.282858,valid
6331,7,-8.137649,valid
6332,7,-4.244362,valid
6333,7,-1.7975392,valid
6334,7,-6.6293874,valid
6335,7,-3.348241,valid
6336,7,-2.9137757,valid
6337,7,-4.859839,valid
6338,7,-3.1476345,valid
6339,7,-4.8471003,valid
6340,7,-5.399407,valid
6341,7,-3.5437043,valid
6342,7,-2.8877232,valid
6343,7,-1.4649879,valid
6344,7,0.8049901,valid
6345,7,-2.8999324,valid
6346,7,-4.253337,valid
6347,7,-0.9506556,valid
6348,7,-1.0524698,valid
6349,7,-4.23869,valid
6350,7,-0.94644946,valid
6351,7,-3.0236454,valid
6352,7,-2.9335537,valid
6353,7,-1.457845,valid
6354,7,-0.36702764,valid
6355,7,0.70733684,valid
6356,7,-2.677525,valid
6357,7,-7.3526306,valid
6358,7,-1.5600078,valid
6359,7,-3.7835257,valid
6360,7,-4.1859355,valid
6361,7,-9.166792,valid
6362,7,-8.900185,valid
6363,7,-2.282916,valid
6364,7,-5.350326,valid
6365,7,-1.8574564,valid
6366,7,-3.1904223,valid
6367,7,-0.0410883,valid
6368,7,-3.752183,valid
6369,7,-6.1185513,valid
6370,7,-0.39315405,valid
6371,7,-3.9628007,valid
6372,7,-1.450758,valid
6373,7,-4.9954925,valid
6374,7,-3.892421,valid
6375,7,-10.661482,valid
6376,7,-2.9654124,valid
6377,7,-5.7466874,valid
6378,7,-2.881012,valid
6379,7,-5.39474,valid
6380,7,-0.6028829,valid
6381,7,-3.3656414,valid
6382,7,-0.089862786,valid
6383,7,-3.897956,valid
6384,7,-2.6015706,valid
6385,7,-1.6977355,valid
6386,7,-2.5343704,valid
6387,7,-6.016744,valid
6388,7,-2.3517623,valid
6389,7,-4.2036586,valid
6390,7,-2.8050437,valid
6391,7,-2.9579244,valid
6392,7,-4.1046,valid
6393,7,0.35392195,valid
6394,7,-5.333936,valid
6395,7,-5.5310173,valid
6396,7,-4.986162,valid
6397,7,-0.59723526,valid
6398,7,-0.54758114,valid
6399,7,-1.1000369,valid
6400,7,-2.6544516,valid
6401,7,-2.0475867,valid
6402,7,-1.5327561,valid
6403,7,-2.506212,valid
6404,7,-1.7874256,valid
6405,7,-3.5571463,valid
6406,7,0.20593785,valid
6407,7,-2.1916606,valid
6408,7,-3.0236454,valid
6409,7,-2.097447,valid
6410,7,-0.37453434,valid
6411,7,-2.715281,valid
6412,7,-4.7629933,valid
6413,7,-4.312439,valid
6414,7,-2.7982028,valid
6415,7,-3.8646028,valid
6416,7,-3.7658927,valid
6417,7,-1.9465876,valid
6418,7,-2.2402096,valid
6419,7,-1.8980157,valid
6420,7,-1.5566933,valid
6421,7,-5.066207,valid
6422,7,-6.211446,valid
6423,7,-4.619278,valid
6424,7,-4.3550224,valid
6425,7,-5.322848,valid
6426,7,-3.0236454,valid
6427,7,-4.316676,valid
6428,7,-6.7112665,valid
6429,7,-3.8981812,valid
6430,7,-4.1192865,valid
6431,7,0.9371664,valid
6432,7,-0.31896955,valid
6433,7,-6.718307,valid
6434,7,-0.21822672,valid
6435,7,-8.120504,valid
6436,7,-4.609647,valid
6437,7,-2.2542348,valid
6438,7,-1.8314283,valid
6439,7,-6.099394,valid
6440,7,-4.5201654,valid
6441,7,0.03251889,valid
6442,7,-3.9765835,valid
6443,7,2.509428,valid
6444,7,-1.6305444,valid
6445,7,-3.473857,valid
6446,7,-3.3974211,valid
6447,7,-5.00303,valid
6448,7,-0.027884517,valid
6449,7,-4.530078,valid
6450,7,-3.3830829,valid
6451,7,-2.6211543,valid
6452,7,-3.7862318,valid
6453,7,-3.6553648,valid
6454,7,-2.056841,valid
6455,7,-1.036175,valid
6456,7,-2.5797427,valid
6457,7,-3.8823268,valid
6458,7,-5.176224,valid
6459,7,-5.5765615,valid
6460,7,-2.9554315,valid
6461,7,-1.1698253,valid
6462,7,-4.205743,valid
6463,7,-4.6038904,valid
6464,7,-4.4422026,valid
6465,7,-7.104622,valid
6466,7,-2.0518742,valid
6467,7,-3.2626078,valid
6468,7,-3.200397,valid
6469,7,-2.7309866,valid
6470,7,-1.610809,valid
6471,7,-2.9316578,valid
6472,7,-4.2965536,valid
6473,7,-2.706332,valid
6474,7,-3.8293154,valid
6475,7,-5.3168297,valid
6476,7,-2.403905,valid
6477,7,-2.5245278,valid
6478,7,-0.6627038,valid
6479,7,-4.4422197,valid
6480,7,-4.9532385,valid
6481,7,-2.7345436,valid
6482,7,-3.7254064,valid
6483,7,-2.6490555,valid
6484,7,-3.0299113,valid
6485,7,-4.4248743,valid
6486,7,-6.428417,valid
6487,7,0.09836123,valid
6488,7,-4.261795,valid
6489,7,-2.4714599,valid
6490,7,-2.0724597,valid
6491,7,-1.787781,valid
6492,7,-4.0402718,valid
6493,7,-2.6621826,valid
6494,7,0.47173154,valid
6495,7,-1.3225784,valid
6496,7,-4.7826085,valid
6497,7,-5.574458,valid
6498,7,-2.8417857,valid
6499,7,-4.1415095,valid
6500,7,-5.751725,valid
6501,7,-1.069253,valid
6502,7,-5.3221645,valid
6503,7,-5.276023,valid
6504,7,-4.2274327,valid
6505,7,-5.950398,valid
6506,7,-1.2259617,valid
6507,7,-0.4983344,valid
6508,7,-2.8962126,valid
6509,7,-4.6253734,valid
6510,7,-4.7884464,valid
6511,7,-3.7300718,valid
6512,7,-3.7386727,valid
6513,7,-2.9555004,valid
6514,7,-3.1358724,valid
6515,7,-1.8300004,valid
6516,7,-2.2443197,valid
6517,7,-2.569781,valid
6518,7,-2.097265,valid
6519,7,-0.7643107,valid
6520,7,-5.730448,valid
6521,7,-2.4395058,valid
6522,7,-3.8703587,valid
6523,7,-2.6558218,valid
6524,7,-0.2095939,valid
6525,7,-2.2241616,valid
6526,7,-3.4421887,valid
6527,7,-2.563054,valid
6528,7,-5.673047,valid
6529,7,-1.9818894,valid
6530,7,-3.0336797,valid
6531,7,0.3077999,valid
6532,7,-3.7913656,valid
6533,7,1.4052557,valid
6534,7,-1.3436239,valid
6535,7,-4.5362844,valid
6536,7,-5.94175,valid
6537,7,-5.272152,valid
6538,7,-1.5596397,valid
6539,7,-4.3860564,valid
6540,7,-2.6516657,valid
6541,7,-2.818872,valid
6542,7,-1.7730905,valid
6543,7,-2.6684108,valid
6544,7,-1.6180058,valid
6545,7,1.819515,valid
6546,7,-4.5644956,valid
6547,7,-3.1977198,valid
6548,7,-4.2623043,valid
6549,7,-1.7462132,valid
6550,7,0.53645116,valid
6551,7,-7.4427357,valid
6552,7,-3.1272182,valid
6553,7,-4.0377173,valid
6554,7,-1.8606634,valid
6555,7,-4.198781,valid
6556,7,-0.9206032,valid
6557,7,3.1012096,valid
6558,7,0.086969435,valid
6559,7,0.114761144,valid
6560,7,-3.3321223,valid
6561,7,1.1164169,valid
6562,7,-4.616026,valid
6563,7,-1.4011517,valid
6564,7,-6.467202,valid
6565,7,-2.6520798,valid
6566,7,-0.70564914,valid
6567,7,-4.619584,valid
6568,7,0.40803286,valid
6569,7,-0.4400634,valid
6570,7,-0.40995175,valid
6571,7,-1.6727715,valid
6572,7,-2.2263904,valid
6573,7,-4.28603,valid
6574,7,-3.2768111,valid
6575,7,-5.226629,valid
6576,7,-3.1794612,valid
6577,7,-5.5659103,valid
6578,7,-3.3137207,valid
6579,7,-3.0284762,valid
6580,7,-1.8160394,valid
6581,7,0.11046527,valid
6582,7,-4.172715,valid
6583,7,-2.0352585,valid
6584,7,1.470458,valid
6585,7,-3.915758,valid
6586,7,-1.233612,valid
6587,7,-2.1523418,valid
6588,7,-2.4736814,valid
6589,7,-4.9471216,valid
6590,7,0.5333916,valid
6591,7,0.5685237,valid
6592,7,-5.736691,valid
6593,7,-4.139662,valid
6594,7,-2.216311,valid
6595,7,-8.933128,valid
6596,7,-4.84554,valid
6597,7,-2.5875366,valid
6598,7,-4.3086996,valid
6599,7,-4.2367845,valid
6600,7,-3.4843123,valid
6601,7,-4.8611097,valid
6602,7,-3.9858139,valid
6603,7,-1.9368052,valid
6604,7,-4.450692,valid
6605,7,-3.5087714,valid
6606,7,-2.7322094,valid
6607,7,-5.7723,valid
6608,7,-5.787781,valid
6609,7,-3.939726,valid
6610,7,-3.8177872,valid
6611,7,-1.6484257,valid
6612,7,-3.1144066,valid
6613,7,-0.29783034,valid
6614,7,-4.9708004,valid
6615,7,-5.2040005,valid
6616,7,-2.4180195,valid
6617,7,-3.463442,valid
6618,7,-3.592667,valid
6619,7,-4.444148,valid
6620,7,-3.6341584,valid
6621,7,-5.380613,valid
6622,7,-3.0099154,valid
6623,7,-3.2418432,valid
6624,7,0.7416607,valid
6625,7,-0.7219886,valid
6626,7,-3.2522333,valid
6627,7,-1.4206784,valid
6628,7,-1.0645998,valid
6629,7,-4.3468895,valid
6630,7,-2.4702306,valid
6631,7,-0.87154263,valid
6632,7,-2.5343146,valid
6633,7,-5.1338205,valid
6634,7,-3.9998145,valid
6635,7,-4.0142336,valid
6636,7,-2.710208,valid
6637,7,-0.47101432,valid
6638,7,-3.050132,valid
6639,7,-3.868025,valid
6640,7,-5.1510844,valid
6641,7,-4.393526,valid
6642,7,-5.6565523,valid
6643,7,-4.63941,valid
6644,7,-1.6849122,valid
6645,7,-0.14313722,valid
6646,7,-3.3339186,valid
6647,7,-3.406456,valid
6648,7,-3.9240663,valid
6649,7,-5.4513927,valid
6650,7,-4.838004,valid
6651,7,-5.9304166,valid
6652,7,-3.9225926,valid
6653,7,-4.173314,valid
6654,7,-1.0114267,valid
6655,7,-2.9907947,valid
6656,7,-2.5366309,valid
6657,7,-5.789855,valid
6658,7,-6.2793827,valid
6659,7,-6.7366114,valid
6660,7,-2.1958935,valid
6661,7,-0.44616094,valid
6662,7,-2.6131225,valid
6663,7,-0.79992723,valid
6664,7,-6.5499287,valid
6665,7,-6.432941,valid
6666,7,0.19778763,valid
6667,7,-1.6499801,valid
6668,7,-5.1329284,valid
6669,7,-1.7946342,valid
6670,7,-6.6933403,valid
6671,7,-1.3207023,valid
6672,7,1.1642299,valid
6673,7,-4.48177,valid
6674,7,-1.1858546,valid
6675,7,-5.925218,valid
6676,7,-7.833255,valid
6677,7,-2.2602298,valid
6678,7,-3.7063491,valid
6679,7,-4.2833614,valid
6680,7,-2.3812253,valid
6681,7,-5.5227594,valid
6682,7,-4.596296,valid
6683,7,-5.933134,valid
6684,7,-2.1606312,valid
6685,7,-4.5697427,valid
6686,7,-4.512622,valid
6687,7,-2.695382,valid
6688,7,-4.3076057,valid
6689,7,-3.2976074,valid
6690,7,-2.6759515,valid
6691,7,-3.6520298,valid
6692,7,-1.3847458,valid
6693,7,-6.97056,valid
6694,7,-1.247941,valid
6695,7,-2.9485724,valid
6696,7,-2.6922953,valid
6697,7,-4.6978927,valid
6698,7,-3.0890121,valid
6699,7,-5.036189,valid
6700,7,-4.8739758,valid
6701,7,-3.1981313,valid
6702,7,-1.9223571,valid
6703,7,-1.792656,valid
6704,7,-4.1806507,valid
6705,7,1.3585384,valid
6706,7,-6.130713,valid
6707,7,-5.0633345,valid
6708,7,-7.5729914,valid
6709,7,-3.6041038,valid
6710,7,-1.9169086,valid
6711,7,-3.793351,valid
6712,7,-4.690184,valid
6713,7,-3.2825308,valid
6714,7,-0.8402628,valid
6715,7,-2.5270154,valid
6716,7,-5.503317,valid
6717,7,-2.7420573,valid
6718,7,-0.43102264,valid
6719,7,-0.9206032,valid
6720,7,-0.13492711,valid
6721,7,-4.839359,valid
6722,7,-2.7507403,valid
6723,7,-2.2054377,valid
6724,7,-3.6502297,valid
6725,7,-1.7096845,valid
6726,7,-3.9905062,valid
6727,7,-4.316996,valid
6728,7,-4.734859,valid
6729,7,-3.1862416,valid
6730,7,-4.158843,valid
6731,7,-4.9923725,valid
6732,7,-5.2068615,valid
6733,7,-4.5044837,valid
6734,7,-1.0280985,valid
6735,7,-5.0108485,valid
6736,7,0.7636483,valid
6737,7,-1.9513165,valid
6738,7,-5.422627,valid
6739,7,-4.912293,valid
6740,7,-3.0724053,valid
6741,7,0.0393597,valid
6742,7,-7.5398865,valid
6743,7,-6.424406,valid
6744,7,-2.4509583,valid
6745,7,-2.2220013,valid
6746,7,-5.4998984,valid
6747,7,-1.7417339,valid
6748,7,-0.22401229,valid
6749,7,-5.5390096,valid
6750,7,-3.5314584,valid
6751,7,-6.050523,valid
6752,7,-3.0814958,valid
6753,7,-2.9813602,valid
6754,7,-3.7237983,valid
6755,7,0.66207606,valid
6756,7,-3.0828934,valid
6757,7,-2.93784,valid
6758,7,-1.0726217,valid
6759,7,-1.5687652,valid
6760,7,-0.45827425,valid
6761,7,-5.0673633,valid
6762,7,-4.4462137,valid
6763,7,-0.755368,valid
6764,7,-3.8984067,valid
6765,7,-4.342777,valid
6766,7,-2.6601908,valid
6767,7,-3.968485,valid
6768,7,-1.6973757,valid
6769,7,-0.20995356,valid
6770,7,0.22564715,valid
6771,7,-1.4901114,valid
6772,7,-1.5636624,valid
6773,7,-3.8812015,valid
6774,7,-1.0863739,valid
6775,7,-5.4899416,valid
6776,7,-4.3011627,valid
6777,7,-2.84718,valid
6778,7,-6.4241667,valid
6779,7,-5.9879417,valid
6780,7,-2.0470967,valid
6781,7,-4.262866,valid
6782,7,-4.6196322,valid
6783,7,-5.06384,valid
6784,7,-3.8091154,valid
6785,7,-4.880291,valid
6786,7,1.3543811,valid
6787,7,0.92697173,valid
6788,7,-4.415778,valid
6789,7,-5.4415283,valid
6790,7,-5.6281223,valid
6791,7,-3.2069864,valid
6792,7,-1.835699,valid
6793,7,-2.690806,valid
6794,7,-5.6575813,valid
6795,7,-2.535668,valid
6796,7,-3.1295729,valid
6797,7,-2.5735197,valid
6798,7,-1.6602051,valid
6799,7,-2.7475796,valid
6800,7,-3.0085955,valid
6801,7,-4.6964774,valid
6802,7,-3.4623246,valid
6803,7,-2.6883874,valid
6804,7,-4.030221,valid
6805,7,-5.258674,valid
6806,7,-4.163396,valid
6807,7,-2.2676418,valid
6808,7,-3.3065999,valid
6809,7,-3.7570107,valid
6810,7,-3.3016493,valid
6811,7,-7.1997805,valid
6812,7,-6.7234106,valid
6813,7,-1.4335194,valid
6814,7,0.036054283,valid
6815,7,-2.4921932,valid
6816,7,-2.6248083,valid
6817,7,-5.3823023,valid
6818,7,-0.4501434,valid
6819,7,-4.511865,valid
6820,7,-5.0979223,valid
6821,7,-3.9887235,valid
6822,7,-5.823809,valid
6823,7,-2.0445828,valid
6824,7,-5.0085697,valid
6825,7,-0.39474198,valid
6826,7,-3.3835478,valid
6827,7,-0.19137636,valid
6828,7,-2.9853945,valid
6829,7,-4.3394594,valid
6830,7,-3.7134936,valid
6831,7,-5.703807,valid
6832,7,-4.769472,valid
6833,7,-3.873849,valid
6834,7,-2.8700824,valid
6835,7,-3.5020823,valid
6836,7,-3.7836316,valid
6837,7,-3.4675264,valid
6838,7,-5.22186,valid
6839,7,-4.1519446,valid
6840,7,-2.2005765,valid
6841,7,-0.9191311,valid
6842,7,-5.4270825,valid
6843,7,-4.9981027,valid
6844,7,0.04452803,valid
6845,7,-3.0997446,valid
6846,7,-0.3653169,valid
6847,7,-3.2261076,valid
6848,7,-0.7430217,valid
6849,7,-6.4600606,valid
6850,7,-4.8660994,valid
6851,7,-3.1239119,valid
6852,7,1.7719333,valid
6853,7,-5.0940723,valid
6854,7,-2.9026299,valid
6855,7,-4.758883,valid
6856,7,-4.5750923,valid
6857,7,-1.3010716,valid
6858,7,-1.6564022,valid
6859,7,-4.0086927,valid
6860,7,-5.1175685,valid
6861,7,-5.5141864,valid
6862,7,-1.2363571,valid
6863,7,-5.152771,valid
6864,7,-4.2014823,valid
6865,7,-2.0724597,valid
6866,7,-3.5813718,valid
6867,7,-4.1014514,valid
6868,7,-8.55965,valid
6869,7,-6.6872883,valid
6870,7,-4.485059,valid
6871,7,-3.518599,valid
6872,7,-3.2941222,valid
6873,7,-3.1295726,valid
6874,7,-5.293437,valid
6875,7,-1.714108,valid
6876,7,2.2737389,valid
6877,7,-5.332064,valid
6878,7,-6.301478,valid
6879,7,-4.2500305,valid
6880,7,-4.881528,valid
6881,7,-7.8789067,valid
6882,7,-3.4969792,valid
6883,7,-1.201735,valid
6884,7,-2.651929,valid
6885,7,-5.345349,valid
6886,7,-7.8789062,valid
6887,7,-2.497601,valid
6888,7,-1.5046484,valid
6889,7,-4.5474772,valid
6890,7,-4.206147,valid
6891,7,-0.7030571,valid
6892,7,-2.7681007,valid
6893,7,-3.9251478,valid
6894,7,-3.8036113,valid
6895,7,-2.4581773,valid
6896,7,-5.0865936,valid
6897,7,-6.1425815,valid
6898,7,-3.4855437,valid
6899,7,-4.7265306,valid
6900,7,-5.3993816,valid
6901,7,-3.5154757,valid
6902,7,-3.9684854,valid
6903,7,1.5733519,valid
6904,7,-5.4754057,valid
6905,7,-4.3597937,valid
6906,7,-0.15519658,valid
6907,7,-1.5077078,valid
6908,7,-0.99304,valid
6909,7,-2.2196906,valid
6910,7,-7.1529884,valid
6911,7,-2.770825,valid
6912,7,-7.9389825,valid
6913,7,-0.9467036,valid
6914,7,-3.441911,valid
6915,7,-1.3049879,valid
6916,7,-3.0236454,valid
6917,7,-1.937834,valid
6918,7,-4.003143,valid
6919,7,-3.9377463,valid
6920,7,-0.21880238,valid
6921,7,-3.827389,valid
6922,7,-1.8202056,valid
6923,7,-2.640626,valid
6924,7,-4.1962814,valid
6925,7,-1.4281327,valid
6926,7,-3.4281626,valid
6927,7,-7.322666,valid
6928,7,-7.5944495,valid
6929,7,-2.4703083,valid
6930,7,-3.2002444,valid
6931,7,-5.003376,valid
6932,7,-2.3153362,valid
6933,7,-4.833203,valid
6934,7,-4.095744,valid
6935,7,-3.454824,valid
6936,7,-1.660205,valid
6937,7,-2.857884,valid
6938,7,-3.259109,valid
6939,7,-7.163157,valid
6940,7,-5.841405,valid
6941,7,-2.480351,valid
6942,7,-2.2180734,valid
6943,7,-7.110952,valid
6944,7,-3.3754673,valid
6945,7,-0.96126527,valid
6946,7,0.72001344,valid
6947,7,-1.8838795,valid
6948,7,-4.5001745,valid
6949,7,-4.3606777,valid
6950,7,-1.8345014,valid
6951,7,-1.2514527,valid
6952,7,-1.1764216,valid
6953,7,-3.8458674,valid
6954,7,-8.258958,valid
6955,7,-4.5787754,valid
6956,7,-3.600253,valid
6957,7,-3.8604667,valid
6958,7,-3.5492134,valid
6959,7,-4.1535797,valid
6960,7,-5.150573,valid
6961,7,-4.3584185,valid
6962,7,-3.0395732,valid
6963,7,-5.4065948,valid
6964,7,-5.393156,valid
6965,7,-4.204705,valid
6966,7,-3.097947,valid
6967,7,-3.117526,valid
6968,7,-3.9812386,valid
6969,7,-3.1658983,valid
6970,7,-4.6253734,valid
6971,7,1.2786489,valid
6972,7,-5.2294974,valid
6973,7,-0.26009697,valid
6974,7,-5.42949,valid
6975,7,-3.9657636,valid
6976,7,-0.04361925,valid
6977,7,-4.8390436,valid
6978,7,-8.4561405,valid
6979,7,-3.6108181,valid
6980,7,-3.804989,valid
6981,7,-4.1855426,valid
6982,7,-0.33667117,valid
6983,7,-0.775423,valid
6984,7,-4.206033,valid
6985,7,-2.6884038,valid
6986,8,-3.9478598,valid
6987,8,-1.9146975,valid
6988,8,-5.7915535,valid
6989,8,-4.3382325,valid
6990,8,-5.231949,valid
6991,8,-5.829266,valid
6992,8,-2.8606548,valid
6993,8,-4.820385,valid
6994,8,-2.77945,valid
6995,8,-4.674113,valid
6996,8,-3.8363385,valid
6997,8,-5.272833,valid
6998,8,-3.0089905,valid
6999,8,-3.9282346,valid
7000,8,-2.9412148,valid
7001,8,-3.8181615,valid
7002,8,-4.177016,valid
7003,8,1.1626776,valid
7004,8,-3.4593737,valid
7005,8,-4.2355204,valid
7006,8,0.40746695,valid
7007,8,-0.83893734,valid
7008,8,-4.492273,valid
7009,8,-2.457086,valid
7010,8,-2.9409914,valid
7011,8,-1.6979883,valid
7012,8,-4.0176935,valid
7013,8,-2.750813,valid
7014,8,-3.1879988,valid
7015,8,-4.3190703,valid
7016,8,-1.786691,valid
7017,8,-0.5988255,valid
7018,8,-4.533361,valid
7019,8,-2.7994065,valid
7020,8,-3.0865655,valid
7021,8,-9.061976,valid
7022,8,-3.3763542,valid
7023,8,-2.844438,valid
7024,8,-6.110631,valid
7025,8,-2.2973123,valid
7026,8,-5.5805216,valid
7027,8,-0.77516,valid
7028,8,-3.3775947,valid
7029,8,-0.52735853,valid
7030,8,-6.2641964,valid
7031,8,-4.6849236,valid
7032,8,-3.1800756,valid
7033,8,0.3318334,valid
7034,8,-4.1770163,valid
7035,8,-7.920928,valid
7036,8,-2.6092753,valid
7037,8,-1.2037596,valid
7038,8,-3.5245695,valid
7039,8,-3.4055977,valid
7040,8,-4.5796137,valid
7041,8,-6.255677,valid
7042,8,-4.9777,valid
7043,8,-5.23357,valid
7044,8,-0.30504304,valid
7045,8,-3.7152164,valid
7046,8,-1.8316371,valid
7047,8,-6.898694,valid
7048,8,-4.3624372,valid
7049,8,-3.4169102,valid
7050,8,-1.283079,valid
7051,8,-3.495691,valid
7052,8,-4.0290513,valid
7053,8,-4.835408,valid
7054,8,-3.5294452,valid
7055,8,-3.362225,valid
7056,8,-1.7885947,valid
7057,8,-6.183408,valid
7058,8,-2.230247,valid
7059,8,-0.76978093,valid
7060,8,-5.191079,valid
7061,8,-3.9453232,valid
7062,8,-5.063619,valid
7063,8,-1.3413249,valid
7064,8,-3.4099724,valid
7065,8,-2.9851162,valid
7066,8,-4.8747106,valid
7067,8,-1.0022801,valid
7068,8,-5.2050304,valid
7069,8,-6.6807604,valid
7070,8,-4.448156,valid
7071,8,-1.3493766,valid
7072,8,-6.739645,valid
7073,8,-3.0174222,valid
7074,8,-3.3140898,valid
7075,8,-4.828674,valid
7076,8,-2.1228876,valid
7077,8,-6.0976715,valid
7078,8,-3.141594,valid
7079,8,-4.0166006,valid
7080,8,-2.1549664,valid
7081,8,-1.2922763,valid
7082,8,-6.3244863,valid
7083,8,-3.306959,valid
7084,8,0.21266986,valid
7085,8,-2.9426146,valid
7086,8,-0.875953,valid
7087,8,-2.3444457,valid
7088,8,-3.9852862,valid
7089,8,-4.1228304,valid
7090,8,-6.336507,valid
7091,8,-3.5371945,valid
7092,8,-4.288517,valid
7093,8,-0.021998556,valid
7094,8,-3.4005566,valid
7095,8,-7.787451,valid
7096,8,-3.5296047,valid
7097,8,-3.4817317,valid
7098,8,-0.7277207,valid
7099,8,-2.319934,valid
7100,8,-3.6318326,valid
7101,8,-3.3883862,valid
7102,8,-1.614804,valid
7103,8,-1.1952066,valid
7104,8,0.051833443,valid
7105,8,0.52093834,valid
7106,8,-0.7340607,valid
7107,8,-2.8306828,valid
7108,8,0.122054316,valid
7109,8,-6.8558946,valid
7110,8,-5.811132,valid
7111,8,-0.010421367,valid
7112,8,-5.112155,valid
7113,8,-3.2430062,valid
7114,8,-3.2329288,valid
7115,8,-2.5524514,valid
7116,8,-2.6431365,valid
7117,8,-6.0023737,valid
7118,8,-5.366634,valid
7119,8,-3.7281096,valid
7120,8,-3.1050334,valid
7121,8,-3.5123603,valid
7122,8,1.1878546,valid
7123,8,-4.485459,valid
7124,8,-0.19011977,valid
7125,8,-2.8098853,valid
7126,8,-3.149416,valid
7127,8,-5.482478,valid
7128,8,0.3765235,valid
7129,8,-6.423749,valid
7130,8,-3.5852995,valid
7131,8,-0.23715235,valid
7132,8,-5.672545,valid
7133,8,-6.3234015,valid
7134,8,-2.8447514,valid
7135,8,-1.2372603,valid
7136,8,-4.265302,valid
7137,8,-1.1177819,valid
7138,8,-4.9191284,valid
7139,8,-4.110096,valid
7140,8,-1.9487963,valid
7141,8,-3.3100135,valid
7142,8,-0.17254247,valid
7143,8,-1.2893463,valid
7144,8,-2.8927708,valid
7145,8,-6.95608,valid
7146,8,-4.1770163,valid
7147,8,-1.9439205,valid
7148,8,-2.7080748,valid
7149,8,-3.2219336,valid
7150,8,-3.1265278,valid
7151,8,-1.9796704,valid
7152,8,-0.5906893,valid
7153,8,-2.4312768,valid
7154,8,-4.4388924,valid
7155,8,-6.4726396,valid
7156,8,-3.014952,valid
7157,8,-5.5851903,valid
7158,8,-5.879897,valid
7159,8,-2.9978857,valid
7160,8,-6.594319,valid
7161,8,-5.783539,valid
7162,8,-4.4004087,valid
7163,8,-5.561475,valid
7164,8,-6.118204,valid
7165,8,-2.949436,valid
7166,8,-4.059403,valid
7167,8,-3.1096783,valid
7168,8,-4.4874506,valid
7169,8,-3.053002,valid
7170,8,-1.1257919,valid
7171,8,-2.8470218,valid
7172,8,-3.6340923,valid
7173,8,-5.308015,valid
7174,8,-3.350259,valid
7175,8,-4.4907784,valid
7176,8,-4.537582,valid
7177,8,-2.818274,valid
7178,8,-7.2594957,valid
7179,8,-5.3356333,valid
7180,8,-7.228652,valid
7181,8,-0.53493327,valid
7182,8,-6.047843,valid
7183,8,-0.22653717,valid
7184,8,-3.951598,valid
7185,8,-4.754995,valid
7186,8,-2.5051696,valid
7187,8,-4.6187067,valid
7188,8,-4.9359446,valid
7189,8,-2.4444294,valid
7190,8,-7.5039024,valid
7191,8,-3.6539502,valid
7192,8,-4.4901752,valid
7193,8,-3.1859527,valid
7194,8,-5.78725,valid
7195,8,-3.226807,valid
7196,8,-3.3751364,valid
7197,8,-3.665567,valid
7198,8,-5.555162,valid
7199,8,-4.7309237,valid
7200,8,-4.8834276,valid
7201,8,-1.3536223,valid
7202,8,-4.0851445,valid
7203,8,-3.4668722,valid
7204,8,-4.0031376,valid
7205,8,0.21849795,valid
7206,8,-4.5428667,valid
7207,8,-3.4955454,valid
7208,8,-1.067915,valid
7209,8,-6.19083,valid
7210,8,-2.4366984,valid
7211,8,-4.1770163,valid
7212,8,-3.588595,valid
7213,8,-2.7490213,valid
7214,8,-4.286206,valid
7215,8,-1.4186025,valid
7216,8,-2.9877284,valid
7217,8,-4.0456343,valid
7218,8,-4.7290325,valid
7219,8,-2.5198805,valid
7220,8,-6.08356,valid
7221,8,-4.5988503,valid
7222,8,-3.5518184,valid
7223,8,-0.5973396,valid
7224,8,-4.4151883,valid
7225,8,-3.574504,valid
7226,8,-5.520381,valid
7227,8,-3.3049986,valid
7228,8,-2.6250458,valid
7229,8,-4.0553145,valid
7230,8,-2.936523,valid
7231,8,-4.359519,valid
7232,8,-3.3904638,valid
7233,8,-4.860039,valid
7234,8,-4.7112446,valid
7235,8,-2.977493,valid
7236,8,-7.9248085,valid
7237,8,-3.6106124,valid
7238,8,-1.1993476,valid
7239,8,-2.0042763,valid
7240,8,-6.8462105,valid
7241,8,-2.4118485,valid
7242,8,-3.7772994,valid
7243,8,-4.2365346,valid
7244,8,-2.3802376,valid
7245,8,-4.8975277,valid
7246,8,-3.2068567,valid
7247,8,-3.7870882,valid
7248,8,-2.1041727,valid
7249,8,-3.8249996,valid
7250,8,-4.39059,valid
7251,8,0.97115225,valid
7252,8,-3.4743452,valid
7253,8,-0.21016262,valid
7254,8,-7.3199096,valid
7255,8,-7.363418,valid
7256,8,-3.6523087,valid
7257,8,-4.775885,valid
7258,8,-0.75028497,valid
7259,8,-1.911698,valid
7260,8,-6.102811,valid
7261,8,-7.8544383,valid
7262,8,-3.4172647,valid
7263,8,-3.571069,valid
7264,8,-5.3621707,valid
7265,8,-5.213734,valid
7266,8,-5.366246,valid
7267,8,0.44293424,valid
7268,8,-2.1404204,valid
7269,8,-6.8299065,valid
7270,8,-1.7338167,valid
7271,8,-0.7092897,valid
7272,8,-4.1878147,valid
7273,8,-3.2436228,valid
7274,8,-4.6396074,valid
7275,8,-1.5077202,valid
7276,8,-4.665917,valid
7277,8,-4.772657,valid
7278,8,-2.9998837,valid
7279,8,-0.3254062,valid
7280,8,-6.6114855,valid
7281,8,-4.79873,valid
7282,8,-4.997092,valid
7283,8,-4.7498307,valid
7284,8,-0.6453551,valid
7285,8,-4.60411,valid
7286,8,-4.21067,valid
7287,8,-6.1301885,valid
7288,8,-1.4248568,valid
7289,8,-5.658009,valid
7290,8,-1.6921691,valid
7291,8,-2.5426755,valid
7292,8,-2.1163964,valid
7293,8,-3.5094798,valid
7294,8,-6.388846,valid
7295,8,-7.0068464,valid
7296,8,-2.8125029,valid
7297,8,-2.700364,valid
7298,8,-2.1971235,valid
7299,8,-3.2074566,valid
7300,8,-4.755205,valid
7301,8,-5.5367203,valid
7302,8,-7.2899675,valid
7303,8,-4.959983,valid
7304,8,-2.3075337,valid
7305,8,-4.7668514,valid
7306,8,-4.3326397,valid
7307,8,-8.128044,valid
7308,8,-3.8422263,valid
7309,8,-6.6893163,valid
7310,8,-1.2831024,valid
7311,8,-2.2818468,valid
7312,8,-6.5925016,valid
7313,8,-2.8375669,valid
7314,8,-6.4905457,valid
7315,8,-4.6891384,valid
7316,8,-5.283388,valid
7317,8,-2.1118493,valid
7318,8,-4.1770163,valid
7319,8,-3.8266358,valid
7320,8,-3.899402,valid
7321,8,-0.72211045,valid
7322,8,-3.2842116,valid
7323,8,-2.905653,valid
7324,8,-2.7853837,valid
7325,8,-3.3680015,valid
7326,8,-2.0870771,valid
7327,8,-4.8057337,valid
7328,8,-4.910255,valid
7329,8,-8.212933,valid
7330,8,-4.133252,valid
7331,8,-1.5225208,valid
7332,8,-6.4462476,valid
7333,8,-3.7025816,valid
7334,8,-2.7696111,valid
7335,8,-6.019562,valid
7336,8,-3.3179326,valid
7337,8,-4.843216,valid
7338,8,-5.309836,valid
7339,8,-3.892478,valid
7340,8,-2.6371734,valid
7341,8,-1.916477,valid
7342,8,-0.25893635,valid
7343,8,-3.3950453,valid
7344,8,-4.229889,valid
7345,8,-1.8862394,valid
7346,8,-1.599665,valid
7347,8,-5.783539,valid
7348,8,-1.3850962,valid
7349,8,-4.1770163,valid
7350,8,-3.7437372,valid
7351,8,-1.5608854,valid
7352,8,-0.99582475,valid
7353,8,-0.238795,valid
7354,8,-2.75247,valid
7355,8,-7.229809,valid
7356,8,-1.951631,valid
7357,8,-4.903434,valid
7358,8,-4.4595914,valid
7359,8,-9.336926,valid
7360,8,-9.092213,valid
7361,8,-3.0730395,valid
7362,8,-5.9444294,valid
7363,8,-2.338254,valid
7364,8,-2.9792988,valid
7365,8,-0.3414056,valid
7366,8,-4.4284277,valid
7367,8,-6.4837303,valid
7368,8,-1.023873,valid
7369,8,-4.2051353,valid
7370,8,-1.6761352,valid
7371,8,-4.5242863,valid
7372,8,-3.8300538,valid
7373,8,-10.866407,valid
7374,8,-3.7297127,valid
7375,8,-5.5094323,valid
7376,8,-3.3328414,valid
7377,8,-6.2640395,valid
7378,8,-1.4872638,valid
7379,8,-3.4198694,valid
7380,8,-0.7710308,valid
7381,8,-3.6078706,valid
7382,8,-3.0230403,valid
7383,8,-1.8667996,valid
7384,8,-3.8663244,valid
7385,8,-5.773195,valid
7386,8,-2.2720454,valid
7387,8,-4.9770484,valid
7388,8,-3.0794082,valid
7389,8,-3.2033193,valid
7390,8,-4.482009,valid
7391,8,-0.44244525,valid
7392,8,-5.8543887,valid
7393,8,-5.030007,valid
7394,8,-5.6577806,valid
7395,8,-2.763514,valid
7396,8,-1.198285,valid
7397,8,-2.210337,valid
7398,8,-2.858436,valid
7399,8,-2.2056644,valid
7400,8,-1.4736807,valid
7401,8,-1.7836467,valid
7402,8,-2.17027,valid
7403,8,-4.2270956,valid
7404,8,0.083350286,valid
7405,8,-2.4531133,valid
7406,8,-4.1770163,valid
7407,8,-2.809205,valid
7408,8,-1.3786266,valid
7409,8,-3.3936749,valid
7410,8,-4.89078,valid
7411,8,-4.3051004,valid
7412,8,-3.7643075,valid
7413,8,-3.9936738,valid
7414,8,-4.5481577,valid
7415,8,-3.42802,valid
7416,8,-2.0216842,valid
7417,8,-2.835733,valid
7418,8,-1.495501,valid
7419,8,-5.317945,valid
7420,8,-5.4996834,valid
7421,8,-4.900629,valid
7422,8,-5.5343213,valid
7423,8,-6.5246763,valid
7424,8,-4.1770163,valid
7425,8,-4.190403,valid
7426,8,-6.961233,valid
7427,8,-4.9918194,valid
7428,8,-4.429786,valid
7429,8,-0.08463072,valid
7430,8,-0.63623744,valid
7431,8,-8.177311,valid
7432,8,-1.1231915,valid
7433,8,-7.4341083,valid
7434,8,-4.8172483,valid
7435,8,-1.3818424,valid
7436,8,-2.329288,valid
7437,8,-6.5056562,valid
7438,8,-4.63543,valid
7439,8,-0.7203483,valid
7440,8,-3.975938,valid
7441,8,1.6904348,valid
7442,8,-2.348773,valid
7443,8,-3.3135386,valid
7444,8,-3.7783504,valid
7445,8,-5.3222675,valid
7446,8,-0.4868739,valid
7447,8,-4.7042866,valid
7448,8,-3.6662853,valid
7449,8,-3.2807052,valid
7450,8,-3.9349675,valid
7451,8,-4.679846,valid
7452,8,-2.624886,valid
7453,8,-1.8582779,valid
7454,8,-2.4568882,valid
7455,8,-4.224725,valid
7456,8,-6.2883086,valid
7457,8,-5.1628776,valid
7458,8,-3.7750244,valid
7459,8,-1.7392198,valid
7460,8,-4.548775,valid
7461,8,-4.5304546,valid
7462,8,-4.938003,valid
7463,8,-7.398223,valid
7464,8,-2.1301048,valid
7465,8,-3.7729137,valid
7466,8,-3.7906852,valid
7467,8,-3.6179123,valid
7468,8,-2.4749396,valid
7469,8,-2.960153,valid
7470,8,-4.4892015,valid
7471,8,-2.8493376,valid
7472,8,-4.297867,valid
7473,8,-5.558964,valid
7474,8,-2.9520266,valid
7475,8,-2.9280987,valid
7476,8,-1.3934975,valid
7477,8,-5.430475,valid
7478,8,-4.7457957,valid
7479,8,-3.368531,valid
7480,8,-4.174252,valid
7481,8,-3.2069786,valid
7482,8,-3.1878386,valid
7483,8,-4.8908033,valid
7484,8,-6.226753,valid
7485,8,-0.5141765,valid
7486,8,-4.826406,valid
7487,8,-2.6174998,valid
7488,8,-2.5290442,valid
7489,8,-2.4026704,valid
7490,8,-4.3390303,valid
7491,8,-2.9019508,valid
7492,8,-0.0524185,valid
7493,8,-1.7590413,valid
7494,8,-4.4314604,valid
7495,8,-5.921062,valid
7496,8,-2.6389546,valid
7497,8,-4.6195993,valid
7498,8,-6.4644327,valid
7499,8,-1.8985505,valid
7500,8,-5.649251,valid
7501,8,-6.2556205,valid
7502,8,-3.865613,valid
7503,8,-7.1486106,valid
7504,8,-2.0228233,valid
7505,8,-1.3776859,valid
7506,8,-3.2601345,valid
7507,8,-5.9102306,valid
7508,8,-4.2972116,valid
7509,8,-4.060658,valid
7510,8,-4.086897,valid
7511,8,-2.5388198,valid
7512,8,-3.8448672,valid
7513,8,-2.0419254,valid
7514,8,-2.1069233,valid
7515,8,-2.4008594,valid
7516,8,-2.2038927,valid
7517,8,-1.6148466,valid
7518,8,-5.3417807,valid
7519,8,-2.0712898,valid
7520,8,-3.6701682,valid
7521,8,-3.7468765,valid
7522,8,-1.5454503,valid
7523,8,-2.37217,valid
7524,8,-4.1595073,valid
7525,8,-4.2619967,valid
7526,8,-5.664938,valid
7527,8,-1.7626879,valid
7528,8,-3.2585447,valid
7529,8,-0.18012549,valid
7530,8,-4.034926,valid
7531,8,0.22060162,valid
7532,8,-2.0458517,valid
7533,8,-4.7531247,valid
7534,8,-5.850357,valid
7535,8,-5.517819,valid
7536,8,-1.182092,valid
7537,8,-3.9956293,valid
7538,8,-1.9855471,valid
7539,8,-3.3935473,valid
7540,8,-1.4213256,valid
7541,8,-3.7609363,valid
7542,8,-1.7939708,valid
7543,8,1.1946943,valid
7544,8,-4.7515326,valid
7545,8,-3.6299148,valid
7546,8,-3.9838774,valid
7547,8,-1.8057941,valid
7548,8,-0.006472597,valid
7549,8,-7.3512306,valid
7550,8,-3.461612,valid
7551,8,-3.9820359,valid
7552,8,-2.5155225,valid
7553,8,-4.9530344,valid
7554,8,-1.4845625,valid
7555,8,2.1975274,valid
7556,8,-1.2221501,valid
7557,8,-1.3711575,valid
7558,8,-3.6322703,valid
7559,8,0.2985271,valid
7560,8,-4.4331913,valid
7561,8,-1.0832828,valid
7562,8,-6.854612,valid
7563,8,-3.6833093,valid
7564,8,-1.3406438,valid
7565,8,-5.4242907,valid
7566,8,0.7054379,valid
7567,8,-1.0287615,valid
7568,8,-1.1934441,valid
7569,8,-1.7667282,valid
7570,8,-2.1956978,valid
7571,8,-4.3351674,valid
7572,8,-3.6938016,valid
7573,8,-5.227169,valid
7574,8,-3.4945066,valid
7575,8,-5.151358,valid
7576,8,-4.081626,valid
7577,8,-3.8791723,valid
7578,8,-1.606064,valid
7579,8,-0.86270416,valid
7580,8,-4.605077,valid
7581,8,-1.9779912,valid
7582,8,0.48878816,valid
7583,8,-4.352499,valid
7584,8,-1.1150167,valid
7585,8,-2.7456453,valid
7586,8,-3.6623807,valid
7587,8,-5.0252466,valid
7588,8,-0.6317359,valid
7589,8,-0.5906893,valid
7590,8,-5.8224835,valid
7591,8,-3.4222462,valid
7592,8,-2.7412229,valid
7593,8,-9.170035,valid
7594,8,-5.3951693,valid
7595,8,-2.7054057,valid
7596,8,-5.4917903,valid
7597,8,-4.685108,valid
7598,8,-4.1647606,valid
7599,8,-5.2074122,valid
7600,8,-4.3909483,valid
7601,8,-2.5415552,valid
7602,8,-4.2496986,valid
7603,8,-5.058101,valid
7604,8,-3.2774224,valid
7605,8,-5.3657722,valid
7606,8,-4.982183,valid
7607,8,-3.7952468,valid
7608,8,-4.2482586,valid
7609,8,-2.0317352,valid
7610,8,-3.2004561,valid
7611,8,-1.7104228,valid
7612,8,-6.3564105,valid
7613,8,-6.327499,valid
7614,8,-2.7818925,valid
7615,8,-4.3693476,valid
7616,8,-4.0617924,valid
7617,8,-5.212121,valid
7618,8,-3.7559268,valid
7619,8,-6.5001497,valid
7620,8,-3.1679552,valid
7621,8,-3.7723317,valid
7622,8,0.2368474,valid
7623,8,-1.4441438,valid
7624,8,-3.753061,valid
7625,8,-1.9121276,valid
7626,8,-1.3481482,valid
7627,8,-5.3980446,valid
7628,8,-2.7585034,valid
7629,8,-2.1861348,valid
7630,8,-2.749021,valid
7631,8,-5.347426,valid
7632,8,-4.664233,valid
7633,8,-4.00847,valid
7634,8,-3.137495,valid
7635,8,0.054826297,valid
7636,8,-3.3765974,valid
7637,8,-3.594909,valid
7638,8,-5.954707,valid
7639,8,-4.2248425,valid
7640,8,-5.962578,valid
7641,8,-4.9467797,valid
7642,8,-2.3426282,valid
7643,8,-0.93456006,valid
7644,8,-3.6926491,valid
7645,8,-3.2037115,valid
7646,8,-3.9541526,valid
7647,8,-5.1084356,valid
7648,8,-5.329487,valid
7649,8,-6.171434,valid
7650,8,-3.8910527,valid
7651,8,-4.7022667,valid
7652,8,-2.0545,valid
7653,8,-2.602031,valid
7654,8,-1.8581568,valid
7655,8,-5.814804,valid
7656,8,-6.225623,valid
7657,8,-6.391075,valid
7658,8,-3.2251384,valid
7659,8,-0.32395288,valid
7660,8,-3.3730857,valid
7661,8,-1.3068593,valid
7662,8,-7.158925,valid
7663,8,-6.2613144,valid
7664,8,-0.43121627,valid
7665,8,-2.6584325,valid
7666,8,-6.171783,valid
7667,8,-2.3552113,valid
7668,8,-6.5674677,valid
7669,8,-1.4529239,valid
7670,8,0.19214888,valid
7671,8,-4.983279,valid
7672,8,-2.1489942,valid
7673,8,-6.87973,valid
7674,8,-7.9009976,valid
7675,8,-2.7846994,valid
7676,8,-4.8687754,valid
7677,8,-4.63243,valid
7678,8,-2.5512626,valid
7679,8,-5.3869257,valid
7680,8,-3.7911353,valid
7681,8,-5.5656953,valid
7682,8,-2.976163,valid
7683,8,-5.175211,valid
7684,8,-4.938328,valid
7685,8,-2.9791446,valid
7686,8,-4.7044125,valid
7687,8,-3.3509908,valid
7688,8,-3.7072768,valid
7689,8,-3.8948176,valid
7690,8,-2.582416,valid
7691,8,-6.2760525,valid
7692,8,-1.6249181,valid
7693,8,-3.1089087,valid
7694,8,-3.371229,valid
7695,8,-5.0138173,valid
7696,8,-3.4917808,valid
7697,8,-5.2622266,valid
7698,8,-5.293529,valid
7699,8,-3.7404456,valid
7700,8,-1.9643074,valid
7701,8,-2.225838,valid
7702,8,-4.073527,valid
7703,8,0.8950978,valid
7704,8,-6.080011,valid
7705,8,-5.730947,valid
7706,8,-8.449282,valid
7707,8,-4.2081466,valid
7708,8,-3.1609137,valid
7709,8,-3.8669896,valid
7710,8,-4.7201424,valid
7711,8,-3.3101072,valid
7712,8,-1.5166345,valid
7713,8,-2.7728825,valid
7714,8,-5.1535544,valid
7715,8,-2.6513574,valid
7716,8,-1.4915466,valid
7717,8,-1.4845625,valid
7718,8,-0.30890447,valid
7719,8,-4.97491,valid
7720,8,-3.5058885,valid
7721,8,-2.4394112,valid
7722,8,-4.814533,valid
7723,8,-1.6300942,valid
7724,8,-4.252846,valid
7725,8,-4.319205,valid
7726,8,-5.7616844,valid
7727,8,-3.7721968,valid
7728,8,-4.5804157,valid
7729,8,-6.3576803,valid
7730,8,-5.343172,valid
7731,8,-4.772859,valid
7732,8,-2.1910965,valid
7733,8,-5.333699,valid
7734,8,0.005104458,valid
7735,8,-2.2936792,valid
7736,8,-5.9092565,valid
7737,8,-4.430652,valid
7738,8,-2.4440155,valid
7739,8,-0.5332939,valid
7740,8,-7.5485363,valid
7741,8,-6.75976,valid
7742,8,-2.6537442,valid
7743,8,-3.088306,valid
7744,8,-6.0246944,valid
7745,8,-2.458108,valid
7746,8,-0.8364652,valid
7747,8,-5.311105,valid
7748,8,-3.5095587,valid
7749,8,-7.0346775,valid
7750,8,-3.4153852,valid
7751,8,-3.3682346,valid
7752,8,-3.6826682,valid
7753,8,0.038690604,valid
7754,8,-3.1520276,valid
7755,8,-2.6502848,valid
7756,8,-2.027526,valid
7757,8,-1.1642274,valid
7758,8,-1.0936546,valid
7759,8,-5.456188,valid
7760,8,-4.706547,valid
7761,8,-1.2727939,valid
7762,8,-4.236943,valid
7763,8,-4.495348,valid
7764,8,-3.2060835,valid
7765,8,-4.3962784,valid
7766,8,-2.5420277,valid
7767,8,-1.2236716,valid
7768,8,-0.042048268,valid
7769,8,-2.0540385,valid
7770,8,-1.9966677,valid
7771,8,-3.7977939,valid
7772,8,-0.8640811,valid
7773,8,-5.1472454,valid
7774,8,-3.6222477,valid
7775,8,-3.094213,valid
7776,8,-6.7165565,valid
7777,8,-6.8628244,valid
7778,8,-2.708044,valid
7779,8,-5.228361,valid
7780,8,-4.703273,valid
7781,8,-5.9724708,valid
7782,8,-4.4730883,valid
7783,8,-4.3440785,valid
7784,8,0.8021585,valid
7785,8,-0.9809837,valid
7786,8,-4.351261,valid
7787,8,-5.722143,valid
7788,8,-6.3523283,valid
7789,8,-3.732468,valid
7790,8,-0.9967603,valid
7791,8,-2.9347644,valid
7792,8,-6.145783,valid
7793,8,-3.1043916,valid
7794,8,-3.407811,valid
7795,8,-3.9111948,valid
7796,8,-1.6569786,valid
7797,8,-3.015246,valid
7798,8,-3.4495914,valid
7799,8,-5.0912886,valid
7800,8,-3.7819524,valid
7801,8,-3.053764,valid
7802,8,-3.927015,valid
7803,8,-6.3143654,valid
7804,8,-4.4206295,valid
7805,8,-2.33404,valid
7806,8,-2.711089,valid
7807,8,-4.184115,valid
7808,8,-3.6250942,valid
7809,8,-7.0848007,valid
7810,8,-7.299073,valid
7811,8,-1.6241648,valid
7812,8,-0.86801136,valid
7813,8,-3.8705637,valid
7814,8,-2.9066942,valid
7815,8,-6.4474554,valid
7816,8,-1.103027,valid
7817,8,-4.9886937,valid
7818,8,-5.358596,valid
7819,8,-3.923746,valid
7820,8,-6.2299843,valid
7821,8,-1.1532537,valid
7822,8,-5.7800374,valid
7823,8,-1.5539135,valid
7824,8,-4.223771,valid
7825,8,-1.9905099,valid
7826,8,-3.6522386,valid
7827,8,-4.4931855,valid
7828,8,-3.3113809,valid
7829,8,-6.8076544,valid
7830,8,-4.941218,valid
7831,8,-4.728669,valid
7832,8,-3.2753196,valid
7833,8,-4.7184234,valid
7834,8,-4.451824,valid
7835,8,-3.6700559,valid
7836,8,-4.6895685,valid
7837,8,-4.115247,valid
7838,8,-1.7926677,valid
7839,8,-2.1216645,valid
7840,8,-5.2109146,valid
7841,8,-5.177884,valid
7842,8,-1.5163714,valid
7843,8,-4.0377593,valid
7844,8,-0.90985465,valid
7845,8,-3.7145844,valid
7846,8,-0.5331992,valid
7847,8,-6.7856317,valid
7848,8,-5.095745,valid
7849,8,-3.293488,valid
7850,8,0.36522838,valid
7851,8,-5.4373703,valid
7852,8,-3.486674,valid
7853,8,-4.951451,valid
7854,8,-4.8031416,valid
7855,8,-1.807955,valid
7856,8,-3.35015,valid
7857,8,-3.8990166,valid
7858,8,-5.697234,valid
7859,8,-5.399035,valid
7860,8,-1.5234743,valid
7861,8,-5.0185204,valid
7862,8,-4.819313,valid
7863,8,-2.5290442,valid
7864,8,-3.9814713,valid
7865,8,-4.4087987,valid
7866,8,-8.711686,valid
7867,8,-7.077653,valid
7868,8,-4.5239553,valid
7869,8,-4.3749866,valid
7870,8,-4.2618375,valid
7871,8,-3.4078112,valid
7872,8,-5.2313347,valid
7873,8,-2.7247972,valid
7874,8,1.4824821,valid
7875,8,-6.4133725,valid
7876,8,-7.0398283,valid
7877,8,-4.127442,valid
7878,8,-4.8481865,valid
7879,8,-7.7934113,valid
7880,8,-3.2061005,valid
7881,8,-1.802303,valid
7882,8,-3.4284058,valid
7883,8,-6.0216846,valid
7884,8,-7.7934113,valid
7885,8,-3.634201,valid
7886,8,-1.1820959,valid
7887,8,-4.7739573,valid
7888,8,-3.7853696,valid
7889,8,-1.0698184,valid
7890,8,-2.7527544,valid
7891,8,-3.7956607,valid
7892,8,-3.8341947,valid
7893,8,-2.9285088,valid
7894,8,-4.4330196,valid
7895,8,-5.7054825,valid
7896,8,-4.8185053,valid
7897,8,-5.2150764,valid
7898,8,-5.9453015,valid
7899,8,-3.5733898,valid
7900,8,-4.3962784,valid
7901,8,-0.17247336,valid
7902,8,-5.44452,valid
7903,8,-4.298583,valid
7904,8,-0.6514963,valid
7905,8,-3.048643,valid
7906,8,-1.6028506,valid
7907,8,-2.724976,valid
7908,8,-7.102299,valid
7909,8,-3.3161163,valid
7910,8,-7.9507976,valid
7911,8,-2.0791261,valid
7912,8,-3.7409234,valid
7913,8,-2.0600176,valid
7914,8,-4.1770163,valid
7915,8,-2.3396165,valid
7916,8,-4.161276,valid
7917,8,-4.1777086,valid
7918,8,-0.48429236,valid
7919,8,-4.841947,valid
7920,8,-2.7868261,valid
7921,8,-2.7168431,valid
7922,8,-4.7986426,valid
7923,8,-2.0773544,valid
7924,8,-3.9194188,valid
7925,8,-7.4106026,valid
7926,8,-7.644788,valid
7927,8,-3.311003,valid
7928,8,-3.9674587,valid
7929,8,-5.401671,valid
7930,8,-2.70426,valid
7931,8,-5.3648133,valid
7932,8,-3.8668392,valid
7933,8,-3.8581917,valid
7934,8,-1.6569782,valid
7935,8,-2.9084425,valid
7936,8,-3.5077395,valid
7937,8,-7.099196,valid
7938,8,-7.213743,valid
7939,8,-3.383933,valid
7940,8,-2.6189525,valid
7941,8,-6.989464,valid
7942,8,-3.6019235,valid
7943,8,-1.567388,valid
7944,8,0.2021927,valid
7945,8,-2.5563502,valid
7946,8,-4.5307198,valid
7947,8,-4.530007,valid
7948,8,-2.150239,valid
7949,8,-2.3232923,valid
7950,8,-1.0483958,valid
7951,8,-4.095749,valid
7952,8,-8.405337,valid
7953,8,-5.235364,valid
7954,8,-3.9997015,valid
7955,8,-4.737754,valid
7956,8,-3.7198043,valid
7957,8,-4.2018404,valid
7958,8,-5.3423533,valid
7959,8,-5.6213613,valid
7960,8,-2.9905744,valid
7961,8,-5.051125,valid
7962,8,-5.6762724,valid
7963,8,-5.3804708,valid
7964,8,-3.7992163,valid
7965,8,-3.1804385,valid
7966,8,-4.0397367,valid
7967,8,-2.9151804,valid
7968,8,-5.9102306,valid
7969,8,0.50929135,valid
7970,8,-5.2224545,valid
7971,8,-0.8733935,valid
7972,8,-5.935231,valid
7973,8,-4.3210173,valid
7974,8,-1.2183049,valid
7975,8,-5.4134254,valid
7976,8,-8.520723,valid
7977,8,-3.4924316,valid
7978,8,-3.9545703,valid
7979,8,-3.8821654,valid
7980,8,-1.6747806,valid
7981,8,-1.6727657,valid
7982,8,-4.6214066,valid
7983,8,-2.4537404,valid
7984,9,-2.8917747,valid
7985,9,-1.4752382,valid
7986,9,-4.9848466,valid
7987,9,-2.977059,valid
7988,9,-4.293266,valid
7989,9,-5.019946,valid
7990,9,-2.1885896,valid
7991,9,-4.1662774,valid
7992,9,-2.156423,valid
7993,9,-4.300234,valid
7994,9,-3.363141,valid
7995,9,-4.958578,valid
7996,9,-2.7176578,valid
7997,9,-3.5550203,valid
7998,9,-2.812155,valid
7999,9,-3.8490791,valid
8000,9,-3.2874262,valid
8001,9,0.97776794,valid
8002,9,-2.7077818,valid
8003,9,-3.8636842,valid
8004,9,1.0079178,valid
8005,9,-0.17411816,valid
8006,9,-4.0613112,valid
8007,9,-1.5094191,valid
8008,9,-2.5823941,valid
8009,9,-1.4836438,valid
8010,9,-3.8325236,valid
8011,9,-2.2193704,valid
8012,9,-2.6916363,valid
8013,9,-3.0818093,valid
8014,9,-0.7836983,valid
8015,9,-0.9366434,valid
8016,9,-3.9690049,valid
8017,9,-1.3837792,valid
8018,9,-3.1984184,valid
8019,9,-8.507735,valid
8020,9,-2.6509438,valid
8021,9,-1.7064403,valid
8022,9,-5.6793666,valid
8023,9,-1.6478119,valid
8024,9,-5.7178025,valid
8025,9,-0.02906816,valid
8026,9,-2.766952,valid
8027,9,0.009962228,valid
8028,9,-5.761511,valid
8029,9,-4.426908,valid
8030,9,-2.5112202,valid
8031,9,0.78050697,valid
8032,9,-3.287426,valid
8033,9,-7.3839016,valid
8034,9,-2.3165743,valid
8035,9,-1.0111345,valid
8036,9,-2.6735196,valid
8037,9,-2.9679873,valid
8038,9,-3.7082868,valid
8039,9,-6.1588855,valid
8040,9,-4.9476314,valid
8041,9,-4.658193,valid
8042,9,0.14689142,valid
8043,9,-2.8354697,valid
8044,9,-1.5209877,valid
8045,9,-7.0490956,valid
8046,9,-3.9122245,valid
8047,9,-2.9131012,valid
8048,9,-1.1222755,valid
8049,9,-2.9109845,valid
8050,9,-3.5579479,valid
8051,9,-4.5180097,valid
8052,9,-2.9728053,valid
8053,9,-2.6172538,valid
8054,9,-0.78071445,valid
8055,9,-5.291554,valid
8056,9,-2.1308722,valid
8057,9,-0.6388595,valid
8058,9,-3.5646012,valid
8059,9,-2.7623568,valid
8060,9,-4.4939556,valid
8061,9,-0.9988702,valid
8062,9,-3.4351149,valid
8063,9,-2.0817614,valid
8064,9,-3.9076142,valid
8065,9,-0.447253,valid
8066,9,-5.2487764,valid
8067,9,-5.3470187,valid
8068,9,-4.358421,valid
8069,9,-0.89070684,valid
8070,9,-6.29158,valid
8071,9,-2.1622815,valid
8072,9,-3.083457,valid
8073,9,-3.7332275,valid
8074,9,-1.9861931,valid
8075,9,-5.4909816,valid
8076,9,-2.9573407,valid
8077,9,-3.7040544,valid
8078,9,-1.8586036,valid
8079,9,-1.0125467,valid
8080,9,-6.1060033,valid
8081,9,-2.9239986,valid
8082,9,0.5175162,valid
8083,9,-2.445623,valid
8084,9,-0.03599192,valid
8085,9,-1.0303015,valid
8086,9,-3.6075108,valid
8087,9,-3.3441522,valid
8088,9,-6.2713675,valid
8089,9,-3.247601,valid
8090,9,-4.377466,valid
8091,9,-0.15940745,valid
8092,9,-2.7639873,valid
8093,9,-7.0931826,valid
8094,9,-2.6572075,valid
8095,9,-3.081353,valid
8096,9,1.4195889,valid
8097,9,-2.0827808,valid
8098,9,-3.5330486,valid
8099,9,-2.9848325,valid
8100,9,-1.1777469,valid
8101,9,-0.9402515,valid
8102,9,-0.29521325,valid
8103,9,0.9884349,valid
8104,9,0.68027806,valid
8105,9,-2.4189484,valid
8106,9,0.992153,valid
8107,9,-6.391232,valid
8108,9,-5.2664433,valid
8109,9,0.38362607,valid
8110,9,-4.690245,valid
8111,9,-2.8331819,valid
8112,9,-2.6981335,valid
8113,9,-1.3531389,valid
8114,9,-1.8055345,valid
8115,9,-5.5823426,valid
8116,9,-4.9640865,valid
8117,9,-3.1178071,valid
8118,9,-2.7311945,valid
8119,9,-3.355463,valid
8120,9,1.0371228,valid
8121,9,-4.3050046,valid
8122,9,-0.28231254,valid
8123,9,-2.582885,valid
8124,9,-2.0570455,valid
8125,9,-4.6545434,valid
8126,9,0.9354282,valid
8127,9,-5.915535,valid
8128,9,-2.4304311,valid
8129,9,0.56144106,valid
8130,9,-5.597089,valid
8131,9,-5.4247026,valid
8132,9,-2.343937,valid
8133,9,-1.2503906,valid
8134,9,-3.7934358,valid
8135,9,-0.8278209,valid
8136,9,-4.6275277,valid
8137,9,-3.6613479,valid
8138,9,-0.39901662,valid
8139,9,-2.6982002,valid
8140,9,0.13655189,valid
8141,9,-1.3091247,valid
8142,9,-2.0978312,valid
8143,9,-6.223738,valid
8144,9,-3.2874258,valid
8145,9,-1.6219741,valid
8146,9,-2.4384866,valid
8147,9,-2.800436,valid
8148,9,-2.616734,valid
8149,9,-1.1604829,valid
8150,9,0.3308006,valid
8151,9,-1.8801078,valid
8152,9,-4.5164757,valid
8153,9,-5.780016,valid
8154,9,-2.2689815,valid
8155,9,-5.0407805,valid
8156,9,-5.811101,valid
8157,9,-2.5610542,valid
8158,9,-5.806203,valid
8159,9,-3.9773464,valid
8160,9,-3.0484223,valid
8161,9,-4.5342174,valid
8162,9,-5.6728053,valid
8163,9,-2.6859603,valid
8164,9,-4.0642476,valid
8165,9,-2.1367702,valid
8166,9,-4.0591903,valid
8167,9,-1.8159872,valid
8168,9,0.8953542,valid
8169,9,-2.6021528,valid
8170,9,-3.0183606,valid
8171,9,-4.785785,valid
8172,9,-3.341407,valid
8173,9,-4.066979,valid
8174,9,-4.246717,valid
8175,9,-2.3742504,valid
8176,9,-7.087482,valid
8177,9,-4.9091363,valid
8178,9,-6.8515716,valid
8179,9,-0.28684857,valid
8180,9,-5.157374,valid
8181,9,0.3936037,valid
8182,9,-3.264221,valid
8183,9,-4.464452,valid
8184,9,-2.624664,valid
8185,9,-4.2251964,valid
8186,9,-4.573916,valid
8187,9,-0.32322595,valid
8188,9,-6.157849,valid
8189,9,-2.320443,valid
8190,9,-3.9046106,valid
8191,9,-2.4872394,valid
8192,9,-4.6379967,valid
8193,9,-3.1363125,valid
8194,9,-2.78234,valid
8195,9,-3.0534306,valid
8196,9,-4.0459213,valid
8197,9,-4.678182,valid
8198,9,-4.063533,valid
8199,9,-0.6314528,valid
8200,9,-2.870638,valid
8201,9,-2.7511902,valid
8202,9,-3.2227018,valid
8203,9,0.95783335,valid
8204,9,-4.266516,valid
8205,9,-3.36507,valid
8206,9,-0.009466994,valid
8207,9,-5.9502754,valid
8208,9,-2.0131705,valid
8209,9,-3.287426,valid
8210,9,-2.9270422,valid
8211,9,-2.7016442,valid
8212,9,-3.021359,valid
8213,9,-0.65405124,valid
8214,9,-2.549108,valid
8215,9,-3.5594866,valid
8216,9,-4.1758456,valid
8217,9,-1.5842713,valid
8218,9,-4.608112,valid
8219,9,-3.977601,valid
8220,9,-3.8683937,valid
8221,9,-0.38933957,valid
8222,9,-3.5731719,valid
8223,9,-3.2395144,valid
8224,9,-4.610986,valid
8225,9,-2.537714,valid
8226,9,-1.5847758,valid
8227,9,-3.5137043,valid
8228,9,-2.5242898,valid
8229,9,-3.00349,valid
8230,9,-3.0712426,valid
8231,9,-4.664186,valid
8232,9,-4.1875052,valid
8233,9,-2.4435856,valid
8234,9,-7.8379254,valid
8235,9,-3.4316294,valid
8236,9,-1.1570488,valid
8237,9,-0.5192681,valid
8238,9,-6.904903,valid
8239,9,-2.4442399,valid
8240,9,-2.6211305,valid
8241,9,-3.6552503,valid
8242,9,-2.2396817,valid
8243,9,-4.2728477,valid
8244,9,-2.882353,valid
8245,9,-2.3909838,valid
8246,9,-1.6083125,valid
8247,9,-3.321087,valid
8248,9,-3.2267318,valid
8249,9,1.0247521,valid
8250,9,-3.2848213,valid
8251,9,0.022241574,valid
8252,9,-7.041548,valid
8253,9,-7.213394,valid
8254,9,-2.943741,valid
8255,9,-4.2976847,valid
8256,9,-0.47240493,valid
8257,9,-0.9719119,valid
8258,9,-5.1501393,valid
8259,9,-7.8810625,valid
8260,9,-2.765019,valid
8261,9,-2.790478,valid
8262,9,-5.0914793,valid
8263,9,-4.602486,valid
8264,9,-5.1527147,valid
8265,9,0.97183627,valid
8266,9,-1.4052585,valid
8267,9,-5.35317,valid
8268,9,-0.58062154,valid
8269,9,-0.5875463,valid
8270,9,-3.5642414,valid
8271,9,-2.751295,valid
8272,9,-4.084919,valid
8273,9,-1.4497555,valid
8274,9,-4.3307595,valid
8275,9,-3.9322348,valid
8276,9,-2.805489,valid
8277,9,1.4316627,valid
8278,9,-5.880936,valid
8279,9,-4.4348454,valid
8280,9,-4.1140785,valid
8281,9,-4.1859922,valid
8282,9,-0.36404368,valid
8283,9,-4.5656676,valid
8284,9,-3.9169397,valid
8285,9,-5.306143,valid
8286,9,-0.9944871,valid
8287,9,-5.7084174,valid
8288,9,-0.5026216,valid
8289,9,-1.6289877,valid
8290,9,-1.7265829,valid
8291,9,-3.0457916,valid
8292,9,-6.0304017,valid
8293,9,-6.413947,valid
8294,9,-2.4087238,valid
8295,9,-2.2696016,valid
8296,9,-2.119014,valid
8297,9,-2.87619,valid
8298,9,-4.413782,valid
8299,9,-5.2721457,valid
8300,9,-6.5482125,valid
8301,9,-4.3690534,valid
8302,9,-1.3011783,valid
8303,9,-4.0104485,valid
8304,9,-3.6078045,valid
8305,9,-8.1668215,valid
8306,9,-3.4478452,valid
8307,9,-6.217825,valid
8308,9,-1.3192163,valid
8309,9,-1.6963019,valid
8310,9,-6.6557126,valid
8311,9,-2.3675027,valid
8312,9,-6.1410036,valid
8313,9,-4.4827733,valid
8314,9,-4.74754,valid
8315,9,-1.720472,valid
8316,9,-3.287426,valid
8317,9,-3.04499,valid
8318,9,-3.0926964,valid
8319,9,-0.3305064,valid
8320,9,-2.9042356,valid
8321,9,-2.7267842,valid
8322,9,-1.9676296,valid
8323,9,-2.9099052,valid
8324,9,-1.9324063,valid
8325,9,-4.079757,valid
8326,9,-3.9807527,valid
8327,9,-8.084894,valid
8328,9,-3.805241,valid
8329,9,-1.2955701,valid
8330,9,-6.2376466,valid
8331,9,-3.3931224,valid
8332,9,-2.3021617,valid
8333,9,-4.4516487,valid
8334,9,-2.6572742,valid
8335,9,-4.47249,valid
8336,9,-4.884477,valid
8337,9,-4.334102,valid
8338,9,-2.4240916,valid
8339,9,-1.3161961,valid
8340,9,0.24557136,valid
8341,9,-2.5189872,valid
8342,9,-3.8792748,valid
8343,9,-1.0527687,valid
8344,9,-1.3270863,valid
8345,9,-3.9773464,valid
8346,9,-1.2622119,valid
8347,9,-3.287426,valid
8348,9,-2.9421074,valid
8349,9,-1.5079508,valid
8350,9,-0.94187886,valid
8351,9,-0.13882454,valid
8352,9,-2.5507588,valid
8353,9,-7.0506363,valid
8354,9,-1.9427811,valid
8355,9,-4.944731,valid
8356,9,-3.6923935,valid
8357,9,-9.40138,valid
8358,9,-8.986721,valid
8359,9,-3.170712,valid
8360,9,-5.2356887,valid
8361,9,-1.7130837,valid
8362,9,-2.6595774,valid
8363,9,-0.22897081,valid
8364,9,-4.0154657,valid
8365,9,-5.703696,valid
8366,9,-0.6112339,valid
8367,9,-3.5543787,valid
8368,9,-0.99653465,valid
8369,9,-4.2981615,valid
8370,9,-3.3228176,valid
8371,9,-11.130807,valid
8372,9,-2.4680154,valid
8373,9,-4.8816347,valid
8374,9,-2.9564173,valid
8375,9,-6.0016766,valid
8376,9,-0.9185032,valid
8377,9,-2.9447794,valid
8378,9,-0.32128936,valid
8379,9,-3.259593,valid
8380,9,-2.373504,valid
8381,9,-1.618844,valid
8382,9,-2.8679266,valid
8383,9,-5.340654,valid
8384,9,-2.1840034,valid
8385,9,-4.4800467,valid
8386,9,-3.046371,valid
8387,9,-2.203597,valid
8388,9,-3.768597,valid
8389,9,0.27562302,valid
8390,9,-5.922032,valid
8391,9,-4.6315794,valid
8392,9,-4.8600307,valid
8393,9,-0.5677925,valid
8394,9,-0.9216727,valid
8395,9,-1.2277371,valid
8396,9,-2.1976845,valid
8397,9,-1.4932232,valid
8398,9,-1.0709697,valid
8399,9,-1.7734166,valid
8400,9,-1.8918614,valid
8401,9,-4.3179727,valid
8402,9,0.8233262,valid
8403,9,-2.0484824,valid
8404,9,-3.287426,valid
8405,9,-2.5400767,valid
8406,9,-0.886757,valid
8407,9,-2.4897907,valid
8408,9,-4.597087,valid
8409,9,-3.921065,valid
8410,9,-2.8974998,valid
8411,9,-3.5605037,valid
8412,9,-4.1008334,valid
8413,9,-1.9176008,valid
8414,9,-1.7325435,valid
8415,9,-1.8983055,valid
8416,9,-1.5495917,valid
8417,9,-4.6626906,valid
8418,9,-5.3291836,valid
8419,9,-4.5631537,valid
8420,9,-5.2322025,valid
8421,9,-6.4822354,valid
8422,9,-3.287426,valid
8423,9,-3.7232926,valid
8424,9,-6.827912,valid
8425,9,-5.0164475,valid
8426,9,-4.0330496,valid
8427,9,0.83189017,valid
8428,9,-0.77538246,valid
8429,9,-8.247679,valid
8430,9,-0.46760032,valid
8431,9,-7.6058908,valid
8432,9,-4.3604617,valid
8433,9,-1.4733367,valid
8434,9,-1.6020622,valid
8435,9,-5.779554,valid
8436,9,-4.283156,valid
8437,9,-0.72705334,valid
8438,9,-3.58645,valid
8439,9,1.8968563,valid
8440,9,-1.6412989,valid
8441,9,-3.0282588,valid
8442,9,-3.1115713,valid
8443,9,-4.416295,valid
8444,9,-0.43062633,valid
8445,9,-4.471933,valid
8446,9,-3.3167949,valid
8447,9,-3.4069543,valid
8448,9,-3.3468173,valid
8449,9,-3.600749,valid
8450,9,-1.5724261,valid
8451,9,-1.7641696,valid
8452,9,-2.3454752,valid
8453,9,-3.4850888,valid
8454,9,-6.30872,valid
8455,9,-4.814229,valid
8456,9,-3.4332116,valid
8457,9,-1.6757809,valid
8458,9,-3.9036717,valid
8459,9,-4.140882,valid
8460,9,-4.036874,valid
8461,9,-7.2655663,valid
8462,9,-1.8196894,valid
8463,9,-2.91376,valid
8464,9,-3.0849926,valid
8465,9,-3.611308,valid
8466,9,-1.4568201,valid
8467,9,-2.1860464,valid
8468,9,-3.7855527,valid
8469,9,-2.4100363,valid
8470,9,-2.9334598,valid
8471,9,-4.646894,valid
8472,9,-2.4105334,valid
8473,9,-2.6073825,valid
8474,9,-0.4353574,valid
8475,9,-4.7963657,valid
8476,9,-4.156941,valid
8477,9,-2.3912945,valid
8478,9,-3.615661,valid
8479,9,-2.2358313,valid
8480,9,-2.6469376,valid
8481,9,-4.2485886,valid
8482,9,-6.048406,valid
8483,9,0.07403298,valid
8484,9,-3.8158324,valid
8485,9,-2.4266968,valid
8486,9,-2.0974407,valid
8487,9,-1.470141,valid
8488,9,-3.3050346,valid
8489,9,-1.923126,valid
8490,9,-0.10709138,valid
8491,9,-0.7742438,valid
8492,9,-4.3440967,valid
8493,9,-5.561334,valid
8494,9,-2.2811303,valid
8495,9,-3.7313867,valid
8496,9,-5.380553,valid
8497,9,-1.4362546,valid
8498,9,-5.0480647,valid
8499,9,-6.2490883,valid
8500,9,-3.6963422,valid
8501,9,-7.2169967,valid
8502,9,-1.6681408,valid
8503,9,-0.31255883,valid
8504,9,-2.6351457,valid
8505,9,-4.9638677,valid
8506,9,-4.1902285,valid
8507,9,-3.1841993,valid
8508,9,-3.394083,valid
8509,9,-2.4314528,valid
8510,9,-3.1091852,valid
8511,9,-1.7924556,valid
8512,9,-1.7417483,valid
8513,9,-1.6226176,valid
8514,9,-1.6479954,valid
8515,9,-0.59597856,valid
8516,9,-5.255344,valid
8517,9,-1.717092,valid
8518,9,-3.075708,valid
8519,9,-2.7376676,valid
8520,9,-0.5735932,valid
8521,9,-1.8448195,valid
8522,9,-2.7840433,valid
8523,9,-2.774654,valid
8524,9,-5.060382,valid
8525,9,-1.5701827,valid
8526,9,-2.5419197,valid
8527,9,0.037997823,valid
8528,9,-3.7512157,valid
8529,9,1.6406554,valid
8530,9,-1.3148814,valid
8531,9,-4.292486,valid
8532,9,-5.3215566,valid
8533,9,-4.9631433,valid
8534,9,-0.8043043,valid
8535,9,-3.7640328,valid
8536,9,-1.906325,valid
8537,9,-3.059671,valid
8538,9,-1.2207032,valid
8539,9,-3.7423162,valid
8540,9,-1.6145507,valid
8541,9,1.1927086,valid
8542,9,-4.0597663,valid
8543,9,-3.048279,valid
8544,9,-3.800191,valid
8545,9,-1.7326671,valid
8546,9,-0.18770544,valid
8547,9,-6.9578824,valid
8548,9,-3.1081948,valid
8549,9,-3.3721824,valid
8550,9,-2.425072,valid
8551,9,-3.687487,valid
8552,9,-1.0902916,valid
8553,9,2.8128326,valid
8554,9,0.37685758,valid
8555,9,-0.5046125,valid
8556,9,-3.2590375,valid
8557,9,0.2479829,valid
8558,9,-4.1602607,valid
8559,9,-0.9842953,valid
8560,9,-6.256509,valid
8561,9,-2.9434068,valid
8562,9,-0.822792,valid
8563,9,-5.538422,valid
8564,9,0.63053733,valid
8565,9,-0.938078,valid
8566,9,-0.07014456,valid
8567,9,-1.641576,valid
8568,9,-1.8029939,valid
8569,9,-3.9843998,valid
8570,9,-3.114432,valid
8571,9,-4.620954,valid
8572,9,-3.1973948,valid
8573,9,-4.768103,valid
8574,9,-3.3184023,valid
8575,9,-2.453079,valid
8576,9,-1.3199966,valid
8577,9,-0.42789975,valid
8578,9,-4.156642,valid
8579,9,-1.3933789,valid
8580,9,0.7339514,valid
8581,9,-3.9144936,valid
8582,9,-0.9005927,valid
8583,9,-2.4210408,valid
8584,9,-2.4501054,valid
8585,9,-4.60183,valid
8586,9,-0.015350374,valid
8587,9,0.3308006,valid
8588,9,-5.390448,valid
8589,9,-3.3092358,valid
8590,9,-2.17548,valid
8591,9,-9.281735,valid
8592,9,-4.7929854,valid
8593,9,-2.1065123,valid
8594,9,-5.3833303,valid
8595,9,-3.6888163,valid
8596,9,-3.501411,valid
8597,9,-4.415423,valid
8598,9,-3.9672205,valid
8599,9,-1.6442932,valid
8600,9,-3.6630805,valid
8601,9,-3.5217519,valid
8602,9,-2.6657505,valid
8603,9,-5.063701,valid
8604,9,-4.9219255,valid
8605,9,-3.498338,valid
8606,9,-3.6259358,valid
8607,9,-1.7764802,valid
8608,9,-2.411411,valid
8609,9,-0.19311427,valid
8610,9,-6.096899,valid
8611,9,-5.927538,valid
8612,9,-2.3570695,valid
8613,9,-3.657745,valid
8614,9,-3.2005653,valid
8615,9,-4.4454007,valid
8616,9,-3.0201368,valid
8617,9,-6.5841947,valid
8618,9,-2.3176298,valid
8619,9,-3.8754127,valid
8620,9,0.12887715,valid
8621,9,-0.95693713,valid
8622,9,-3.9034119,valid
8623,9,-1.9543238,valid
8624,9,-0.65808547,valid
8625,9,-5.4119587,valid
8626,9,-2.5747151,valid
8627,9,-1.375243,valid
8628,9,-2.7016437,valid
8629,9,-4.93367,valid
8630,9,-3.922419,valid
8631,9,-3.8214698,valid
8632,9,-2.6543252,valid
8633,9,0.17091985,valid
8634,9,-2.7481337,valid
8635,9,-3.0504017,valid
8636,9,-4.818271,valid
8637,9,-4.078403,valid
8638,9,-5.0897336,valid
8639,9,-4.354758,valid
8640,9,-1.1629442,valid
8641,9,-0.16997576,valid
8642,9,-3.4253306,valid
8643,9,-2.6364758,valid
8644,9,-3.3707037,valid
8645,9,-5.022633,valid
8646,9,-4.428712,valid
8647,9,-5.524578,valid
8648,9,-3.309814,valid
8649,9,-3.887073,valid
8650,9,-1.7911695,valid
8651,9,-2.401175,valid
8652,9,-1.6973199,valid
8653,9,-5.476361,valid
8654,9,-5.725039,valid
8655,9,-5.8620734,valid
8656,9,-2.0563405,valid
8657,9,-0.19877766,valid
8658,9,-2.5429313,valid
8659,9,-1.2462883,valid
8660,9,-6.7734995,valid
8661,9,-5.904712,valid
8662,9,-0.47395775,valid
8663,9,-2.032744,valid
8664,9,-6.31086,valid
8665,9,-1.131364,valid
8666,9,-6.209724,valid
8667,9,-1.4359846,valid
8668,9,1.2967458,valid
8669,9,-4.64698,valid
8670,9,-2.128869,valid
8671,9,-6.6852436,valid
8672,9,-7.3731914,valid
8673,9,-2.2319882,valid
8674,9,-4.308351,valid
8675,9,-5.0335937,valid
8676,9,-1.9209721,valid
8677,9,-5.027142,valid
8678,9,-3.7537909,valid
8679,9,-5.391479,valid
8680,9,-2.5823803,valid
8681,9,-5.53161,valid
8682,9,-3.8612468,valid
8683,9,-2.3733473,valid
8684,9,-4.063521,valid
8685,9,-3.0664477,valid
8686,9,-2.6588585,valid
8687,9,-3.6338723,valid
8688,9,-2.0130796,valid
8689,9,-6.114308,valid
8690,9,-1.0379751,valid
8691,9,-2.4071283,valid
8692,9,-2.2991133,valid
8693,9,-4.4131866,valid
8694,9,-3.0490394,valid
8695,9,-4.553239,valid
8696,9,-4.510814,valid
8697,9,-2.9634418,valid
8698,9,-1.9871755,valid
8699,9,-1.9075307,valid
8700,9,-3.6792436,valid
8701,9,0.72700137,valid
8702,9,-6.1076317,valid
8703,9,-4.915624,valid
8704,9,-5.277476,valid
8705,9,-3.4160883,valid
8706,9,-2.3631608,valid
8707,9,-3.4439135,valid
8708,9,-4.361265,valid
8709,9,-3.101201,valid
8710,9,-1.3735079,valid
8711,9,-1.8134574,valid
8712,9,-4.9346404,valid
8713,9,-2.0446653,valid
8714,9,-0.69672275,valid
8715,9,-1.0902916,valid
8716,9,0.3446317,valid
8717,9,-4.306435,valid
8718,9,-3.041347,valid
8719,9,-1.8536693,valid
8720,9,-4.45982,valid
8721,9,-1.2489494,valid
8722,9,-3.829253,valid
8723,9,-3.8075469,valid
8724,9,-5.626162,valid
8725,9,-2.6705518,valid
8726,9,-3.5221286,valid
8727,9,-6.230037,valid
8728,9,-4.5104184,valid
8729,9,-3.9175656,valid
8730,9,-0.87533754,valid
8731,9,-4.9295645,valid
8732,9,-0.110701546,valid
8733,9,-2.0601108,valid
8734,9,-5.288748,valid
8735,9,-4.4348917,valid
8736,9,-2.2001257,valid
8737,9,0.1126917,valid
8738,9,-7.448378,valid
8739,9,-6.017572,valid
8740,9,-2.4323492,valid
8741,9,-2.2163224,valid
8742,9,-5.5257907,valid
8743,9,-1.8274261,valid
8744,9,-1.0164509,valid
8745,9,-5.054159,valid
8746,9,-3.0010953,valid
8747,9,-6.7075677,valid
8748,9,-3.1496363,valid
8749,9,-2.8780787,valid
8750,9,-3.6153703,valid
8751,9,0.49873966,valid
8752,9,-2.8570094,valid
8753,9,-2.1209142,valid
8754,9,-1.4310519,valid
8755,9,-0.6430283,valid
8756,9,-0.81258583,valid
8757,9,-4.6391473,valid
8758,9,-4.026776,valid
8759,9,-0.62604,valid
8760,9,-3.631391,valid
8761,9,-4.005732,valid
8762,9,-2.6069098,valid
8763,9,-3.4683893,valid
8764,9,-2.019427,valid
8765,9,-0.68001026,valid
8766,9,-0.45558402,valid
8767,9,-2.027637,valid
8768,9,-1.2667459,valid
8769,9,-3.3542204,valid
8770,9,-0.7144434,valid
8771,9,-4.780257,valid
8772,9,-3.530401,valid
8773,9,-2.657498,valid
8774,9,-6.2105002,valid
8775,9,-6.6384053,valid
8776,9,-1.9405354,valid
8777,9,-4.7463346,valid
8778,9,-4.377359,valid
8779,9,-5.402283,valid
8780,9,-3.4364548,valid
8781,9,-4.235396,valid
8782,9,0.55234265,valid
8783,9,0.78801894,valid
8784,9,-4.125162,valid
8785,9,-5.1057134,valid
8786,9,-5.3006415,valid
8787,9,-3.1297224,valid
8788,9,-0.9810591,valid
8789,9,-2.2526674,valid
8790,9,-5.8235865,valid
8791,9,-2.593173,valid
8792,9,-3.0756478,valid
8793,9,-3.4400575,valid
8794,9,-1.5714475,valid
8795,9,-2.3450942,valid
8796,9,-3.0882545,valid
8797,9,-4.557794,valid
8798,9,-2.9104433,valid
8799,9,-2.4449835,valid
8800,9,-3.544585,valid
8801,9,-6.4515247,valid
8802,9,-3.5893638,valid
8803,9,-2.056168,valid
8804,9,-2.475943,valid
8805,9,-3.3011491,valid
8806,9,-3.227918,valid
8807,9,-6.438619,valid
8808,9,-5.3817296,valid
8809,9,-1.6421391,valid
8810,9,-0.62944734,valid
8811,9,-3.2007513,valid
8812,9,-2.3893013,valid
8813,9,-6.5090356,valid
8814,9,-0.84971434,valid
8815,9,-4.143497,valid
8816,9,-4.3900247,valid
8817,9,-3.2988613,valid
8818,9,-5.9887023,valid
8819,9,-1.3458863,valid
8820,9,-4.8833175,valid
8821,9,-0.24110748,valid
8822,9,-3.107677,valid
8823,9,-0.4665683,valid
8824,9,-2.68073,valid
8825,9,-4.11414,valid
8826,9,-3.002514,valid
8827,9,-6.9452252,valid
8828,9,-4.5171685,valid
8829,9,-4.4959874,valid
8830,9,-3.4822571,valid
8831,9,-3.3801818,valid
8832,9,-3.3613923,valid
8833,9,-3.0068843,valid
8834,9,-4.5306,valid
8835,9,-3.5383706,valid
8836,9,-1.3381361,valid
8837,9,-0.8254227,valid
8838,9,-4.9248967,valid
8839,9,-4.792556,valid
8840,9,-0.044858214,valid
8841,9,-2.9517646,valid
8842,9,-1.0839686,valid
8843,9,-2.9275064,valid
8844,9,-0.45230058,valid
8845,9,-6.067693,valid
8846,9,-4.4900813,valid
8847,9,-3.6196046,valid
8848,9,1.7276107,valid
8849,9,-4.886499,valid
8850,9,-3.0869853,valid
8851,9,-4.5997453,valid
8852,9,-3.9318643,valid
8853,9,-1.1680483,valid
8854,9,-1.8720531,valid
8855,9,-3.5365632,valid
8856,9,-4.641539,valid
8857,9,-4.9407687,valid
8858,9,-0.9053444,valid
8859,9,-4.6526594,valid
8860,9,-3.6997008,valid
8861,9,-2.0974407,valid
8862,9,-3.4961245,valid
8863,9,-4.0073605,valid
8864,9,-8.351808,valid
8865,9,-6.6296706,valid
8866,9,-4.12331,valid
8867,9,-3.9596543,valid
8868,9,-2.7910714,valid
8869,9,-3.0756474,valid
8870,9,-5.0062876,valid
8871,9,-2.011061,valid
8872,9,1.8665264,valid
8873,9,-6.1279426,valid
8874,9,-5.5138016,valid
8875,9,-3.7361908,valid
8876,9,-4.6696596,valid
8877,9,-7.2470293,valid
8878,9,-2.9724483,valid
8879,9,-1.5965476,valid
8880,9,-2.494399,valid
8881,9,-5.7357783,valid
8882,9,-7.2470293,valid
8883,9,-3.1503372,valid
8884,9,-0.79285663,valid
8885,9,-4.0480747,valid
8886,9,-3.3789377,valid
8887,9,-0.83644295,valid
8888,9,-2.2877345,valid
8889,9,-3.2100916,valid
8890,9,-3.408035,valid
8891,9,-2.8702047,valid
8892,9,-4.494095,valid
8893,9,-5.3054886,valid
8894,9,-3.54801,valid
8895,9,-4.955819,valid
8896,9,-5.1952014,valid
8897,9,-2.9158862,valid
8898,9,-3.4683893,valid
8899,9,1.6320481,valid
8900,9,-4.802713,valid
8901,9,-3.893556,valid
8902,9,-0.60520494,valid
8903,9,-2.2749572,valid
8904,9,-1.3347551,valid
8905,9,-2.2877312,valid
8906,9,-6.9506154,valid
8907,9,-2.0955696,valid
8908,9,-7.778898,valid
8909,9,-1.3523705,valid
8910,9,-3.1590965,valid
8911,9,-1.9970437,valid
8912,9,-3.287426,valid
8913,9,-2.0803766,valid
8914,9,-3.289487,valid
8915,9,-3.786822,valid
8916,9,0.03639601,valid
8917,9,-4.6876197,valid
8918,9,-2.0585637,valid
8919,9,-2.5103476,valid
8920,9,-4.6040487,valid
8921,9,-1.0853528,valid
8922,9,-3.3127427,valid
8923,9,-7.3523097,valid
8924,9,-7.1305795,valid
8925,9,-2.0200536,valid
8926,9,-4.1619554,valid
8927,9,-5.464589,valid
8928,9,-2.218251,valid
8929,9,-5.101641,valid
8930,9,-3.7327058,valid
8931,9,-2.519177,valid
8932,9,-1.5714476,valid
8933,9,-2.855189,valid
8934,9,-2.8461113,valid
8935,9,-6.839498,valid
8936,9,-5.05176,valid
8937,9,-2.6657333,valid
8938,9,-2.2056353,valid
8939,9,-6.4186025,valid
8940,9,-3.006071,valid
8941,9,-1.1974565,valid
8942,9,0.48851246,valid
8943,9,-1.4449724,valid
8944,9,-4.3045535,valid
8945,9,-3.7337704,valid
8946,9,-1.5752834,valid
8947,9,-1.9770145,valid
8948,9,-0.796845,valid
8949,9,-3.6334565,valid
8950,9,-8.103279,valid
8951,9,-4.541928,valid
8952,9,-3.3510604,valid
8953,9,-3.7043614,valid
8954,9,-3.525621,valid
8955,9,-3.3694546,valid
8956,9,-4.585015,valid
8957,9,-4.6844606,valid
8958,9,-2.449059,valid
8959,9,-4.835955,valid
8960,9,-5.021548,valid
8961,9,-4.8830876,valid
8962,9,-3.1946337,valid
8963,9,-2.909052,valid
8964,9,-3.4691865,valid
8965,9,-2.5100713,valid
8966,9,-4.963868,valid
8967,9,0.5270893,valid
8968,9,-4.8074093,valid
8969,9,-0.37889686,valid
8970,9,-5.1932945,valid
8971,9,-3.4198341,valid
8972,9,-0.77377003,valid
8973,9,-4.6447167,valid
8974,9,-8.451852,valid
8975,9,-3.1132727,valid
8976,9,-3.4338238,valid
8977,9,-3.6171737,valid
8978,9,-0.7547541,valid
8979,9,-1.3218212,valid
8980,9,-3.8293254,valid
8981,9,-1.9314774,valid
8982,10,-2.2212794,valid
8983,10,-1.018278,valid
8984,10,-4.4019947,valid
8985,10,-3.8466125,valid
8986,10,-3.973404,valid
8987,10,-4.40103,valid
8988,10,-2.2504184,valid
8989,10,-3.4481916,valid
8990,10,-1.8215239,valid
8991,10,-3.3688097,valid
8992,10,-2.7781663,valid
8993,10,-4.2266693,valid
8994,10,-2.1006753,valid
8995,10,-3.1108243,valid
8996,10,-2.830193,valid
8997,10,-3.279953,valid
8998,10,-2.692626,valid
8999,10,1.1173462,valid
9000,10,-2.3229675,valid
9001,10,-3.2448416,valid
9002,10,0.9583309,valid
9003,10,-0.3421626,valid
9004,10,-3.5171945,valid
9005,10,-1.1184322,valid
9006,10,-2.3450212,valid
9007,10,-1.1760617,valid
9008,10,-3.110548,valid
9009,10,-1.6057396,valid
9010,10,-2.0911086,valid
9011,10,-3.9974961,valid
9012,10,-0.51429534,valid
9013,10,-0.42665875,valid
9014,10,-2.9472065,valid
9015,10,-1.321531,valid
9016,10,-2.6255364,valid
9017,10,-8.1855,valid
9018,10,-1.8937118,valid
9019,10,-1.6950074,valid
9020,10,-5.0464945,valid
9021,10,-2.022571,valid
9022,10,-4.730254,valid
9023,10,0.5883007,valid
9024,10,-2.569088,valid
9025,10,-0.035929922,valid
9026,10,-5.3050547,valid
9027,10,-3.7115817,valid
9028,10,-2.2936356,valid
9029,10,1.239046,valid
9030,10,-2.6926262,valid
9031,10,-6.3803725,valid
9032,10,-2.0723763,valid
9033,10,-1.0426443,valid
9034,10,-2.8314192,valid
9035,10,-2.257488,valid
9036,10,-3.4446425,valid
9037,10,-5.336364,valid
9038,10,-4.4789753,valid
9039,10,-4.641189,valid
9040,10,0.44669232,valid
9041,10,-3.1042917,valid
9042,10,-1.2952832,valid
9043,10,-5.5770264,valid
9044,10,-3.3572133,valid
9045,10,-2.6121602,valid
9046,10,-0.92604715,valid
9047,10,-1.7574979,valid
9048,10,-3.4526381,valid
9049,10,-3.724466,valid
9050,10,-2.3423584,valid
9051,10,-2.0997548,valid
9052,10,-0.9723424,valid
9053,10,-4.9123707,valid
9054,10,-1.7461762,valid
9055,10,-0.6663502,valid
9056,10,-3.7013927,valid
9057,10,-2.8835561,valid
9058,10,-3.7011125,valid
9059,10,-1.5320265,valid
9060,10,-2.9939737,valid
9061,10,-1.9128525,valid
9062,10,-3.5826259,valid
9063,10,0.13466777,valid
9064,10,-3.6691852,valid
9065,10,-5.540246,valid
9066,10,-3.8221204,valid
9067,10,-0.94567055,valid
9068,10,-5.5697613,valid
9069,10,-2.3573134,valid
9070,10,-2.257608,valid
9071,10,-3.4765797,valid
9072,10,-1.5973332,valid
9073,10,-4.6092725,valid
9074,10,-1.9839526,valid
9075,10,-2.842188,valid
9076,10,-1.5186703,valid
9077,10,-0.7737413,valid
9078,10,-5.335999,valid
9079,10,-2.5278726,valid
9080,10,1.2507225,valid
9081,10,-1.7994146,valid
9082,10,0.005498004,valid
9083,10,-0.9685521,valid
9084,10,-3.0144172,valid
9085,10,-2.532155,valid
9086,10,-4.9325333,valid
9087,10,-2.9929173,valid
9088,10,-4.6985664,valid
9089,10,0.21415457,valid
9090,10,-2.2735016,valid
9091,10,-6.237055,valid
9092,10,-2.8702683,valid
9093,10,-2.5476348,valid
9094,10,-1.5412507,valid
9095,10,-1.7023519,valid
9096,10,-3.000647,valid
9097,10,-2.7934241,valid
9098,10,-0.55865085,valid
9099,10,-0.46491572,valid
9100,10,0.038871046,valid
9101,10,0.41827238,valid
9102,10,-0.48839274,valid
9103,10,-1.9226282,valid
9104,10,1.0899155,valid
9105,10,-5.659586,valid
9106,10,-4.6153393,valid
9107,10,0.43473074,valid
9108,10,-3.7595336,valid
9109,10,-2.1102223,valid
9110,10,-1.7562232,valid
9111,10,-2.2945132,valid
9112,10,-2.2174346,valid
9113,10,-4.8567057,valid
9114,10,-4.744563,valid
9115,10,-2.715448,valid
9116,10,-2.287908,valid
9117,10,-2.8032618,valid
9118,10,1.2766362,valid
9119,10,-3.7741497,valid
9120,10,-0.09651069,valid
9121,10,-2.3550522,valid
9122,10,-2.343215,valid
9123,10,-4.383014,valid
9124,10,0.25927758,valid
9125,10,-5.764793,valid
9126,10,-3.0563781,valid
9127,10,0.9404005,valid
9128,10,-4.835284,valid
9129,10,-5.3938484,valid
9130,10,-1.8886497,valid
9131,10,-1.4544903,valid
9132,10,-2.8050032,valid
9133,10,-0.55934715,valid
9134,10,-4.061479,valid
9135,10,-3.3539715,valid
9136,10,-1.2852571,valid
9137,10,-2.5850935,valid
9138,10,0.30004635,valid
9139,10,-1.3720752,valid
9140,10,-2.1744573,valid
9141,10,-5.7825623,valid
9142,10,-2.6926265,valid
9143,10,-1.6326845,valid
9144,10,-1.892264,valid
9145,10,-2.1518593,valid
9146,10,-2.2204676,valid
9147,10,-0.99917144,valid
9148,10,-0.037909392,valid
9149,10,-1.7806008,valid
9150,10,-3.3616621,valid
9151,10,-5.2936134,valid
9152,10,-1.208029,valid
9153,10,-4.84632,valid
9154,10,-5.4015994,valid
9155,10,-2.1993887,valid
9156,10,-5.547067,valid
9157,10,-5.247068,valid
9158,10,-3.8397362,valid
9159,10,-4.5498505,valid
9160,10,-4.6198354,valid
9161,10,-2.981972,valid
9162,10,-2.811353,valid
9163,10,-2.0089207,valid
9164,10,-3.4864116,valid
9165,10,-1.7771523,valid
9166,10,-2.1453106,valid
9167,10,-2.1120605,valid
9168,10,-2.6146345,valid
9169,10,-4.0140085,valid
9170,10,-2.2061837,valid
9171,10,-3.7040336,valid
9172,10,-3.4668274,valid
9173,10,-1.9917121,valid
9174,10,-6.3605776,valid
9175,10,-4.45609,valid
9176,10,-5.5704517,valid
9177,10,0.23174468,valid
9178,10,-4.678133,valid
9179,10,0.85448056,valid
9180,10,-3.170353,valid
9181,10,-3.303842,valid
9182,10,-2.362165,valid
9183,10,-3.8498993,valid
9184,10,-3.8054273,valid
9185,10,-2.9692423,valid
9186,10,-5.739973,valid
9187,10,-2.615482,valid
9188,10,-3.5028298,valid
9189,10,-2.4186478,valid
9190,10,-4.9333467,valid
9191,10,-2.5495708,valid
9192,10,-2.7318006,valid
9193,10,-2.826221,valid
9194,10,-3.9968739,valid
9195,10,-3.8435287,valid
9196,10,-3.2679026,valid
9197,10,-0.04067509,valid
9198,10,-3.5351229,valid
9199,10,-1.8787123,valid
9200,10,-3.4490361,valid
9201,10,0.80688936,valid
9202,10,-3.2270594,valid
9203,10,-2.9043381,valid
9204,10,0.2058455,valid
9205,10,-4.979374,valid
9206,10,-1.4915181,valid
9207,10,-2.6926262,valid
9208,10,-2.3214197,valid
9209,10,-2.960519,valid
9210,10,-3.7343423,valid
9211,10,-0.86731946,valid
9212,10,-1.8869684,valid
9213,10,-2.8684533,valid
9214,10,-4.169059,valid
9215,10,-1.6304113,valid
9216,10,-4.1455183,valid
9217,10,-3.5294604,valid
9218,10,-3.0583682,valid
9219,10,-0.39075032,valid
9220,10,-3.1703112,valid
9221,10,-2.9092774,valid
9222,10,-4.16474,valid
9223,10,-2.1489892,valid
9224,10,-1.8874317,valid
9225,10,-3.0248384,valid
9226,10,-2.3869727,valid
9227,10,-3.3396773,valid
9228,10,-2.6324053,valid
9229,10,-3.1299865,valid
9230,10,-3.806276,valid
9231,10,-2.1255832,valid
9232,10,-6.8853345,valid
9233,10,-3.1405292,valid
9234,10,-1.0963461,valid
9235,10,-2.3171115,valid
9236,10,-5.3207865,valid
9237,10,-2.140016,valid
9238,10,-2.6256962,valid
9239,10,-3.1333952,valid
9240,10,-1.3654823,valid
9241,10,-3.783621,valid
9242,10,-1.4271982,valid
9243,10,-3.3090127,valid
9244,10,-1.7195923,valid
9245,10,-2.9399796,valid
9246,10,-3.7580228,valid
9247,10,1.6602044,valid
9248,10,-2.8342063,valid
9249,10,0.2278724,valid
9250,10,-5.9446034,valid
9251,10,-5.669902,valid
9252,10,-2.2553189,valid
9253,10,-3.5151901,valid
9254,10,0.047145255,valid
9255,10,-1.6110178,valid
9256,10,-4.710724,valid
9257,10,-6.121002,valid
9258,10,-2.4327016,valid
9259,10,-2.9190052,valid
9260,10,-4.073801,valid
9261,10,-3.6215756,valid
9262,10,-4.1737003,valid
9263,10,0.6551643,valid
9264,10,-1.699297,valid
9265,10,-5.2728477,valid
9266,10,-1.0760937,valid
9267,10,-0.21802111,valid
9268,10,-3.4225073,valid
9269,10,-2.3792744,valid
9270,10,-3.61954,valid
9271,10,-1.3862982,valid
9272,10,-3.5524397,valid
9273,10,-3.7996128,valid
9274,10,-2.222225,valid
9275,10,-1.2547989,valid
9276,10,-5.4217076,valid
9277,10,-3.3572536,valid
9278,10,-3.6539297,valid
9279,10,-3.2153738,valid
9280,10,-0.7735031,valid
9281,10,-3.979692,valid
9282,10,-3.0797267,valid
9283,10,-5.263308,valid
9284,10,-0.72158116,valid
9285,10,-4.130273,valid
9286,10,-0.72420925,valid
9287,10,-2.2107205,valid
9288,10,-1.3059837,valid
9289,10,-2.629705,valid
9290,10,-5.3070054,valid
9291,10,-5.623902,valid
9292,10,-1.8610578,valid
9293,10,-1.7602212,valid
9294,10,-1.8068788,valid
9295,10,-1.5131689,valid
9296,10,-3.6820774,valid
9297,10,-4.8220186,valid
9298,10,-5.936969,valid
9299,10,-3.8767605,valid
9300,10,-1.5356203,valid
9301,10,-3.5123947,valid
9302,10,-3.128075,valid
9303,10,-7.063259,valid
9304,10,-2.7525702,valid
9305,10,-5.4064655,valid
9306,10,-1.3357236,valid
9307,10,-1.1758927,valid
9308,10,-5.4186797,valid
9309,10,-1.7075133,valid
9310,10,-6.058072,valid
9311,10,-3.7808602,valid
9312,10,-4.2620387,valid
9313,10,-1.9330411,valid
9314,10,-2.6926262,valid
9315,10,-3.125188,valid
9316,10,-2.926629,valid
9317,10,-0.5743634,valid
9318,10,-2.1954086,valid
9319,10,-1.5530338,valid
9320,10,-1.7735419,valid
9321,10,-2.505214,valid
9322,10,-1.5624776,valid
9323,10,-4.2584414,valid
9324,10,-3.9935484,valid
9325,10,-6.9682455,valid
9326,10,-3.1050334,valid
9327,10,-0.8176212,valid
9328,10,-5.620511,valid
9329,10,-2.8385162,valid
9330,10,-1.9803829,valid
9331,10,-4.9563866,valid
9332,10,-2.6661859,valid
9333,10,-3.8319874,valid
9334,10,-3.9530654,valid
9335,10,-3.5391614,valid
9336,10,-1.8584611,valid
9337,10,-1.2591646,valid
9338,10,-0.04394279,valid
9339,10,-2.1333966,valid
9340,10,-3.1389499,valid
9341,10,-1.6499194,valid
9342,10,-1.3175274,valid
9343,10,-5.247068,valid
9344,10,-1.1345906,valid
9345,10,-2.6926262,valid
9346,10,-2.6018796,valid
9347,10,-1.638656,valid
9348,10,-0.5282532,valid
9349,10,0.07689106,valid
9350,10,-1.5618882,valid
9351,10,-5.990202,valid
9352,10,-1.692738,valid
9353,10,-3.750649,valid
9354,10,-3.2919445,valid
9355,10,-8.162243,valid
9356,10,-7.82953,valid
9357,10,-2.34484,valid
9358,10,-4.994742,valid
9359,10,-1.9349259,valid
9360,10,-2.1900723,valid
9361,10,0.5119122,valid
9362,10,-3.8247538,valid
9363,10,-5.3358216,valid
9364,10,-0.8884717,valid
9365,10,-2.8330424,valid
9366,10,-0.85582846,valid
9367,10,-4.004551,valid
9368,10,-3.0897257,valid
9369,10,-9.359605,valid
9370,10,-2.5090659,valid
9371,10,-4.132997,valid
9372,10,-2.5203543,valid
9373,10,-5.390086,valid
9374,10,-1.1339569,valid
9375,10,-2.4247856,valid
9376,10,-0.5174546,valid
9377,10,-2.3951032,valid
9378,10,-1.7726012,valid
9379,10,-1.6687307,valid
9380,10,-2.9149928,valid
9381,10,-4.866396,valid
9382,10,-1.7632862,valid
9383,10,-3.945372,valid
9384,10,-3.0580826,valid
9385,10,-2.4660404,valid
9386,10,-3.170733,valid
9387,10,0.3451059,valid
9388,10,-4.7840977,valid
9389,10,-4.018723,valid
9390,10,-4.207965,valid
9391,10,-3.054607,valid
9392,10,-1.3414221,valid
9393,10,-0.6887687,valid
9394,10,-2.2610857,valid
9395,10,-1.4127831,valid
9396,10,-0.34125966,valid
9397,10,-1.7328303,valid
9398,10,-1.3664019,valid
9399,10,-3.6943412,valid
9400,10,-0.014899082,valid
9401,10,-1.8845754,valid
9402,10,-2.6926262,valid
9403,10,-2.6774316,valid
9404,10,-0.34264606,valid
9405,10,-2.581637,valid
9406,10,-3.7878456,valid
9407,10,-3.6770601,valid
9408,10,-2.952185,valid
9409,10,-2.650659,valid
9410,10,-3.8206687,valid
9411,10,-2.9959486,valid
9412,10,-1.8467584,valid
9413,10,-2.4516344,valid
9414,10,-0.8552478,valid
9415,10,-4.3954406,valid
9416,10,-4.423826,valid
9417,10,-4.1339326,valid
9418,10,-4.1297636,valid
9419,10,-5.208682,valid
9420,10,-2.6926262,valid
9421,10,-3.242815,valid
9422,10,-5.725251,valid
9423,10,-3.6240509,valid
9424,10,-3.5445871,valid
9425,10,0.79789585,valid
9426,10,-0.7171058,valid
9427,10,-6.388184,valid
9428,10,-0.061793704,valid
9429,10,-6.4629893,valid
9430,10,-3.508867,valid
9431,10,-1.5338554,valid
9432,10,-1.3840799,valid
9433,10,-5.3260994,valid
9434,10,-3.9173748,valid
9435,10,-0.59089667,valid
9436,10,-2.8532276,valid
9437,10,1.7359391,valid
9438,10,-1.152088,valid
9439,10,-2.376868,valid
9440,10,-2.882507,valid
9441,10,-4.049827,valid
9442,10,-0.085095875,valid
9443,10,-3.7119956,valid
9444,10,-2.704267,valid
9445,10,-2.557788,valid
9446,10,-3.2478998,valid
9447,10,-3.1458993,valid
9448,10,-2.4101386,valid
9449,10,-1.1572874,valid
9450,10,-1.8131276,valid
9451,10,-3.2329655,valid
9452,10,-4.65789,valid
9453,10,-3.9069684,valid
9454,10,-3.592835,valid
9455,10,-1.407134,valid
9456,10,-3.4306085,valid
9457,10,-3.9864233,valid
9458,10,-3.9631085,valid
9459,10,-5.9014697,valid
9460,10,-1.3697555,valid
9461,10,-2.7367673,valid
9462,10,-2.4675105,valid
9463,10,-2.7661815,valid
9464,10,-2.2802162,valid
9465,10,-2.6974483,valid
9466,10,-3.4319496,valid
9467,10,-1.5431367,valid
9468,10,-3.8764987,valid
9469,10,-4.4056544,valid
9470,10,-1.9218981,valid
9471,10,-2.058957,valid
9472,10,-0.85475606,valid
9473,10,-4.141803,valid
9474,10,-3.5902286,valid
9475,10,-1.6503644,valid
9476,10,-3.4397495,valid
9477,10,-2.39551,valid
9478,10,-1.9506023,valid
9479,10,-3.7811449,valid
9480,10,-5.4293995,valid
9481,10,0.45284766,valid
9482,10,-3.3104663,valid
9483,10,-1.6147318,valid
9484,10,-1.5230758,valid
9485,10,-1.9097973,valid
9486,10,-3.367333,valid
9487,10,-2.1488075,valid
9488,10,0.1136888,valid
9489,10,-0.6126563,valid
9490,10,-3.939353,valid
9491,10,-4.46137,valid
9492,10,-1.7656164,valid
9493,10,-3.1994283,valid
9494,10,-5.02932,valid
9495,10,-1.1414797,valid
9496,10,-4.7474127,valid
9497,10,-4.7306886,valid
9498,10,-2.7090266,valid
9499,10,-5.4558268,valid
9500,10,-2.2346768,valid
9501,10,-0.084950574,valid
9502,10,-1.998558,valid
9503,10,-4.5089145,valid
9504,10,-4.01204,valid
9505,10,-2.0780342,valid
9506,10,-2.9824286,valid
9507,10,-2.1701028,valid
9508,10,-2.1339264,valid
9509,10,-1.2156876,valid
9510,10,-0.6957207,valid
9511,10,-1.2026854,valid
9512,10,-1.4823976,valid
9513,10,-0.3172823,valid
9514,10,-4.484312,valid
9515,10,-0.82546526,valid
9516,10,-2.5038357,valid
9517,10,-3.4928372,valid
9518,10,-0.64749014,valid
9519,10,-1.7177815,valid
9520,10,-3.651151,valid
9521,10,-3.8277082,valid
9522,10,-4.183288,valid
9523,10,-1.134231,valid
9524,10,-2.1959407,valid
9525,10,0.50321776,valid
9526,10,-3.0930696,valid
9527,10,0.029786065,valid
9528,10,-1.1437621,valid
9529,10,-3.5561588,valid
9530,10,-4.7879295,valid
9531,10,-4.483163,valid
9532,10,-0.023110498,valid
9533,10,-3.339838,valid
9534,10,-2.0715122,valid
9535,10,-2.0546174,valid
9536,10,-1.0341754,valid
9537,10,-2.6440134,valid
9538,10,-1.0165279,valid
9539,10,2.054763,valid
9540,10,-3.6053805,valid
9541,10,-2.9166837,valid
9542,10,-3.59207,valid
9543,10,-1.0724375,valid
9544,10,0.3146674,valid
9545,10,-6.08365,valid
9546,10,-2.6058936,valid
9547,10,-3.0732574,valid
9548,10,-2.0231724,valid
9549,10,-3.4844832,valid
9550,10,-1.3981304,valid
9551,10,2.143558,valid
9552,10,-0.45455846,valid
9553,10,-0.27779078,valid
9554,10,-2.241787,valid
9555,10,0.37143072,valid
9556,10,-3.9088285,valid
9557,10,-0.67132956,valid
9558,10,-6.069067,valid
9559,10,-2.1683035,valid
9560,10,-0.70135033,valid
9561,10,-4.3961954,valid
9562,10,1.2751588,valid
9563,10,-0.46559158,valid
9564,10,-1.5455413,valid
9565,10,-0.8511455,valid
9566,10,-1.233606,valid
9567,10,-3.190979,valid
9568,10,-2.538079,valid
9569,10,-3.8479817,valid
9570,10,-2.533527,valid
9571,10,-4.1005216,valid
9572,10,-2.5052128,valid
9573,10,-2.5032468,valid
9574,10,-0.6887291,valid
9575,10,0.051505756,valid
9576,10,-3.6930296,valid
9577,10,-1.8274162,valid
9578,10,0.6173834,valid
9579,10,-3.397367,valid
9580,10,-0.66959345,valid
9581,10,-2.9465532,valid
9582,10,-2.2833357,valid
9583,10,-3.5949569,valid
9584,10,0.47850406,valid
9585,10,-0.037909392,valid
9586,10,-4.945276,valid
9587,10,-2.7591262,valid
9588,10,-1.6524215,valid
9589,10,-8.115124,valid
9590,10,-4.798239,valid
9591,10,-1.740525,valid
9592,10,-3.991056,valid
9593,10,-3.692332,valid
9594,10,-2.7363586,valid
9595,10,-4.202912,valid
9596,10,-3.3731456,valid
9597,10,-2.2444162,valid
9598,10,-4.0680547,valid
9599,10,-4.567408,valid
9600,10,-2.610835,valid
9601,10,-4.576707,valid
9602,10,-3.7445168,valid
9603,10,-2.615326,valid
9604,10,-3.1031864,valid
9605,10,-1.1591854,valid
9606,10,-2.3482184,valid
9607,10,-0.7942601,valid
9608,10,-4.791273,valid
9609,10,-5.1285048,valid
9610,10,-1.8690084,valid
9611,10,-3.4743273,valid
9612,10,-2.9498677,valid
9613,10,-4.1683545,valid
9614,10,-2.788803,valid
9615,10,-5.002256,valid
9616,10,-2.482038,valid
9617,10,-3.3373816,valid
9618,10,0.80884284,valid
9619,10,-1.103136,valid
9620,10,-3.3680847,valid
9621,10,-1.8359462,valid
9622,10,-0.8012539,valid
9623,10,-4.2592607,valid
9624,10,-2.5835843,valid
9625,10,-1.1100829,valid
9626,10,-2.960519,valid
9627,10,-4.353821,valid
9628,10,-3.9406638,valid
9629,10,-3.2353926,valid
9630,10,-2.193263,valid
9631,10,0.54701155,valid
9632,10,-2.7698824,valid
9633,10,-2.549369,valid
9634,10,-5.348195,valid
9635,10,-3.351338,valid
9636,10,-4.8671074,valid
9637,10,-3.7015548,valid
9638,10,-1.0245551,valid
9639,10,0.154681,valid
9640,10,-2.6287482,valid
9641,10,-2.1934633,valid
9642,10,-2.952835,valid
9643,10,-3.5688999,valid
9644,10,-4.317372,valid
9645,10,-4.822724,valid
9646,10,-2.8985329,valid
9647,10,-3.400569,valid
9648,10,-1.3550953,valid
9649,10,-1.5518957,valid
9650,10,-1.6142321,valid
9651,10,-4.4121494,valid
9652,10,-5.2440367,valid
9653,10,-5.3820877,valid
9654,10,-2.3561413,valid
9655,10,0.37456828,valid
9656,10,-2.8228457,valid
9657,10,-0.9120102,valid
9658,10,-6.0451827,valid
9659,10,-5.089384,valid
9660,10,0.022472959,valid
9661,10,-1.7814617,valid
9662,10,-4.8110275,valid
9663,10,-0.88787806,valid
9664,10,-5.3092914,valid
9665,10,-1.006759,valid
9666,10,1.2785087,valid
9667,10,-3.800273,valid
9668,10,-1.7910213,valid
9669,10,-5.5229235,valid
9670,10,-6.3760195,valid
9671,10,-2.3896575,valid
9672,10,-3.9637136,valid
9673,10,-4.466736,valid
9674,10,-1.9174467,valid
9675,10,-3.8613114,valid
9676,10,-2.745041,valid
9677,10,-4.2146387,valid
9678,10,-2.364953,valid
9679,10,-4.416256,valid
9680,10,-3.691222,valid
9681,10,-2.3751502,valid
9682,10,-3.6182141,valid
9683,10,-2.5440013,valid
9684,10,-1.8799216,valid
9685,10,-2.8132348,valid
9686,10,-2.0484037,valid
9687,10,-5.2162676,valid
9688,10,-1.0197197,valid
9689,10,-2.4936442,valid
9690,10,-3.0891545,valid
9691,10,-3.8639524,valid
9692,10,-2.1766515,valid
9693,10,-4.2922087,valid
9694,10,-4.663183,valid
9695,10,-3.1394477,valid
9696,10,-2.0641654,valid
9697,10,-1.2407913,valid
9698,10,-2.5980015,valid
9699,10,1.0649482,valid
9700,10,-4.9143577,valid
9701,10,-4.4321213,valid
9702,10,-5.7804914,valid
9703,10,-2.6072464,valid
9704,10,-2.432642,valid
9705,10,-2.3150015,valid
9706,10,-3.4155383,valid
9707,10,-2.5069385,valid
9708,10,-1.2040054,valid
9709,10,-1.4788252,valid
9710,10,-4.3956556,valid
9711,10,-2.5578713,valid
9712,10,-0.14921942,valid
9713,10,-1.3981304,valid
9714,10,-0.22276403,valid
9715,10,-3.795014,valid
9716,10,-2.214291,valid
9717,10,-1.5387322,valid
9718,10,-3.805337,valid
9719,10,-0.7922444,valid
9720,10,-3.4495175,valid
9721,10,-3.184075,valid
9722,10,-4.4227467,valid
9723,10,-3.3523183,valid
9724,10,-2.6371515,valid
9725,10,-4.5933824,valid
9726,10,-4.0049834,valid
9727,10,-3.1460288,valid
9728,10,-2.4845252,valid
9729,10,-3.89889,valid
9730,10,-0.015847262,valid
9731,10,-1.5058742,valid
9732,10,-4.780884,valid
9733,10,-3.3690271,valid
9734,10,-1.9941902,valid
9735,10,0.3457427,valid
9736,10,-6.365217,valid
9737,10,-5.2596784,valid
9738,10,-2.1700044,valid
9739,10,-1.9733396,valid
9740,10,-5.079296,valid
9741,10,-1.5722796,valid
9742,10,-0.3848226,valid
9743,10,-4.1499805,valid
9744,10,-2.562498,valid
9745,10,-5.6910596,valid
9746,10,-2.5617409,valid
9747,10,-2.5140457,valid
9748,10,-3.361454,valid
9749,10,0.42007008,valid
9750,10,-2.3421507,valid
9751,10,-2.454758,valid
9752,10,-1.1708788,valid
9753,10,0.14882112,valid
9754,10,-0.5161236,valid
9755,10,-4.478856,valid
9756,10,-3.1839118,valid
9757,10,-0.3116023,valid
9758,10,-2.7512012,valid
9759,10,-3.6923568,valid
9760,10,-2.2987971,valid
9761,10,-3.2758038,valid
9762,10,-1.6939937,valid
9763,10,-0.86609876,valid
9764,10,0.32933536,valid
9765,10,-1.9375485,valid
9766,10,-0.89057606,valid
9767,10,-2.8085747,valid
9768,10,-0.57999796,valid
9769,10,-4.5100307,valid
9770,10,-3.1094594,valid
9771,10,-1.9691782,valid
9772,10,-5.797195,valid
9773,10,-5.477818,valid
9774,10,-1.5792173,valid
9775,10,-3.9502919,valid
9776,10,-3.700111,valid
9777,10,-4.632972,valid
9778,10,-3.6757467,valid
9779,10,-3.1490557,valid
9780,10,1.1394613,valid
9781,10,-1.7600237,valid
9782,10,-3.5768452,valid
9783,10,-4.3874226,valid
9784,10,-4.961424,valid
9785,10,-2.7514842,valid
9786,10,-0.9643686,valid
9787,10,-1.6869467,valid
9788,10,-4.931141,valid
9789,10,-1.6899569,valid
9790,10,-2.2655025,valid
9791,10,-2.8251557,valid
9792,10,-1.1443999,valid
9793,10,-2.2960715,valid
9794,10,-2.849275,valid
9795,10,-3.9544542,valid
9796,10,-2.3495116,valid
9797,10,-1.5238926,valid
9798,10,-3.2321076,valid
9799,10,-4.922854,valid
9800,10,-2.6638687,valid
9801,10,-1.0684141,valid
9802,10,-2.1466427,valid
9803,10,-3.7068188,valid
9804,10,-2.765286,valid
9805,10,-5.6856694,valid
9806,10,-5.5248623,valid
9807,10,-0.79826945,valid
9808,10,0.04313768,valid
9809,10,-2.6449137,valid
9810,10,-1.7639105,valid
9811,10,-5.1200457,valid
9812,10,-1.2687461,valid
9813,10,-3.9726498,valid
9814,10,-4.2870736,valid
9815,10,-2.5303493,valid
9816,10,-5.1165457,valid
9817,10,-1.3980918,valid
9818,10,-4.3361974,valid
9819,10,-1.2092173,valid
9820,10,-2.8053436,valid
9821,10,-1.3831954,valid
9822,10,-2.376583,valid
9823,10,-3.9242964,valid
9824,10,-3.028923,valid
9825,10,-5.2969627,valid
9826,10,-3.5289555,valid
9827,10,-3.9074912,valid
9828,10,-2.908619,valid
9829,10,-4.173801,valid
9830,10,-3.721552,valid
9831,10,-2.2867575,valid
9832,10,-3.99512,valid
9833,10,-2.9266534,valid
9834,10,-1.118164,valid
9835,10,-1.6629221,valid
9836,10,-4.4471154,valid
9837,10,-3.8633854,valid
9838,10,-1.7886481,valid
9839,10,-2.7685804,valid
9840,10,-0.71354514,valid
9841,10,-2.2616267,valid
9842,10,-0.16334668,valid
9843,10,-5.458226,valid
9844,10,-3.7745376,valid
9845,10,-3.510868,valid
9846,10,-0.95834494,valid
9847,10,-4.3762856,valid
9848,10,-2.4637036,valid
9849,10,-3.8573542,valid
9850,10,-3.4214804,valid
9851,10,-0.9265284,valid
9852,10,-3.7662776,valid
9853,10,-2.7268867,valid
9854,10,-4.159683,valid
9855,10,-4.3742986,valid
9856,10,0.17093998,valid
9857,10,-3.7407184,valid
9858,10,-3.5135424,valid
9859,10,-1.5230758,valid
9860,10,-2.851074,valid
9861,10,-3.6657114,valid
9862,10,-7.2575817,valid
9863,10,-6.304063,valid
9864,10,-3.3913674,valid
9865,10,-3.0995812,valid
9866,10,-3.0822215,valid
9867,10,-2.2655027,valid
9868,10,-3.968069,valid
9869,10,-1.6197225,valid
9870,10,2.4219475,valid
9871,10,-4.951308,valid
9872,10,-5.417922,valid
9873,10,-3.3155942,valid
9874,10,-3.481535,valid
9875,10,-6.717326,valid
9876,10,-2.5591269,valid
9877,10,-1.1828648,valid
9878,10,-2.3121905,valid
9879,10,-4.9884276,valid
9880,10,-6.7173257,valid
9881,10,-2.8594823,valid
9882,10,0.06393728,valid
9883,10,-3.6006396,valid
9884,10,-2.927868,valid
9885,10,-0.18461746,valid
9886,10,-1.9062829,valid
9887,10,-3.1807392,valid
9888,10,-2.800292,valid
9889,10,-2.6860456,valid
9890,10,-3.2774515,valid
9891,10,-4.837228,valid
9892,10,-4.3818417,valid
9893,10,-4.007418,valid
9894,10,-4.4163876,valid
9895,10,-2.583468,valid
9896,10,-3.2758036,valid
9897,10,0.06329486,valid
9898,10,-4.24126,valid
9899,10,-3.766596,valid
9900,10,-0.4572432,valid
9901,10,-1.6630532,valid
9902,10,-1.724481,valid
9903,10,-1.8408288,valid
9904,10,-6.098529,valid
9905,10,-2.7008204,valid
9906,10,-6.6836457,valid
9907,10,-0.8935299,valid
9908,10,-2.761549,valid
9909,10,-1.249599,valid
9910,10,-2.6926262,valid
9911,10,-1.5673912,valid
9912,10,-3.1127934,valid
9913,10,-2.9212148,valid
9914,10,0.7414189,valid
9915,10,-3.5218873,valid
9916,10,-2.150016,valid
9917,10,-1.4323759,valid
9918,10,-3.1840408,valid
9919,10,-1.8522115,valid
9920,10,-2.8709652,valid
9921,10,-6.446757,valid
9922,10,-6.1842403,valid
9923,10,-2.4440122,valid
9924,10,-3.1668844,valid
9925,10,-4.460748,valid
9926,10,-1.8480413,valid
9927,10,-4.1583686,valid
9928,10,-3.4072618,valid
9929,10,-2.6668582,valid
9930,10,-1.1443998,valid
9931,10,-2.0150073,valid
9932,10,-2.715439,valid
9933,10,-5.803403,valid
9934,10,-6.0022593,valid
9935,10,-2.3026843,valid
9936,10,-2.4425454,valid
9937,10,-6.0066643,valid
9938,10,-2.7846043,valid
9939,10,-0.58593243,valid
9940,10,1.0746875,valid
9941,10,-1.4399629,valid
9942,10,-3.7838414,valid
9943,10,-3.0797482,valid
9944,10,-1.2063329,valid
9945,10,-1.1308241,valid
9946,10,-0.3451647,valid
9947,10,-2.7516072,valid
9948,10,-7.0471654,valid
9949,10,-4.4721775,valid
9950,10,-2.7977877,valid
9951,10,-3.773736,valid
9952,10,-2.8509512,valid
9953,10,-2.5808382,valid
9954,10,-4.0836926,valid
9955,10,-4.2061996,valid
9956,10,-2.4478936,valid
9957,10,-4.621353,valid
9958,10,-4.558011,valid
9959,10,-4.359222,valid
9960,10,-3.1298084,valid
9961,10,-2.3798037,valid
9962,10,-2.8866687,valid
9963,10,-1.782847,valid
9964,10,-4.508915,valid
9965,10,0.92234534,valid
9966,10,-4.4673753,valid
9967,10,-0.6862035,valid
9968,10,-4.543293,valid
9969,10,-3.2069333,valid
9970,10,-0.7366016,valid
9971,10,-4.218096,valid
9972,10,-7.3783674,valid
9973,10,-2.7457721,valid
9974,10,-2.7604384,valid
9975,10,-2.5735269,valid
9976,10,-0.8141491,valid
9977,10,-1.1209544,valid
9978,10,-3.1453705,valid
9979,10,-1.6379765,valid
9980,11,-3.7001448,valid
9981,11,-1.155944,valid
9982,11,-5.314583,valid
9983,11,-4.0787477,valid
9984,11,-5.435331,valid
9985,11,-5.3478017,valid
9986,11,-2.7220373,valid
9987,11,-3.94025,valid
9988,11,-2.6345434,valid
9989,11,-4.01897,valid
9990,11,-3.2352266,valid
9991,11,-4.4883423,valid
9992,11,-2.4074345,valid
9993,11,-3.4311352,valid
9994,11,-3.2292955,valid
9995,11,-3.2828968,valid
9996,11,-4.091973,valid
9997,11,1.1165986,valid
9998,11,-3.1980066,valid
9999,11,-3.7329123,valid
10000,11,0.3672895,valid
10001,11,-0.45050934,valid
10002,11,-4.0411515,valid
10003,11,-1.6525364,valid
10004,11,-3.149757,valid
10005,11,-1.3711972,valid
10006,11,-4.4225044,valid
10007,11,-1.9700986,valid
10008,11,-2.3435743,valid
10009,11,-3.409443,valid
10010,11,-1.5187209,valid
10011,11,-0.75262094,valid
10012,11,-3.8996348,valid
10013,11,-1.4797673,valid
10014,11,-3.3178325,valid
10015,11,-9.643815,valid
10016,11,-2.3411694,valid
10017,11,-2.8770661,valid
10018,11,-6.2955575,valid
10019,11,-1.713963,valid
10020,11,-6.2971635,valid
10021,11,-0.24596114,valid
10022,11,-2.7283363,valid
10023,11,-0.06141211,valid
10024,11,-5.733045,valid
10025,11,-3.9879205,valid
10026,11,-3.1475837,valid
10027,11,0.41972324,valid
10028,11,-4.091973,valid
10029,11,-7.3532977,valid
10030,11,-2.31712,valid
10031,11,-1.0295503,valid
10032,11,-3.2925057,valid
10033,11,-2.748175,valid
10034,11,-4.0950437,valid
10035,11,-5.877213,valid
10036,11,-4.860443,valid
10037,11,-4.6699986,valid
10038,11,0.45445627,valid
10039,11,-3.378887,valid
10040,11,-1.2324076,valid
10041,11,-7.814417,valid
10042,11,-3.5598993,valid
10043,11,-3.0013945,valid
10044,11,-0.8994026,valid
10045,11,-2.9464355,valid
10046,11,-3.4514215,valid
10047,11,-4.145718,valid
10048,11,-3.0718281,valid
10049,11,-2.7981935,valid
10050,11,-1.5241128,valid
10051,11,-5.8132997,valid
10052,11,-1.7393603,valid
10053,11,-0.8789129,valid
10054,11,-3.6603158,valid
10055,11,-3.0374262,valid
10056,11,-4.5973983,valid
10057,11,-1.8813813,valid
10058,11,-3.2050982,valid
10059,11,-3.5468366,valid
10060,11,-4.613331,valid
10061,11,-0.040151596,valid
10062,11,-5.8275213,valid
10063,11,-5.9699025,valid
10064,11,-4.5599723,valid
10065,11,-1.2842302,valid
10066,11,-6.3416324,valid
10067,11,-2.9323297,valid
10068,11,-3.147022,valid
10069,11,-4.5027876,valid
10070,11,-1.6958649,valid
10071,11,-5.9157414,valid
10072,11,-2.4124079,valid
10073,11,-3.450482,valid
10074,11,-1.8710287,valid
10075,11,-2.09814,valid
10076,11,-5.9207206,valid
10077,11,-2.7166004,valid
10078,11,0.5632412,valid
10079,11,-2.502481,valid
10080,11,-0.87703806,valid
10081,11,-1.8198298,valid
10082,11,-3.5766528,valid
10083,11,-3.4965777,valid
10084,11,-7.0462294,valid
10085,11,-3.4330192,valid
10086,11,-5.3859367,valid
10087,11,0.071360335,valid
10088,11,-2.8290842,valid
10089,11,-7.284786,valid
10090,11,-3.184219,valid
10091,11,-2.9544442,valid
10092,11,-0.39174736,valid
10093,11,-2.1522567,valid
10094,11,-3.2291048,valid
10095,11,-3.0185118,valid
10096,11,-1.0479501,valid
10097,11,-0.99208856,valid
10098,11,0.022156343,valid
10099,11,0.4889049,valid
10100,11,0.036786698,valid
10101,11,-2.2948306,valid
10102,11,1.4112042,valid
10103,11,-6.429629,valid
10104,11,-5.1008925,valid
10105,11,0.24297519,valid
10106,11,-4.923639,valid
10107,11,-2.8119755,valid
10108,11,-2.0317967,valid
10109,11,-2.373166,valid
10110,11,-2.17365,valid
10111,11,-5.6232915,valid
10112,11,-4.932633,valid
10113,11,-3.3122373,valid
10114,11,-3.056107,valid
10115,11,-2.992197,valid
10116,11,1.2646205,valid
10117,11,-5.122682,valid
10118,11,-0.04425483,valid
10119,11,-3.2832854,valid
10120,11,-2.9444118,valid
10121,11,-5.3888345,valid
10122,11,0.48081905,valid
10123,11,-7.2671103,valid
10124,11,-2.464443,valid
10125,11,0.8738617,valid
10126,11,-5.128736,valid
10127,11,-6.4325094,valid
10128,11,-2.2230034,valid
10129,11,-1.574477,valid
10130,11,-3.4543579,valid
10131,11,-0.9536599,valid
10132,11,-4.5046973,valid
10133,11,-4.199174,valid
10134,11,-0.8309777,valid
10135,11,-2.3315833,valid
10136,11,-0.48678336,valid
10137,11,-1.0490607,valid
10138,11,-2.2681646,valid
10139,11,-6.195975,valid
10140,11,-4.091973,valid
10141,11,-1.8936093,valid
10142,11,-2.5786774,valid
10143,11,-3.2809296,valid
10144,11,-2.1913252,valid
10145,11,-1.6255271,valid
10146,11,-0.07394032,valid
10147,11,-2.0501478,valid
10148,11,-5.202687,valid
10149,11,-5.826794,valid
10150,11,-2.7127285,valid
10151,11,-4.7452073,valid
10152,11,-6.5062895,valid
10153,11,-2.5231051,valid
10154,11,-6.3979416,valid
10155,11,-6.5717125,valid
10156,11,-4.1477866,valid
10157,11,-5.7163286,valid
10158,11,-5.977354,valid
10159,11,-3.4886508,valid
10160,11,-4.413385,valid
10161,11,-2.6400635,valid
10162,11,-3.85486,valid
10163,11,-1.9560262,valid
10164,11,-0.9710009,valid
10165,11,-2.745013,valid
10166,11,-3.152758,valid
10167,11,-4.652101,valid
10168,11,-3.5694482,valid
10169,11,-4.0512223,valid
10170,11,-4.842094,valid
10171,11,-2.3829746,valid
10172,11,-6.737976,valid
10173,11,-4.825169,valid
10174,11,-7.8201222,valid
10175,11,-0.1256296,valid
10176,11,-5.558936,valid
10177,11,0.89339364,valid
10178,11,-3.463532,valid
10179,11,-4.7743573,valid
10180,11,-2.6612425,valid
10181,11,-4.4060445,valid
10182,11,-4.893702,valid
10183,11,-2.3085358,valid
10184,11,-7.8725653,valid
10185,11,-2.78883,valid
10186,11,-4.0426087,valid
10187,11,-2.5675392,valid
10188,11,-4.9948735,valid
10189,11,-2.7389576,valid
10190,11,-3.5957866,valid
10191,11,-2.9780874,valid
10192,11,-5.372246,valid
10193,11,-4.9565883,valid
10194,11,-4.37246,valid
10195,11,-0.95741516,valid
10196,11,-3.153434,valid
10197,11,-2.339777,valid
10198,11,-4.026777,valid
10199,11,0.47121683,valid
10200,11,-4.452101,valid
10201,11,-3.041296,valid
10202,11,0.18382688,valid
10203,11,-6.067359,valid
10204,11,-1.4805489,valid
10205,11,-4.091973,valid
10206,11,-2.9320045,valid
10207,11,-2.8127053,valid
10208,11,-5.046734,valid
10209,11,-1.278177,valid
10210,11,-2.266144,valid
10211,11,-3.2978437,valid
10212,11,-4.629924,valid
10213,11,-2.1706297,valid
10214,11,-5.4914517,valid
10215,11,-3.7064104,valid
10216,11,-4.3821206,valid
10217,11,-0.2526865,valid
10218,11,-3.6425917,valid
10219,11,-3.2738974,valid
10220,11,-4.972779,valid
10221,11,-2.5144472,valid
10222,11,-1.7415043,valid
10223,11,-3.9948182,valid
10224,11,-3.517781,valid
10225,11,-3.5607464,valid
10226,11,-3.012936,valid
10227,11,-4.099996,valid
10228,11,-4.0037518,valid
10229,11,-2.2398624,valid
10230,11,-7.640018,valid
10231,11,-4.029682,valid
10232,11,-1.5101808,valid
10233,11,-2.848735,valid
10234,11,-7.8232183,valid
10235,11,-2.3575916,valid
10236,11,-3.9884682,valid
10237,11,-3.7377527,valid
10238,11,-1.8775252,valid
10239,11,-4.1868873,valid
10240,11,-2.6649702,valid
10241,11,-3.1028702,valid
10242,11,-2.3722966,valid
10243,11,-3.1441731,valid
10244,11,-3.9269462,valid
10245,11,1.1232891,valid
10246,11,-2.7995107,valid
10247,11,0.41817674,valid
10248,11,-8.155905,valid
10249,11,-8.090167,valid
10250,11,-2.7597413,valid
10251,11,-3.9513948,valid
10252,11,-0.5810795,valid
10253,11,-2.464568,valid
10254,11,-6.3328257,valid
10255,11,-8.946668,valid
10256,11,-2.8587668,valid
10257,11,-3.255754,valid
10258,11,-4.533247,valid
10259,11,-4.642537,valid
10260,11,-4.5884686,valid
10261,11,0.6057671,valid
10262,11,-1.6290985,valid
10263,11,-6.8286986,valid
10264,11,-1.3499421,valid
10265,11,-0.30360553,valid
10266,11,-4.0432243,valid
10267,11,-3.2522624,valid
10268,11,-3.9576535,valid
10269,11,-1.7863641,valid
10270,11,-3.6838953,valid
10271,11,-4.759069,valid
10272,11,-2.3998144,valid
10273,11,-0.046383787,valid
10274,11,-5.736399,valid
10275,11,-4.174191,valid
10276,11,-4.1915874,valid
10277,11,-3.6743574,valid
10278,11,-1.0154437,valid
10279,11,-4.34111,valid
10280,11,-3.4009356,valid
10281,11,-5.6969905,valid
10282,11,-1.4053644,valid
10283,11,-6.4016914,valid
10284,11,-1.5918705,valid
10285,11,-2.0643897,valid
10286,11,-1.5008161,valid
10287,11,-2.9971437,valid
10288,11,-5.8096786,valid
10289,11,-6.4613767,valid
10290,11,-2.107934,valid
10291,11,-2.8992279,valid
10292,11,-1.9887799,valid
10293,11,-2.804842,valid
10294,11,-3.8880787,valid
10295,11,-4.9584556,valid
10296,11,-7.3559165,valid
10297,11,-4.646692,valid
10298,11,-1.582236,valid
10299,11,-4.4132524,valid
10300,11,-4.100779,valid
10301,11,-7.484204,valid
10302,11,-2.8880067,valid
10303,11,-6.657315,valid
10304,11,-1.3315943,valid
10305,11,-1.9903865,valid
10306,11,-6.1763997,valid
10307,11,-2.5187216,valid
10308,11,-6.5300097,valid
10309,11,-4.094127,valid
10310,11,-4.4131804,valid
10311,11,-2.655683,valid
10312,11,-4.091973,valid
10313,11,-4.111544,valid
10314,11,-3.0727296,valid
10315,11,-0.19596073,valid
10316,11,-2.8786535,valid
10317,11,-2.4974325,valid
10318,11,-2.3336399,valid
10319,11,-3.0088975,valid
10320,11,-1.7947376,valid
10321,11,-4.292628,valid
10322,11,-4.190627,valid
10323,11,-7.888541,valid
10324,11,-3.756749,valid
10325,11,-1.2375531,valid
10326,11,-5.638259,valid
10327,11,-2.8246279,valid
10328,11,-3.617532,valid
10329,11,-4.9381566,valid
10330,11,-3.8585029,valid
10331,11,-4.17581,valid
10332,11,-4.7225676,valid
10333,11,-4.8976703,valid
10334,11,-2.5956864,valid
10335,11,-1.947262,valid
10336,11,0.025629833,valid
10337,11,-2.8026128,valid
10338,11,-3.7809715,valid
10339,11,-1.8630303,valid
10340,11,-1.2965951,valid
10341,11,-6.5717125,valid
10342,11,-1.2419674,valid
10343,11,-4.091973,valid
10344,11,-2.7938626,valid
10345,11,-1.6819386,valid
10346,11,-1.1981544,valid
10347,11,0.05104462,valid
10348,11,-3.0027113,valid
10349,11,-6.8422866,valid
10350,11,-1.7765,valid
10351,11,-5.542751,valid
10352,11,-4.298338,valid
10353,11,-9.325646,valid
10354,11,-8.95465,valid
10355,11,-3.5989275,valid
10356,11,-5.6337633,valid
10357,11,-2.3297324,valid
10358,11,-2.7162209,valid
10359,11,0.2394668,valid
10360,11,-4.5459566,valid
10361,11,-6.3015347,valid
10362,11,-1.187416,valid
10363,11,-3.3391542,valid
10364,11,-1.6066753,valid
10365,11,-4.148707,valid
10366,11,-3.2119074,valid
10367,11,-11.261162,valid
10368,11,-3.7588758,valid
10369,11,-5.0892773,valid
10370,11,-2.7821062,valid
10371,11,-6.3862405,valid
10372,11,-1.4234066,valid
10373,11,-3.0183191,valid
10374,11,-0.7616728,valid
10375,11,-3.088794,valid
10376,11,-3.0285919,valid
10377,11,-1.6295873,valid
10378,11,-3.79766,valid
10379,11,-5.279796,valid
10380,11,-1.9607409,valid
10381,11,-5.100309,valid
10382,11,-3.387786,valid
10383,11,-2.5038311,valid
10384,11,-3.8812768,valid
10385,11,-0.11815287,valid
10386,11,-6.3105974,valid
10387,11,-4.516224,valid
10388,11,-5.2053514,valid
10389,11,-2.3343616,valid
10390,11,-1.20891,valid
10391,11,-1.7483082,valid
10392,11,-3.4013016,valid
10393,11,-2.910677,valid
10394,11,-1.4444915,valid
10395,11,-2.137149,valid
10396,11,-1.4395118,valid
10397,11,-4.5615196,valid
10398,11,0.31739214,valid
10399,11,-2.220917,valid
10400,11,-4.091973,valid
10401,11,-3.3304477,valid
10402,11,-0.8467712,valid
10403,11,-2.417179,valid
10404,11,-4.518283,valid
10405,11,-3.6987097,valid
10406,11,-3.6091595,valid
10407,11,-3.9541044,valid
10408,11,-4.1587987,valid
10409,11,-2.7990274,valid
10410,11,-2.4824963,valid
10411,11,-2.298569,valid
10412,11,-1.0061982,valid
10413,11,-4.338638,valid
10414,11,-4.684042,valid
10415,11,-4.4398117,valid
10416,11,-6.05305,valid
10417,11,-7.176861,valid
10418,11,-4.091973,valid
10419,11,-3.8922756,valid
10420,11,-6.769948,valid
10421,11,-5.9113264,valid
10422,11,-3.9705167,valid
10423,11,0.52405834,valid
10424,11,-0.5288512,valid
10425,11,-9.187106,valid
10426,11,-0.543346,valid
10427,11,-6.8608766,valid
10428,11,-3.9868865,valid
10429,11,-1.7157178,valid
10430,11,-2.0245032,valid
10431,11,-5.8522725,valid
10432,11,-4.9313717,valid
10433,11,-0.52565145,valid
10434,11,-3.5191784,valid
10435,11,1.6738317,valid
10436,11,-2.261765,valid
10437,11,-2.6958485,valid
10438,11,-3.8976455,valid
10439,11,-5.3674693,valid
10440,11,-0.18732953,valid
10441,11,-3.817234,valid
10442,11,-2.8087797,valid
10443,11,-3.5692139,valid
10444,11,-3.8387656,valid
10445,11,-4.0591006,valid
10446,11,-2.5690064,valid
10447,11,-1.9897273,valid
10448,11,-2.0821853,valid
10449,11,-3.963015,valid
10450,11,-7.157389,valid
10451,11,-4.5395412,valid
10452,11,-4.028519,valid
10453,11,-1.3780102,valid
10454,11,-4.0362144,valid
10455,11,-4.163815,valid
10456,11,-5.1975365,valid
10457,11,-7.037007,valid
10458,11,-1.5403436,valid
10459,11,-3.6467972,valid
10460,11,-3.212228,valid
10461,11,-4.010403,valid
10462,11,-2.94572,valid
10463,11,-2.352345,valid
10464,11,-4.502612,valid
10465,11,-2.920435,valid
10466,11,-4.0009537,valid
10467,11,-5.159288,valid
10468,11,-2.0783641,valid
10469,11,-2.3048851,valid
10470,11,-1.4478385,valid
10471,11,-4.9572678,valid
10472,11,-4.084991,valid
10473,11,-2.3315527,valid
10474,11,-3.4992182,valid
10475,11,-2.458867,valid
10476,11,-2.883153,valid
10477,11,-3.965034,valid
10478,11,-5.8332934,valid
10479,11,-0.53626597,valid
10480,11,-4.284882,valid
10481,11,-1.8758523,valid
10482,11,-2.0918615,valid
10483,11,-1.7719145,valid
10484,11,-4.6800256,valid
10485,11,-2.6273136,valid
10486,11,0.03323607,valid
10487,11,-1.6326909,valid
10488,11,-3.8199413,valid
10489,11,-5.7323484,valid
10490,11,-2.2176661,valid
10491,11,-3.613046,valid
10492,11,-6.1246367,valid
10493,11,-1.7942753,valid
10494,11,-4.825522,valid
10495,11,-6.916763,valid
10496,11,-3.2078133,valid
10497,11,-8.148299,valid
10498,11,-2.2729242,valid
10499,11,-0.17494743,valid
10500,11,-2.6347492,valid
10501,11,-6.10874,valid
10502,11,-3.9219813,valid
10503,11,-3.458105,valid
10504,11,-3.929615,valid
10505,11,-2.3243895,valid
10506,11,-2.6673336,valid
10507,11,-1.5536693,valid
10508,11,-1.9036351,valid
10509,11,-2.2300508,valid
10510,11,-1.7834399,valid
10511,11,-0.6640605,valid
10512,11,-4.8290668,valid
10513,11,-2.4017057,valid
10514,11,-3.247764,valid
10515,11,-3.0797262,valid
10516,11,-0.59642035,valid
10517,11,-2.1048028,valid
10518,11,-3.8493848,valid
10519,11,-3.7195792,valid
10520,11,-4.96723,valid
10521,11,-1.4027511,valid
10522,11,-3.0936036,valid
10523,11,0.28835276,valid
10524,11,-3.6981015,valid
10525,11,0.55596036,valid
10526,11,-1.5672909,valid
10527,11,-4.008266,valid
10528,11,-5.2243795,valid
10529,11,-4.672633,valid
10530,11,-1.3431014,valid
10531,11,-3.4818854,valid
10532,11,-2.5845654,valid
10533,11,-3.188346,valid
10534,11,-1.3378215,valid
10535,11,-4.41144,valid
10536,11,-1.3353128,valid
10537,11,1.8421159,valid
10538,11,-4.1669073,valid
10539,11,-2.9694653,valid
10540,11,-3.6308086,valid
10541,11,-1.2964671,valid
10542,11,0.07980339,valid
10543,11,-6.855865,valid
10544,11,-3.064929,valid
10545,11,-3.8999112,valid
10546,11,-2.3698611,valid
10547,11,-3.9944863,valid
10548,11,-1.6867193,valid
10549,11,2.2841678,valid
10550,11,-0.20355059,valid
10551,11,-0.6782384,valid
10552,11,-3.856161,valid
10553,11,0.18939312,valid
10554,11,-3.9348385,valid
10555,11,-0.8424237,valid
10556,11,-5.966584,valid
10557,11,-2.6825666,valid
10558,11,-1.4323084,valid
10559,11,-6.4321723,valid
10560,11,1.0288651,valid
10561,11,-1.0575345,valid
10562,11,-1.723887,valid
10563,11,-1.0191901,valid
10564,11,-1.984013,valid
10565,11,-3.5469785,valid
10566,11,-3.0106282,valid
10567,11,-4.839895,valid
10568,11,-2.603213,valid
10569,11,-4.404898,valid
10570,11,-3.86022,valid
10571,11,-3.5579453,valid
10572,11,-1.6455956,valid
10573,11,-0.53317994,valid
10574,11,-4.196499,valid
10575,11,-1.5652258,valid
10576,11,0.57273084,valid
10577,11,-4.2473264,valid
10578,11,-0.78169847,valid
10579,11,-4.051437,valid
10580,11,-2.8770661,valid
10581,11,-4.7316957,valid
10582,11,-0.5279507,valid
10583,11,-0.07394032,valid
10584,11,-6.1076117,valid
10585,11,-2.9655962,valid
10586,11,-1.8696027,valid
10587,11,-9.130884,valid
10588,11,-4.90542,valid
10589,11,-2.6544168,valid
10590,11,-6.2474413,valid
10591,11,-4.9390798,valid
10592,11,-3.5950174,valid
10593,11,-4.585975,valid
10594,11,-4.1700706,valid
10595,11,-3.0418632,valid
10596,11,-4.2159495,valid
10597,11,-5.713399,valid
10598,11,-3.152473,valid
10599,11,-4.9091535,valid
10600,11,-4.468203,valid
10601,11,-3.2926946,valid
10602,11,-3.8384478,valid
10603,11,-1.3334967,valid
10604,11,-2.6303973,valid
10605,11,-0.7832665,valid
10606,11,-7.042649,valid
10607,11,-6.697883,valid
10608,11,-1.9976966,valid
10609,11,-4.2513113,valid
10610,11,-3.74622,valid
10611,11,-4.5076427,valid
10612,11,-3.8360496,valid
10613,11,-7.533151,valid
10614,11,-3.1047423,valid
10615,11,-4.159261,valid
10616,11,0.23563753,valid
10617,11,-0.6882298,valid
10618,11,-4.1624656,valid
10619,11,-2.497921,valid
10620,11,-0.47266105,valid
10621,11,-6.0676866,valid
10622,11,-3.4439783,valid
10623,11,-1.8025917,valid
10624,11,-2.8127053,valid
10625,11,-4.9183903,valid
10626,11,-5.3370495,valid
10627,11,-3.597417,valid
10628,11,-2.6408732,valid
10629,11,-0.24829651,valid
10630,11,-2.8932283,valid
10631,11,-3.2584317,valid
10632,11,-4.992595,valid
10633,11,-3.546723,valid
10634,11,-5.7562814,valid
10635,11,-4.155387,valid
10636,11,-2.223365,valid
10637,11,0.2450919,valid
10638,11,-2.9722207,valid
10639,11,-3.0246787,valid
10640,11,-3.6390703,valid
10641,11,-4.7079806,valid
10642,11,-5.81888,valid
10643,11,-5.3627915,valid
10644,11,-3.4556017,valid
10645,11,-3.9232447,valid
10646,11,-1.8146831,valid
10647,11,-1.7971548,valid
10648,11,-2.5925665,valid
10649,11,-5.6606007,valid
10650,11,-5.4874086,valid
10651,11,-5.913651,valid
10652,11,-2.5884142,valid
10653,11,-0.026022747,valid
10654,11,-3.3569698,valid
10655,11,-0.83980775,valid
10656,11,-8.045757,valid
10657,11,-5.644426,valid
10658,11,-0.42521924,valid
10659,11,-2.274807,valid
10660,11,-7.112737,valid
10661,11,-1.4166638,valid
10662,11,-5.875191,valid
10663,11,-0.9636211,valid
10664,11,1.6636152,valid
10665,11,-4.96971,valid
10666,11,-2.404396,valid
10667,11,-7.205792,valid
10668,11,-7.336671,valid
10669,11,-2.6736186,valid
10670,11,-4.9719453,valid
10671,11,-5.354074,valid
10672,11,-2.7812784,valid
10673,11,-4.846437,valid
10674,11,-3.377381,valid
10675,11,-5.0190697,valid
10676,11,-2.728349,valid
10677,11,-6.253488,valid
10678,11,-4.29783,valid
10679,11,-3.4452772,valid
10680,11,-4.2897635,valid
10681,11,-2.6299987,valid
10682,11,-2.3937004,valid
10683,11,-3.178398,valid
10684,11,-2.7243466,valid
10685,11,-5.6330304,valid
10686,11,-1.4419665,valid
10687,11,-2.260107,valid
10688,11,-3.3021517,valid
10689,11,-4.3129954,valid
10690,11,-3.1642394,valid
10691,11,-5.3527317,valid
10692,11,-5.683395,valid
10693,11,-3.2527933,valid
10694,11,-2.1663654,valid
10695,11,-1.9031858,valid
10696,11,-3.5914924,valid
10697,11,1.266163,valid
10698,11,-5.6664414,valid
10699,11,-5.540952,valid
10700,11,-6.834415,valid
10701,11,-3.2410507,valid
10702,11,-2.861545,valid
10703,11,-3.158163,valid
10704,11,-4.4743943,valid
10705,11,-2.71828,valid
10706,11,-1.4747139,valid
10707,11,-2.193763,valid
10708,11,-4.662004,valid
10709,11,-2.5367317,valid
10710,11,-0.9425647,valid
10711,11,-1.6867193,valid
10712,11,0.039285522,valid
10713,11,-4.407706,valid
10714,11,-3.0270438,valid
10715,11,-2.0220659,valid
10716,11,-5.3847213,valid
10717,11,-1.2473359,valid
10718,11,-3.4711688,valid
10719,11,-3.8337154,valid
10720,11,-6.5091276,valid
10721,11,-3.712657,valid
10722,11,-3.2522647,valid
10723,11,-7.007589,valid
10724,11,-4.742501,valid
10725,11,-4.136057,valid
10726,11,-2.9629622,valid
10727,11,-5.263925,valid
10728,11,-0.002963542,valid
10729,11,-1.4430609,valid
10730,11,-5.446577,valid
10731,11,-3.7159593,valid
10732,11,-2.1196933,valid
10733,11,0.8388903,valid
10734,11,-7.2032623,valid
10735,11,-6.2056346,valid
10736,11,-2.0204666,valid
10737,11,-2.810156,valid
10738,11,-6.5194736,valid
10739,11,-1.8673544,valid
10740,11,-0.8722464,valid
10741,11,-5.060089,valid
10742,11,-3.2438033,valid
10743,11,-7.1896577,valid
10744,11,-3.1692853,valid
10745,11,-3.3602695,valid
10746,11,-3.2963028,valid
10747,11,0.0070423353,valid
10748,11,-2.5091481,valid
10749,11,-2.3965883,valid
10750,11,-1.5922041,valid
10751,11,-1.0649959,valid
10752,11,-0.71441996,valid
10753,11,-5.287965,valid
10754,11,-3.7807794,valid
10755,11,-1.0327027,valid
10756,11,-3.5176613,valid
10757,11,-4.1895833,valid
10758,11,-2.7406983,valid
10759,11,-4.3895793,valid
10760,11,-2.1950152,valid
10761,11,-1.1161461,valid
10762,11,-0.19777553,valid
10763,11,-2.4256654,valid
10764,11,-1.3377997,valid
10765,11,-3.7644093,valid
10766,11,-0.5401825,valid
10767,11,-4.6830325,valid
10768,11,-3.2866447,valid
10769,11,-2.7047853,valid
10770,11,-6.2534723,valid
10771,11,-7.642063,valid
10772,11,-2.3347328,valid
10773,11,-5.2759523,valid
10774,11,-4.6869264,valid
10775,11,-5.9744864,valid
10776,11,-3.580607,valid
10777,11,-3.4616323,valid
10778,11,1.0099946,valid
10779,11,-0.5536264,valid
10780,11,-3.8923914,valid
10781,11,-5.068026,valid
10782,11,-5.7240458,valid
10783,11,-3.5813968,valid
10784,11,-1.5374093,valid
10785,11,-2.0861368,valid
10786,11,-5.8830476,valid
10787,11,-2.302997,valid
10788,11,-2.9453967,valid
10789,11,-3.6953773,valid
10790,11,-1.2386863,valid
10791,11,-2.2487698,valid
10792,11,-2.7158823,valid
10793,11,-4.139931,valid
10794,11,-3.1122727,valid
10795,11,-2.771056,valid
10796,11,-3.4442263,valid
10797,11,-7.273148,valid
10798,11,-3.9984145,valid
10799,11,-2.5048223,valid
10800,11,-2.5552475,valid
10801,11,-3.7432878,valid
10802,11,-3.011022,valid
10803,11,-6.4988046,valid
10804,11,-6.909821,valid
10805,11,-0.76121956,valid
10806,11,-0.51601285,valid
10807,11,-4.1514745,valid
10808,11,-2.157161,valid
10809,11,-7.3442364,valid
10810,11,-1.269634,valid
10811,11,-4.9493628,valid
10812,11,-5.206264,valid
10813,11,-3.258954,valid
10814,11,-5.9532967,valid
10815,11,-1.7240763,valid
10816,11,-5.2405353,valid
10817,11,-0.7246984,valid
10818,11,-3.7706683,valid
10819,11,-1.9698339,valid
10820,11,-4.1274133,valid
10821,11,-4.552267,valid
10822,11,-4.0002866,valid
10823,11,-7.808448,valid
10824,11,-4.73692,valid
10825,11,-4.8478456,valid
10826,11,-3.5833352,valid
10827,11,-5.1762285,valid
10828,11,-3.4023938,valid
10829,11,-3.1609716,valid
10830,11,-4.129245,valid
10831,11,-3.625164,valid
10832,11,-1.8155535,valid
10833,11,-1.418587,valid
10834,11,-4.7182684,valid
10835,11,-4.572132,valid
10836,11,-1.314212,valid
10837,11,-3.1808097,valid
10838,11,-0.67767906,valid
10839,11,-2.7158737,valid
10840,11,-0.62400776,valid
10841,11,-6.1457925,valid
10842,11,-4.707996,valid
10843,11,-3.6303816,valid
10844,11,0.19809718,valid
10845,11,-4.871783,valid
10846,11,-3.016437,valid
10847,11,-4.190884,valid
10848,11,-4.209641,valid
10849,11,-1.4651469,valid
10850,11,-4.4695115,valid
10851,11,-3.3359058,valid
10852,11,-4.3891983,valid
10853,11,-4.825942,valid
10854,11,-0.47864455,valid
10855,11,-4.495385,valid
10856,11,-3.767025,valid
10857,11,-2.0918615,valid
10858,11,-3.4682398,valid
10859,11,-3.8503463,valid
10860,11,-8.4288435,valid
10861,11,-7.188686,valid
10862,11,-4.055514,valid
10863,11,-4.648543,valid
10864,11,-3.6170511,valid
10865,11,-2.945397,valid
10866,11,-4.356887,valid
10867,11,-2.5366998,valid
10868,11,1.9147987,valid
10869,11,-6.3683934,valid
10870,11,-6.7242417,valid
10871,11,-3.4994059,valid
10872,11,-4.1486535,valid
10873,11,-7.02796,valid
10874,11,-2.8095253,valid
10875,11,-1.0328767,valid
10876,11,-3.5509925,valid
10877,11,-5.8762226,valid
10878,11,-7.02796,valid
10879,11,-3.5991998,valid
10880,11,-1.3012202,valid
10881,11,-4.202652,valid
10882,11,-3.469649,valid
10883,11,-0.57844126,valid
10884,11,-2.3875778,valid
10885,11,-3.4134712,valid
10886,11,-3.2591238,valid
10887,11,-2.823545,valid
10888,11,-3.866003,valid
10889,11,-5.2569785,valid
10890,11,-4.6130037,valid
10891,11,-5.439549,valid
10892,11,-5.2713637,valid
10893,11,-3.0778682,valid
10894,11,-4.3895793,valid
10895,11,0.90669084,valid
10896,11,-4.9131513,valid
10897,11,-3.7178931,valid
10898,11,-0.45016986,valid
10899,11,-2.5193424,valid
10900,11,-2.0159342,valid
10901,11,-1.916202,valid
10902,11,-6.8543563,valid
10903,11,-2.682209,valid
10904,11,-7.7025733,valid
10905,11,-1.937563,valid
10906,11,-2.9845529,valid
10907,11,-2.133676,valid
10908,11,-4.091973,valid
10909,11,-1.4246703,valid
10910,11,-3.205163,valid
10911,11,-4.15821,valid
10912,11,0.13286303,valid
10913,11,-5.07697,valid
10914,11,-1.8548113,valid
10915,11,-1.7569234,valid
10916,11,-5.1221657,valid
10917,11,-2.6051965,valid
10918,11,-3.5765915,valid
10919,11,-7.186006,valid
10920,11,-7.234416,valid
10921,11,-2.5563142,valid
10922,11,-4.593033,valid
10923,11,-5.7376904,valid
10924,11,-1.8198076,valid
10925,11,-5.1036563,valid
10926,11,-3.3951259,valid
10927,11,-4.0094676,valid
10928,11,-1.2386861,valid
10929,11,-2.7056372,valid
10930,11,-4.062527,valid
10931,11,-6.5269656,valid
10932,11,-7.990042,valid
10933,11,-3.49291,valid
10934,11,-2.0858083,valid
10935,11,-6.29851,valid
10936,11,-2.7587647,valid
10937,11,-0.7705849,valid
10938,11,0.2638059,valid
10939,11,-2.5382028,valid
10940,11,-4.1123137,valid
10941,11,-3.6010733,valid
10942,11,-1.9183958,valid
10943,11,-2.48198,valid
10944,11,-0.7846105,valid
10945,11,-3.3017073,valid
10946,11,-8.081769,valid
10947,11,-5.2337933,valid
10948,11,-3.1483495,valid
10949,11,-5.0308485,valid
10950,11,-3.0068257,valid
10951,11,-3.3640764,valid
10952,11,-4.7853656,valid
10953,11,-5.7726126,valid
10954,11,-3.1852684,valid
10955,11,-4.5885444,valid
10956,11,-4.713459,valid
10957,11,-6.2902513,valid
10958,11,-4.012585,valid
10959,11,-3.6384823,valid
10960,11,-3.5087678,valid
10961,11,-2.5266447,valid
10962,11,-6.10874,valid
10963,11,0.8021285,valid
10964,11,-4.483113,valid
10965,11,-0.92584765,valid
10966,11,-5.5499973,valid
10967,11,-4.407513,valid
10968,11,-0.7204532,valid
10969,11,-4.8627505,valid
10970,11,-8.348337,valid
10971,11,-3.4307783,valid
10972,11,-3.6058455,valid
10973,11,-3.8142073,valid
10974,11,-1.0321815,valid
10975,11,-1.2916334,valid
10976,11,-3.8049636,valid
10977,11,-2.3778946,valid
10978,12,-2.801131,valid
10979,12,-0.7692299,valid
10980,12,-5.911813,valid
10981,12,-3.899494,valid
10982,12,-5.319191,valid
10983,12,-6.066934,valid
10984,12,-2.1178381,valid
10985,12,-3.750733,valid
10986,12,-2.2282672,valid
10987,12,-3.8792067,valid
10988,12,-2.7053173,valid
10989,12,-4.645384,valid
10990,12,-2.1624575,valid
10991,12,-2.9191113,valid
10992,12,-1.8900546,valid
10993,12,-3.2635722,valid
10994,12,-3.107592,valid
10995,12,0.4529324,valid
10996,12,-3.2183006,valid
10997,12,-3.1195514,valid
10998,12,1.0512463,valid
10999,12,-0.9076083,valid
11000,12,-3.9190674,valid
11001,12,-2.1021905,valid
11002,12,-3.2991502,valid
11003,12,-1.303223,valid
11004,12,-3.3833208,valid
11005,12,-1.8740144,valid
11006,12,-2.4529872,valid
11007,12,-3.7323766,valid
11008,12,-2.1702566,valid
11009,12,-0.65437996,valid
11010,12,-4.0077806,valid
11011,12,-2.2154193,valid
11012,12,-2.3448002,valid
11013,12,-8.079004,valid
11014,12,-2.7953272,valid
11015,12,-2.373052,valid
11016,12,-5.158202,valid
11017,12,-1.7708268,valid
11018,12,-4.5977435,valid
11019,12,0.32878187,valid
11020,12,-2.4356024,valid
11021,12,-0.44997853,valid
11022,12,-5.7667127,valid
11023,12,-3.750729,valid
11024,12,-2.9558837,valid
11025,12,0.5760192,valid
11026,12,-3.107592,valid
11027,12,-7.629513,valid
11028,12,-1.7637534,valid
11029,12,-0.5109047,valid
11030,12,-3.594177,valid
11031,12,-2.7101398,valid
11032,12,-4.105075,valid
11033,12,-5.8264494,valid
11034,12,-3.4385693,valid
11035,12,-4.671609,valid
11036,12,0.45379782,valid
11037,12,-3.3070884,valid
11038,12,-1.167489,valid
11039,12,-5.619518,valid
11040,12,-3.4165268,valid
11041,12,-3.6222913,valid
11042,12,-0.65613186,valid
11043,12,-2.7337058,valid
11044,12,-2.7711082,valid
11045,12,-3.9697924,valid
11046,12,-3.2718096,valid
11047,12,-2.5780165,valid
11048,12,-1.5077214,valid
11049,12,-5.104089,valid
11050,12,-1.5949957,valid
11051,12,-1.3559731,valid
11052,12,-2.902289,valid
11053,12,-2.7500308,valid
11054,12,-4.6766872,valid
11055,12,-0.9786137,valid
11056,12,-2.656421,valid
11057,12,-1.5379469,valid
11058,12,-5.111155,valid
11059,12,-0.031405367,valid
11060,12,-4.027707,valid
11061,12,-6.7163143,valid
11062,12,-3.4939446,valid
11063,12,-1.3032234,valid
11064,12,-6.511113,valid
11065,12,-3.245709,valid
11066,12,-2.8731096,valid
11067,12,-4.523089,valid
11068,12,-1.2770661,valid
11069,12,-5.0889893,valid
11070,12,-2.7027822,valid
11071,12,-2.8809464,valid
11072,12,-1.705116,valid
11073,12,-1.8399857,valid
11074,12,-5.6730547,valid
11075,12,-2.4268072,valid
11076,12,0.45465314,valid
11077,12,-2.6102757,valid
11078,12,-0.5272214,valid
11079,12,-1.6782227,valid
11080,12,-3.4191005,valid
11081,12,-3.4853034,valid
11082,12,-4.9199457,valid
11083,12,-2.3425949,valid
11084,12,-3.43101,valid
11085,12,0.04607112,valid
11086,12,-2.0608916,valid
11087,12,-7.197844,valid
11088,12,-3.5644183,valid
11089,12,-2.3603861,valid
11090,12,-1.2707436,valid
11091,12,-1.53195,valid
11092,12,-2.5291886,valid
11093,12,-2.3160143,valid
11094,12,-2.0714502,valid
11095,12,-1.3807501,valid
11096,12,-0.27480683,valid
11097,12,0.12986837,valid
11098,12,-0.22015804,valid
11099,12,-2.6134248,valid
11100,12,0.712865,valid
11101,12,-6.184025,valid
11102,12,-5.085076,valid
11103,12,0.33985513,valid
11104,12,-4.46605,valid
11105,12,-1.9568225,valid
11106,12,-2.5902205,valid
11107,12,-2.9042854,valid
11108,12,-1.9072189,valid
11109,12,-6.7527795,valid
11110,12,-4.1558485,valid
11111,12,-3.434142,valid
11112,12,-3.4400392,valid
11113,12,-2.8767898,valid
11114,12,0.5762172,valid
11115,12,-3.3260775,valid
11116,12,-0.25261414,valid
11117,12,-3.642094,valid
11118,12,-2.2497158,valid
11119,12,-3.7319918,valid
11120,12,0.10001498,valid
11121,12,-5.125845,valid
11122,12,-2.9778972,valid
11123,12,0.6974479,valid
11124,12,-5.0418653,valid
11125,12,-4.853576,valid
11126,12,-1.7471246,valid
11127,12,-0.67650664,valid
11128,12,-3.59077,valid
11129,12,-1.029244,valid
11130,12,-3.6718411,valid
11131,12,-2.9157798,valid
11132,12,-1.3753994,valid
11133,12,-2.9109979,valid
11134,12,-0.3400061,valid
11135,12,-0.80564195,valid
11136,12,-3.0769727,valid
11137,12,-6.086195,valid
11138,12,-3.107592,valid
11139,12,-1.514241,valid
11140,12,-1.852252,valid
11141,12,-2.4786284,valid
11142,12,-2.5359032,valid
11143,12,-1.6610444,valid
11144,12,-0.62350285,valid
11145,12,-1.8963697,valid
11146,12,-3.2867866,valid
11147,12,-5.9244847,valid
11148,12,-2.0825682,valid
11149,12,-5.139167,valid
11150,12,-4.7443256,valid
11151,12,-3.3305655,valid
11152,12,-5.521792,valid
11153,12,-5.91838,valid
11154,12,-3.9793675,valid
11155,12,-3.7407935,valid
11156,12,-4.9728537,valid
11157,12,-3.6844876,valid
11158,12,-2.9465265,valid
11159,12,-1.9108624,valid
11160,12,-3.979382,valid
11161,12,-2.6867318,valid
11162,12,-1.7882304,valid
11163,12,-2.013227,valid
11164,12,-2.7664618,valid
11165,12,-4.759245,valid
11166,12,-2.325725,valid
11167,12,-3.8073208,valid
11168,12,-3.3767672,valid
11169,12,-2.590872,valid
11170,12,-6.286321,valid
11171,12,-4.331569,valid
11172,12,-5.875592,valid
11173,12,-0.41916883,valid
11174,12,-4.839171,valid
11175,12,0.6381138,valid
11176,12,-3.190459,valid
11177,12,-3.5621982,valid
11178,12,-1.7210789,valid
11179,12,-3.2397237,valid
11180,12,-3.7422612,valid
11181,12,-2.265563,valid
11182,12,-8.286494,valid
11183,12,-4.2980585,valid
11184,12,-4.19375,valid
11185,12,-2.0500546,valid
11186,12,-5.6261826,valid
11187,12,-2.522079,valid
11188,12,-3.7313166,valid
11189,12,-2.8460374,valid
11190,12,-5.3906817,valid
11191,12,-3.5902023,valid
11192,12,-4.0055785,valid
11193,12,-0.36092645,valid
11194,12,-3.4903755,valid
11195,12,-3.4828768,valid
11196,12,-3.176917,valid
11197,12,-0.2204625,valid
11198,12,-3.9376056,valid
11199,12,-2.8675783,valid
11200,12,0.56433296,valid
11201,12,-5.497124,valid
11202,12,-1.3698912,valid
11203,12,-3.107592,valid
11204,12,-2.1195164,valid
11205,12,-2.327147,valid
11206,12,-4.214307,valid
11207,12,-0.99081373,valid
11208,12,-2.0558066,valid
11209,12,-3.5530686,valid
11210,12,-3.8040633,valid
11211,12,-2.9307125,valid
11212,12,-5.4698467,valid
11213,12,-3.4889116,valid
11214,12,-2.5894675,valid
11215,12,-0.11177994,valid
11216,12,-3.7982736,valid
11217,12,-3.0494914,valid
11218,12,-3.7829192,valid
11219,12,-2.3738272,valid
11220,12,-2.116307,valid
11221,12,-2.8119197,valid
11222,12,-4.088578,valid
11223,12,-4.213716,valid
11224,12,-2.5139902,valid
11225,12,-5.186698,valid
11226,12,-3.8612587,valid
11227,12,-3.4371688,valid
11228,12,-7.507064,valid
11229,12,-2.4336514,valid
11230,12,-0.925591,valid
11231,12,-2.3344278,valid
11232,12,-5.4864964,valid
11233,12,-1.530879,valid
11234,12,-3.3926883,valid
11235,12,-3.667686,valid
11236,12,-2.4933658,valid
11237,12,-3.9945393,valid
11238,12,-3.272512,valid
11239,12,-3.0577018,valid
11240,12,-2.4418468,valid
11241,12,-3.0897279,valid
11242,12,-3.8434322,valid
11243,12,0.22022055,valid
11244,12,-2.3489392,valid
11245,12,0.26526567,valid
11246,12,-5.959072,valid
11247,12,-5.7413173,valid
11248,12,-3.0084808,valid
11249,12,-4.4295797,valid
11250,12,0.0352131,valid
11251,12,-1.0683806,valid
11252,12,-5.646982,valid
11253,12,-6.2902045,valid
11254,12,-2.5036612,valid
11255,12,-3.784999,valid
11256,12,-5.1211295,valid
11257,12,-5.0889864,valid
11258,12,-5.063157,valid
11259,12,0.13347311,valid
11260,12,-1.136328,valid
11261,12,-7.1842866,valid
11262,12,-1.5425397,valid
11263,12,0.05062187,valid
11264,12,-3.2444286,valid
11265,12,-3.1499152,valid
11266,12,-4.0476108,valid
11267,12,-2.1378787,valid
11268,12,-3.7617774,valid
11269,12,-4.246524,valid
11270,12,-2.220564,valid
11271,12,-1.2065915,valid
11272,12,-5.5282154,valid
11273,12,-5.1678615,valid
11274,12,-3.554891,valid
11275,12,-4.5651574,valid
11276,12,-0.59118843,valid
11277,12,-3.4843931,valid
11278,12,-3.3267963,valid
11279,12,-4.767888,valid
11280,12,-1.333605,valid
11281,12,-4.368933,valid
11282,12,-2.0258129,valid
11283,12,-2.0060282,valid
11284,12,-0.99566793,valid
11285,12,-2.2406075,valid
11286,12,-5.7587023,valid
11287,12,-6.1833105,valid
11288,12,-1.9374032,valid
11289,12,-1.9225166,valid
11290,12,-1.6833484,valid
11291,12,-3.4121323,valid
11292,12,-3.6840563,valid
11293,12,-4.34396,valid
11294,12,-6.1447997,valid
11295,12,-4.244364,valid
11296,12,-1.8738692,valid
11297,12,-4.388276,valid
11298,12,-2.829018,valid
11299,12,-7.32102,valid
11300,12,-2.9867754,valid
11301,12,-6.6133375,valid
11302,12,-0.94314903,valid
11303,12,-2.7000697,valid
11304,12,-6.6498246,valid
11305,12,-2.8419743,valid
11306,12,-5.794832,valid
11307,12,-3.8846645,valid
11308,12,-4.031196,valid
11309,12,-1.6428249,valid
11310,12,-3.107592,valid
11311,12,-4.1856036,valid
11312,12,-3.3696074,valid
11313,12,-0.07575594,valid
11314,12,-2.5564802,valid
11315,12,-2.58548,valid
11316,12,-2.3605244,valid
11317,12,-3.1048546,valid
11318,12,-1.4143742,valid
11319,12,-4.297158,valid
11320,12,-4.729133,valid
11321,12,-7.936843,valid
11322,12,-4.13358,valid
11323,12,-1.8790845,valid
11324,12,-5.4184175,valid
11325,12,-2.68818,valid
11326,12,-2.5821729,valid
11327,12,-5.731514,valid
11328,12,-2.607286,valid
11329,12,-4.0012736,valid
11330,12,-4.205225,valid
11331,12,-3.1650803,valid
11332,12,-2.6593103,valid
11333,12,-0.8707819,valid
11334,12,0.1677229,valid
11335,12,-3.736092,valid
11336,12,-3.5787752,valid
11337,12,-1.7034366,valid
11338,12,-1.1697563,valid
11339,12,-5.91838,valid
11340,12,-1.2834904,valid
11341,12,-3.107592,valid
11342,12,-2.5455222,valid
11343,12,-1.4759247,valid
11344,12,-0.6004281,valid
11345,12,0.23565194,valid
11346,12,-2.7098281,valid
11347,12,-6.6387715,valid
11348,12,-1.0867991,valid
11349,12,-3.9057062,valid
11350,12,-2.719744,valid
11351,12,-9.047709,valid
11352,12,-8.693354,valid
11353,12,-2.4748821,valid
11354,12,-5.5729094,valid
11355,12,-1.8003365,valid
11356,12,-2.763218,valid
11357,12,-0.35808134,valid
11358,12,-2.9943213,valid
11359,12,-4.504879,valid
11360,12,-0.8251408,valid
11361,12,-3.6145706,valid
11362,12,-1.4135885,valid
11363,12,-3.4963043,valid
11364,12,-3.1349416,valid
11365,12,-11.786006,valid
11366,12,-3.128232,valid
11367,12,-4.695071,valid
11368,12,-2.2622297,valid
11369,12,-5.133013,valid
11370,12,-1.219306,valid
11371,12,-3.4517732,valid
11372,12,-0.49147284,valid
11373,12,-2.3708313,valid
11374,12,-2.3878784,valid
11375,12,-1.0175929,valid
11376,12,-2.8883953,valid
11377,12,-4.848398,valid
11378,12,-1.7716584,valid
11379,12,-3.5960996,valid
11380,12,-2.4526644,valid
11381,12,-2.7318566,valid
11382,12,-4.199377,valid
11383,12,-0.6951509,valid
11384,12,-4.6890483,valid
11385,12,-4.7800164,valid
11386,12,-5.309632,valid
11387,12,-2.4239414,valid
11388,12,-1.1183381,valid
11389,12,-1.5558345,valid
11390,12,-2.2163134,valid
11391,12,-1.7157396,valid
11392,12,-1.6622372,valid
11393,12,-2.5652792,valid
11394,12,-1.5586336,valid
11395,12,-3.158464,valid
11396,12,0.07068196,valid
11397,12,-2.0392325,valid
11398,12,-3.107592,valid
11399,12,-2.137525,valid
11400,12,-0.87321866,valid
11401,12,-2.4955916,valid
11402,12,-4.4188156,valid
11403,12,-2.8517206,valid
11404,12,-4.0372257,valid
11405,12,-3.5948792,valid
11406,12,-3.358584,valid
11407,12,-2.64474,valid
11408,12,-2.6011395,valid
11409,12,-3.3947232,valid
11410,12,-0.94712114,valid
11411,12,-3.695109,valid
11412,12,-4.526108,valid
11413,12,-3.7985358,valid
11414,12,-4.227795,valid
11415,12,-5.081958,valid
11416,12,-3.107592,valid
11417,12,-3.935044,valid
11418,12,-6.507246,valid
11419,12,-3.6687574,valid
11420,12,-3.7591045,valid
11421,12,1.251643,valid
11422,12,-0.19636454,valid
11423,12,-6.4054823,valid
11424,12,-0.5469305,valid
11425,12,-6.631105,valid
11426,12,-4.8330235,valid
11427,12,-1.840377,valid
11428,12,-1.8650517,valid
11429,12,-6.0114183,valid
11430,12,-3.600336,valid
11431,12,-0.9864062,valid
11432,12,-3.2343843,valid
11433,12,0.9002435,valid
11434,12,-1.3727736,valid
11435,12,-2.5606089,valid
11436,12,-3.369708,valid
11437,12,-3.3797874,valid
11438,12,0.04990305,valid
11439,12,-3.9574013,valid
11440,12,-2.7690134,valid
11441,12,-2.6231527,valid
11442,12,-2.8205683,valid
11443,12,-4.451967,valid
11444,12,-3.2876883,valid
11445,12,-1.3522243,valid
11446,12,-1.9219378,valid
11447,12,-3.968239,valid
11448,12,-4.833118,valid
11449,12,-4.724498,valid
11450,12,-2.530384,valid
11451,12,-0.98323816,valid
11452,12,-3.6505268,valid
11453,12,-3.7322834,valid
11454,12,-3.3650277,valid
11455,12,-7.171225,valid
11456,12,-1.3709232,valid
11457,12,-2.8658147,valid
11458,12,-2.936555,valid
11459,12,-2.6119905,valid
11460,12,-1.8824376,valid
11461,12,-2.3922858,valid
11462,12,-3.1376429,valid
11463,12,-2.7833242,valid
11464,12,-3.8611484,valid
11465,12,-3.8783116,valid
11466,12,-2.054529,valid
11467,12,-2.4949458,valid
11468,12,-1.1483896,valid
11469,12,-3.7827697,valid
11470,12,-3.7008786,valid
11471,12,-1.4503086,valid
11472,12,-4.0217404,valid
11473,12,-3.3059611,valid
11474,12,-2.6940136,valid
11475,12,-3.7876592,valid
11476,12,-5.2691536,valid
11477,12,-0.23300971,valid
11478,12,-4.570862,valid
11479,12,-1.9608144,valid
11480,12,-1.5619265,valid
11481,12,-2.2322845,valid
11482,12,-2.8679717,valid
11483,12,-2.8652244,valid
11484,12,-0.40230048,valid
11485,12,-1.2547566,valid
11486,12,-3.7321079,valid
11487,12,-5.9865837,valid
11488,12,-1.862085,valid
11489,12,-4.212619,valid
11490,12,-5.7051063,valid
11491,12,-1.7330081,valid
11492,12,-5.209295,valid
11493,12,-5.0884295,valid
11494,12,-4.3228755,valid
11495,12,-5.63716,valid
11496,12,-2.2770596,valid
11497,12,0.19045855,valid
11498,12,-3.0467098,valid
11499,12,-5.3930435,valid
11500,12,-3.2970362,valid
11501,12,-3.2176151,valid
11502,12,-3.217751,valid
11503,12,-1.9146446,valid
11504,12,-4.6635237,valid
11505,12,-1.6209074,valid
11506,12,-2.691659,valid
11507,12,-1.9065429,valid
11508,12,-2.2816381,valid
11509,12,-0.92771286,valid
11510,12,-4.5154614,valid
11511,12,-2.6343803,valid
11512,12,-2.7544262,valid
11513,12,-2.9999185,valid
11514,12,-0.48953122,valid
11515,12,-1.8284826,valid
11516,12,-3.8562,valid
11517,12,-3.5897303,valid
11518,12,-4.557133,valid
11519,12,-1.1033243,valid
11520,12,-2.9010928,valid
11521,12,0.11954652,valid
11522,12,-3.6711795,valid
11523,12,-0.12208204,valid
11524,12,-0.9817524,valid
11525,12,-4.2386346,valid
11526,12,-4.8486104,valid
11527,12,-4.264853,valid
11528,12,-1.5505377,valid
11529,12,-3.4588752,valid
11530,12,-2.7179003,valid
11531,12,-3.6355174,valid
11532,12,-1.2892987,valid
11533,12,-2.7023022,valid
11534,12,-1.0889072,valid
11535,12,1.3616631,valid
11536,12,-4.153602,valid
11537,12,-2.9933634,valid
11538,12,-3.259353,valid
11539,12,-1.331856,valid
11540,12,-0.06491244,valid
11541,12,-6.916128,valid
11542,12,-2.8595665,valid
11543,12,-3.8564358,valid
11544,12,-1.684575,valid
11545,12,-4.1070313,valid
11546,12,-1.4456269,valid
11547,12,1.4560283,valid
11548,12,-2.2134783,valid
11549,12,-1.705708,valid
11550,12,-3.3573253,valid
11551,12,-0.559516,valid
11552,12,-3.5711963,valid
11553,12,-0.6464291,valid
11554,12,-5.8816276,valid
11555,12,-3.9009914,valid
11556,12,-1.1654042,valid
11557,12,-4.3106647,valid
11558,12,1.0120429,valid
11559,12,-0.42470565,valid
11560,12,-1.7739506,valid
11561,12,-1.7053341,valid
11562,12,-1.6856052,valid
11563,12,-3.1860647,valid
11564,12,-2.564402,valid
11565,12,-4.558575,valid
11566,12,-2.839099,valid
11567,12,-4.518573,valid
11568,12,-2.2625604,valid
11569,12,-3.1752691,valid
11570,12,-1.0070312,valid
11571,12,-0.1703064,valid
11572,12,-3.8849158,valid
11573,12,-1.631166,valid
11574,12,0.47988036,valid
11575,12,-4.282775,valid
11576,12,-0.43589002,valid
11577,12,-1.761197,valid
11578,12,-2.913247,valid
11579,12,-4.8832493,valid
11580,12,0.003667743,valid
11581,12,-0.62350285,valid
11582,12,-5.4568233,valid
11583,12,-2.8772132,valid
11584,12,-1.9763613,valid
11585,12,-8.99441,valid
11586,12,-5.238147,valid
11587,12,-2.274102,valid
11588,12,-4.3799496,valid
11589,12,-3.6080937,valid
11590,12,-2.883793,valid
11591,12,-4.0544486,valid
11592,12,-3.268944,valid
11593,12,-1.800442,valid
11594,12,-4.068436,valid
11595,12,-4.9801826,valid
11596,12,-3.019566,valid
11597,12,-4.361887,valid
11598,12,-4.45826,valid
11599,12,-2.5698423,valid
11600,12,-3.4896972,valid
11601,12,-1.2654548,valid
11602,12,-2.7874913,valid
11603,12,-3.0008023,valid
11604,12,-4.778126,valid
11605,12,-5.0414734,valid
11606,12,-1.9339143,valid
11607,12,-3.490994,valid
11608,12,-3.075706,valid
11609,12,-4.7707853,valid
11610,12,-3.900853,valid
11611,12,-5.184709,valid
11612,12,-3.4285426,valid
11613,12,-3.1383772,valid
11614,12,-0.21476586,valid
11615,12,-0.32283026,valid
11616,12,-3.1398432,valid
11617,12,-1.1352406,valid
11618,12,-0.2538079,valid
11619,12,-4.3244987,valid
11620,12,-2.7057133,valid
11621,12,-0.99560726,valid
11622,12,-2.3271472,valid
11623,12,-4.888569,valid
11624,12,-3.402203,valid
11625,12,-3.0833204,valid
11626,12,-2.851408,valid
11627,12,-0.1777748,valid
11628,12,-3.2502284,valid
11629,12,-2.7260475,valid
11630,12,-5.6523995,valid
11631,12,-3.5287738,valid
11632,12,-4.0898037,valid
11633,12,-4.2712455,valid
11634,12,-1.7457875,valid
11635,12,0.035551615,valid
11636,12,-3.2336967,valid
11637,12,-2.0548565,valid
11638,12,-3.3038354,valid
11639,12,-5.1946144,valid
11640,12,-4.167794,valid
11641,12,-5.472308,valid
11642,12,-3.443266,valid
11643,12,-3.630239,valid
11644,12,-0.8558987,valid
11645,12,-2.225894,valid
11646,12,-2.573819,valid
11647,12,-5.1820545,valid
11648,12,-5.176882,valid
11649,12,-5.35559,valid
11650,12,-2.716719,valid
11651,12,0.25409758,valid
11652,12,-2.5117886,valid
11653,12,-0.70202285,valid
11654,12,-6.663696,valid
11655,12,-5.3556614,valid
11656,12,-0.27147326,valid
11657,12,-2.2424674,valid
11658,12,-4.9679565,valid
11659,12,-0.76720774,valid
11660,12,-5.8799105,valid
11661,12,-1.3088536,valid
11662,12,1.6298699,valid
11663,12,-3.8363233,valid
11664,12,-1.1425833,valid
11665,12,-5.656561,valid
11666,12,-7.637127,valid
11667,12,-2.4094038,valid
11668,12,-3.7229385,valid
11669,12,-3.8597941,valid
11670,12,-2.147199,valid
11671,12,-4.4526386,valid
11672,12,-3.5345716,valid
11673,12,-5.6272345,valid
11674,12,-2.2431667,valid
11675,12,-4.196845,valid
11676,12,-4.155519,valid
11677,12,-2.3359013,valid
11678,12,-4.2232904,valid
11679,12,-2.3485265,valid
11680,12,-3.9758847,valid
11681,12,-2.9198966,valid
11682,12,-1.8676314,valid
11683,12,-5.610467,valid
11684,12,-1.24465,valid
11685,12,-2.8584285,valid
11686,12,-3.0264516,valid
11687,12,-4.7694464,valid
11688,12,-2.6550412,valid
11689,12,-3.6833134,valid
11690,12,-3.651495,valid
11691,12,-3.018356,valid
11692,12,-1.4344653,valid
11693,12,-1.5694752,valid
11694,12,-4.0108404,valid
11695,12,0.8821883,valid
11696,12,-5.8709354,valid
11697,12,-5.5903053,valid
11698,12,-7.944907,valid
11699,12,-2.6423829,valid
11700,12,-2.4347486,valid
11701,12,-3.5150933,valid
11702,12,-4.673509,valid
11703,12,-2.6181989,valid
11704,12,-0.8145875,valid
11705,12,-2.2062597,valid
11706,12,-4.181565,valid
11707,12,-2.4789944,valid
11708,12,-0.8186567,valid
11709,12,-1.4456269,valid
11710,12,-0.25979745,valid
11711,12,-4.300678,valid
11712,12,-2.239664,valid
11713,12,-1.964325,valid
11714,12,-3.7900705,valid
11715,12,-0.8765963,valid
11716,12,-3.0279794,valid
11717,12,-3.703093,valid
11718,12,-4.4134016,valid
11719,12,-3.368615,valid
11720,12,-3.0021064,valid
11721,12,-4.954636,valid
11722,12,-3.6048272,valid
11723,12,-3.7895672,valid
11724,12,-2.5730574,valid
11725,12,-4.492299,valid
11726,12,-0.37754217,valid
11727,12,-1.4452606,valid
11728,12,-5.5132704,valid
11729,12,-4.326526,valid
11730,12,-1.7654972,valid
11731,12,0.34266475,valid
11732,12,-7.2964773,valid
11733,12,-6.4050293,valid
11734,12,-1.8917749,valid
11735,12,-1.9370122,valid
11736,12,-4.946725,valid
11737,12,-1.5646029,valid
11738,12,-0.7952155,valid
11739,12,-4.599422,valid
11740,12,-3.2296777,valid
11741,12,-5.870106,valid
11742,12,-2.8146198,valid
11743,12,-2.0302768,valid
11744,12,-2.8220334,valid
11745,12,0.1355166,valid
11746,12,-2.204341,valid
11747,12,-2.6102345,valid
11748,12,-1.226709,valid
11749,12,-0.4974997,valid
11750,12,-0.56422085,valid
11751,12,-3.7274234,valid
11752,12,-3.827567,valid
11753,12,-0.5832206,valid
11754,12,-3.6453133,valid
11755,12,-3.7423449,valid
11756,12,-2.9837334,valid
11757,12,-2.8146443,valid
11758,12,-1.6026859,valid
11759,12,-0.83121467,valid
11760,12,-0.32126224,valid
11761,12,-1.3531716,valid
11762,12,-1.2621287,valid
11763,12,-3.9869065,valid
11764,12,-0.25338423,valid
11765,12,-4.1669316,valid
11766,12,-3.2634795,valid
11767,12,-2.2802317,valid
11768,12,-5.6872716,valid
11769,12,-5.51619,valid
11770,12,-2.5309358,valid
11771,12,-3.689102,valid
11772,12,-4.5552692,valid
11773,12,-4.311433,valid
11774,12,-4.0242476,valid
11775,12,-4.0147476,valid
11776,12,0.33871365,valid
11777,12,-0.9483756,valid
11778,12,-3.9848573,valid
11779,12,-4.9810944,valid
11780,12,-5.620849,valid
11781,12,-2.3257203,valid
11782,12,-1.487444,valid
11783,12,-2.699718,valid
11784,12,-5.0313277,valid
11785,12,-3.4858546,valid
11786,12,-2.9512644,valid
11787,12,-2.5613976,valid
11788,12,-1.0876985,valid
11789,12,-2.812287,valid
11790,12,-2.5074,valid
11791,12,-4.257064,valid
11792,12,-3.2866247,valid
11793,12,-1.7027156,valid
11794,12,-3.0881526,valid
11795,12,-5.084166,valid
11796,12,-4.470971,valid
11797,12,-2.1492689,valid
11798,12,-2.1827936,valid
11799,12,-4.35966,valid
11800,12,-2.9638977,valid
11801,12,-6.1942663,valid
11802,12,-7.3538637,valid
11803,12,-1.5740049,valid
11804,12,-0.5916778,valid
11805,12,-3.0777583,valid
11806,12,-1.9081292,valid
11807,12,-5.177564,valid
11808,12,-0.3739264,valid
11809,12,-3.6331542,valid
11810,12,-3.6873693,valid
11811,12,-2.6964946,valid
11812,12,-6.0344586,valid
11813,12,-1.9257276,valid
11814,12,-5.834215,valid
11815,12,-1.0910537,valid
11816,12,-3.6548793,valid
11817,12,-2.6917078,valid
11818,12,-2.6000102,valid
11819,12,-3.2710338,valid
11820,12,-4.2449307,valid
11821,12,-5.533498,valid
11822,12,-4.2309117,valid
11823,12,-3.7764072,valid
11824,12,-2.5933685,valid
11825,12,-4.45771,valid
11826,12,-3.7032855,valid
11827,12,-2.8874853,valid
11828,12,-3.7798157,valid
11829,12,-3.3353198,valid
11830,12,-1.3059067,valid
11831,12,-1.5611806,valid
11832,12,-4.6277184,valid
11833,12,-4.69957,valid
11834,12,-1.2419682,valid
11835,12,-3.2594616,valid
11836,12,-0.4566134,valid
11837,12,-3.0477,valid
11838,12,-0.98164445,valid
11839,12,-6.1437545,valid
11840,12,-4.6433682,valid
11841,12,-2.7248526,valid
11842,12,-1.0839068,valid
11843,12,-4.555248,valid
11844,12,-2.8013995,valid
11845,12,-3.8578355,valid
11846,12,-4.2928443,valid
11847,12,-0.78808695,valid
11848,12,-3.8301132,valid
11849,12,-2.6737823,valid
11850,12,-4.4881997,valid
11851,12,-4.5763044,valid
11852,12,-1.4298893,valid
11853,12,-3.9613674,valid
11854,12,-3.9674108,valid
11855,12,-1.5619265,valid
11856,12,-3.3646402,valid
11857,12,-3.695838,valid
11858,12,-8.350507,valid
11859,12,-6.5788574,valid
11860,12,-4.072537,valid
11861,12,-3.4523344,valid
11862,12,-3.9660382,valid
11863,12,-2.9512641,valid
11864,12,-4.7646046,valid
11865,12,-1.6873853,valid
11866,12,1.2394637,valid
11867,12,-4.746446,valid
11868,12,-7.2094316,valid
11869,12,-2.9815333,valid
11870,12,-4.27004,valid
11871,12,-6.615521,valid
11872,12,-2.2569382,valid
11873,12,-0.9549817,valid
11874,12,-2.7631354,valid
11875,12,-5.13097,valid
11876,12,-6.615521,valid
11877,12,-2.2243893,valid
11878,12,-1.357237,valid
11879,12,-3.1919878,valid
11880,12,-2.9895575,valid
11881,12,-1.0511719,valid
11882,12,-2.0570052,valid
11883,12,-3.4684708,valid
11884,12,-2.7458563,valid
11885,12,-2.061514,valid
11886,12,-4.0053697,valid
11887,12,-5.1982927,valid
11888,12,-5.2617674,valid
11889,12,-4.7684917,valid
11890,12,-5.2926936,valid
11891,12,-3.11617,valid
11892,12,-2.8146448,valid
11893,12,0.5611587,valid
11894,12,-4.39447,valid
11895,12,-3.7471528,valid
11896,12,-0.43393898,valid
11897,12,-1.9681476,valid
11898,12,-1.0785639,valid
11899,12,-1.8969707,valid
11900,12,-6.627808,valid
11901,12,-2.9548278,valid
11902,12,-7.5062118,valid
11903,12,-1.1351376,valid
11904,12,-3.1218052,valid
11905,12,-1.203958,valid
11906,12,-3.107592,valid
11907,12,-1.6703109,valid
11908,12,-3.3673217,valid
11909,12,-4.165485,valid
11910,12,0.5073978,valid
11911,12,-3.649585,valid
11912,12,-1.9118806,valid
11913,12,-2.540594,valid
11914,12,-3.4514232,valid
11915,12,-1.8708968,valid
11916,12,-3.2893188,valid
11917,12,-7.222086,valid
11918,12,-7.09529,valid
11919,12,-4.13952,valid
11920,12,-3.0329046,valid
11921,12,-4.3171782,valid
11922,12,-1.8551334,valid
11923,12,-4.1822867,valid
11924,12,-3.018268,valid
11925,12,-3.2524393,valid
11926,12,-1.0876986,valid
11927,12,-2.6207945,valid
11928,12,-2.6226435,valid
11929,12,-6.587692,valid
11930,12,-6.6263957,valid
11931,12,-3.9080076,valid
11932,12,-1.7675731,valid
11933,12,-5.8617578,valid
11934,12,-3.0039413,valid
11935,12,-1.1087189,valid
11936,12,0.6572528,valid
11937,12,-2.1644423,valid
11938,12,-4.061907,valid
11939,12,-3.94184,valid
11940,12,-2.5728793,valid
11941,12,-1.2204344,valid
11942,12,-0.24795507,valid
11943,12,-3.2518907,valid
11944,12,-8.176621,valid
11945,12,-3.73211,valid
11946,12,-3.5601287,valid
11947,12,-3.0034337,valid
11948,12,-2.7502599,valid
11949,12,-3.1752102,valid
11950,12,-3.6409793,valid
11951,12,-5.012135,valid
11952,12,-2.1569011,valid
11953,12,-4.032779,valid
11954,12,-4.6056194,valid
11955,12,-4.3864717,valid
11956,12,-2.3635776,valid
11957,12,-3.263802,valid
11958,12,-2.8599675,valid
11959,12,-2.0271266,valid
11960,12,-5.3930426,valid
11961,12,0.23529322,valid
11962,12,-3.8398948,valid
11963,12,-0.35291377,valid
11964,12,-5.714024,valid
11965,12,-2.6933765,valid
11966,12,-0.19392769,valid
11967,12,-5.1264277,valid
11968,12,-8.0139265,valid
11969,12,-2.364458,valid
11970,12,-3.6910222,valid
11971,12,-4.097919,valid
11972,12,-1.3459532,valid
11973,12,-0.8204227,valid
11974,12,-4.0648856,valid
11975,12,-2.2753491,valid
11976,13,-2.476994,valid
11977,13,-1.3185645,valid
11978,13,-5.6613517,valid
11979,13,-3.202217,valid
11980,13,-5.2521787,valid
11981,13,-5.6503887,valid
11982,13,-2.228238,valid
11983,13,-4.047329,valid
11984,13,-1.9394541,valid
11985,13,-3.948073,valid
11986,13,-3.324339,valid
11987,13,-4.8557243,valid
11988,13,-2.8215215,valid
11989,13,-3.4880526,valid
11990,13,-2.3423746,valid
11991,13,-4.228401,valid
11992,13,-2.7722435,valid
11993,13,0.760706,valid
11994,13,-3.0717454,valid
11995,13,-3.8457325,valid
11996,13,1.2116367,valid
11997,13,-0.27001315,valid
11998,13,-4.0572395,valid
11999,13,-1.5920608,valid
12000,13,-2.6044686,valid
12001,13,-2.052341,valid
12002,13,-3.5608256,valid
12003,13,-1.7773689,valid
12004,13,-2.0846913,valid
12005,13,-2.9575357,valid
12006,13,-0.70419914,valid
12007,13,-0.6117728,valid
12008,13,-3.9007344,valid
12009,13,-1.6370544,valid
12010,13,-2.552317,valid
12011,13,-8.283391,valid
12012,13,-2.2882926,valid
12013,13,-1.943163,valid
12014,13,-5.3182783,valid
12015,13,-2.6138182,valid
12016,13,-5.0826883,valid
12017,13,0.3377551,valid
12018,13,-2.875515,valid
12019,13,0.10341859,valid
12020,13,-6.1290226,valid
12021,13,-4.787269,valid
12022,13,-3.274207,valid
12023,13,0.42932937,valid
12024,13,-2.7722435,valid
12025,13,-7.8106723,valid
12026,13,-2.7058387,valid
12027,13,-1.2774156,valid
12028,13,-3.2551916,valid
12029,13,-2.4162369,valid
12030,13,-4.2549615,valid
12031,13,-6.597248,valid
12032,13,-3.9679012,valid
12033,13,-5.162844,valid
12034,13,0.56440455,valid
12035,13,-2.3254027,valid
12036,13,-1.6502749,valid
12037,13,-6.2699714,valid
12038,13,-3.718283,valid
12039,13,-2.164106,valid
12040,13,-1.3237079,valid
12041,13,-2.8770437,valid
12042,13,-4.025289,valid
12043,13,-4.309331,valid
12044,13,-2.6516747,valid
12045,13,-2.5319424,valid
12046,13,-0.8016422,valid
12047,13,-4.9363265,valid
12048,13,-2.046271,valid
12049,13,-1.1932473,valid
12050,13,-3.0271952,valid
12051,13,-3.1584492,valid
12052,13,-4.5380216,valid
12053,13,-0.9141391,valid
12054,13,-3.4080076,valid
12055,13,-2.3744063,valid
12056,13,-4.652957,valid
12057,13,-0.090389416,valid
12058,13,-4.3977923,valid
12059,13,-5.577832,valid
12060,13,-3.5708783,valid
12061,13,-1.3045325,valid
12062,13,-6.8922853,valid
12063,13,-2.7276256,valid
12064,13,-3.130437,valid
12065,13,-4.016123,valid
12066,13,-2.2093403,valid
12067,13,-5.426254,valid
12068,13,-2.426829,valid
12069,13,-3.012138,valid
12070,13,-1.8145361,valid
12071,13,-1.6931564,valid
12072,13,-5.90245,valid
12073,13,-2.9350882,valid
12074,13,0.41875556,valid
12075,13,-2.012035,valid
12076,13,-0.39196467,valid
12077,13,-1.1688489,valid
12078,13,-3.9637532,valid
12079,13,-3.6502097,valid
12080,13,-5.2936664,valid
12081,13,-3.3646147,valid
12082,13,-3.9116004,valid
12083,13,-0.3558706,valid
12084,13,-2.288909,valid
12085,13,-7.2709985,valid
12086,13,-3.026987,valid
12087,13,-3.051787,valid
12088,13,-0.70862335,valid
12089,13,-2.4597354,valid
12090,13,-3.5023928,valid
12091,13,-3.078754,valid
12092,13,-0.18420964,valid
12093,13,-0.122909576,valid
12094,13,-0.20706625,valid
12095,13,0.37503967,valid
12096,13,1.3287328,valid
12097,13,-2.9167156,valid
12098,13,1.1328747,valid
12099,13,-6.638244,valid
12100,13,-5.484801,valid
12101,13,0.7004321,valid
12102,13,-4.1498637,valid
12103,13,-2.3276386,valid
12104,13,-2.277598,valid
12105,13,-2.6058288,valid
12106,13,-1.5390993,valid
12107,13,-5.006049,valid
12108,13,-5.3309956,valid
12109,13,-3.667877,valid
12110,13,-3.1390705,valid
12111,13,-3.6452248,valid
12112,13,0.9112993,valid
12113,13,-3.5251262,valid
12114,13,-0.21796182,valid
12115,13,-2.9453614,valid
12116,13,-1.0998149,valid
12117,13,-4.530867,valid
12118,13,0.1467209,valid
12119,13,-5.6858993,valid
12120,13,-3.0557377,valid
12121,13,1.1496036,valid
12122,13,-5.980543,valid
12123,13,-5.1901755,valid
12124,13,-2.2115273,valid
12125,13,-0.96266145,valid
12126,13,-3.27985,valid
12127,13,-1.2636185,valid
12128,13,-4.570338,valid
12129,13,-3.2179492,valid
12130,13,0.032767147,valid
12131,13,-2.7948594,valid
12132,13,-0.2294511,valid
12133,13,-0.97867495,valid
12134,13,-3.183869,valid
12135,13,-6.4485016,valid
12136,13,-2.7722435,valid
12137,13,-1.3352678,valid
12138,13,-2.5427382,valid
12139,13,-2.8799865,valid
12140,13,-2.0075321,valid
12141,13,-1.1414077,valid
12142,13,0.10110688,valid
12143,13,-1.6458368,valid
12144,13,-3.6533272,valid
12145,13,-6.2752085,valid
12146,13,-2.4369864,valid
12147,13,-5.2311673,valid
12148,13,-4.974977,valid
12149,13,-1.875826,valid
12150,13,-5.628955,valid
12151,13,-4.977421,valid
12152,13,-3.190446,valid
12153,13,-4.6036973,valid
12154,13,-5.098722,valid
12155,13,-3.420855,valid
12156,13,-3.2036939,valid
12157,13,-2.5473242,valid
12158,13,-3.9846647,valid
12159,13,-2.2881093,valid
12160,13,-1.2214619,valid
12161,13,-2.7093177,valid
12162,13,-2.8238697,valid
12163,13,-4.62487,valid
12164,13,-2.5001638,valid
12165,13,-4.3434978,valid
12166,13,-3.3554335,valid
12167,13,-2.9142797,valid
12168,13,-6.820227,valid
12169,13,-5.121846,valid
12170,13,-5.8981204,valid
12171,13,-0.37977695,valid
12172,13,-4.571642,valid
12173,13,0.798012,valid
12174,13,-3.1174257,valid
12175,13,-3.64044,valid
12176,13,-1.8220431,valid
12177,13,-3.992094,valid
12178,13,-4.3065886,valid
12179,13,-1.2678661,valid
12180,13,-6.644346,valid
12181,13,-2.7171378,valid
12182,13,-4.3930454,valid
12183,13,-2.1524591,valid
12184,13,-4.7511225,valid
12185,13,-3.247865,valid
12186,13,-3.4876652,valid
12187,13,-3.1966891,valid
12188,13,-3.8359299,valid
12189,13,-4.591191,valid
12190,13,-4.3211904,valid
12191,13,0.2040695,valid
12192,13,-2.6934352,valid
12193,13,-2.233282,valid
12194,13,-3.2135024,valid
12195,13,0.50508976,valid
12196,13,-4.3113065,valid
12197,13,-3.8110564,valid
12198,13,0.56961757,valid
12199,13,-6.1073623,valid
12200,13,-1.8022577,valid
12201,13,-2.7722435,valid
12202,13,-2.356333,valid
12203,13,-2.622413,valid
12204,13,-3.2886553,valid
12205,13,-0.5422019,valid
12206,13,-2.3490057,valid
12207,13,-3.8184009,valid
12208,13,-3.8304005,valid
12209,13,-2.2032104,valid
12210,13,-4.8344274,valid
12211,13,-4.1181154,valid
12212,13,-2.9345844,valid
12213,13,-0.07688424,valid
12214,13,-4.0569243,valid
12215,13,-3.616283,valid
12216,13,-4.5724406,valid
12217,13,-2.573124,valid
12218,13,-2.0111444,valid
12219,13,-3.3569055,valid
12220,13,-2.7866282,valid
12221,13,-3.5206003,valid
12222,13,-2.7322147,valid
12223,13,-3.7455268,valid
12224,13,-4.331946,valid
12225,13,-2.3456059,valid
12226,13,-8.175096,valid
12227,13,-2.6490698,valid
12228,13,-0.9992271,valid
12229,13,-1.0659083,valid
12230,13,-6.0407186,valid
12231,13,-1.6620028,valid
12232,13,-3.0604808,valid
12233,13,-4.0596194,valid
12234,13,-1.4734311,valid
12235,13,-3.8537471,valid
12236,13,-1.6999842,valid
12237,13,-1.9266348,valid
12238,13,-2.2837014,valid
12239,13,-3.5139775,valid
12240,13,-3.2242982,valid
12241,13,1.078744,valid
12242,13,-3.3139944,valid
12243,13,0.39622542,valid
12244,13,-6.326335,valid
12245,13,-6.13333,valid
12246,13,-2.874534,valid
12247,13,-3.9567943,valid
12248,13,0.21754204,valid
12249,13,-0.75852853,valid
12250,13,-5.133275,valid
12251,13,-6.9140162,valid
12252,13,-2.7469888,valid
12253,13,-3.2194257,valid
12254,13,-4.4845977,valid
12255,13,-4.084783,valid
12256,13,-4.5833683,valid
12257,13,0.8956789,valid
12258,13,-0.8721542,valid
12259,13,-5.667999,valid
12260,13,-0.8872499,valid
12261,13,0.29869598,valid
12262,13,-3.6259632,valid
12263,13,-1.847093,valid
12264,13,-4.181019,valid
12265,13,-1.6028883,valid
12266,13,-3.9373724,valid
12267,13,-3.8602927,valid
12268,13,-2.886836,valid
12269,13,-0.6148688,valid
12270,13,-6.007475,valid
12271,13,-3.6725,valid
12272,13,-3.870908,valid
12273,13,-3.307514,valid
12274,13,-0.67817324,valid
12275,13,-4.7134395,valid
12276,13,-3.8041656,valid
12277,13,-5.228021,valid
12278,13,-1.4978156,valid
12279,13,-4.858447,valid
12280,13,-1.2644571,valid
12281,13,-1.8495647,valid
12282,13,-1.9096881,valid
12283,13,-3.220882,valid
12284,13,-5.9754405,valid
12285,13,-6.6260357,valid
12286,13,-2.3948479,valid
12287,13,-2.366346,valid
12288,13,-2.3442757,valid
12289,13,-2.21891,valid
12290,13,-4.191726,valid
12291,13,-5.2760453,valid
12292,13,-6.506004,valid
12293,13,-4.848036,valid
12294,13,-1.0850403,valid
12295,13,-4.5484576,valid
12296,13,-2.611128,valid
12297,13,-7.616951,valid
12298,13,-3.122756,valid
12299,13,-6.556104,valid
12300,13,-0.97439265,valid
12301,13,-1.3233802,valid
12302,13,-5.598743,valid
12303,13,-1.5492877,valid
12304,13,-5.5181594,valid
12305,13,-4.407064,valid
12306,13,-4.552477,valid
12307,13,-1.7286488,valid
12308,13,-2.7722435,valid
12309,13,-3.4509234,valid
12310,13,-3.5945835,valid
12311,13,-0.04408122,valid
12312,13,-3.00468,valid
12313,13,-2.0674284,valid
12314,13,-2.3402917,valid
12315,13,-3.5662048,valid
12316,13,-1.4376956,valid
12317,13,-5.143384,valid
12318,13,-3.6360471,valid
12319,13,-8.391178,valid
12320,13,-3.9844995,valid
12321,13,-0.43135905,valid
12322,13,-6.686892,valid
12323,13,-3.1336122,valid
12324,13,-2.6940908,valid
12325,13,-4.7047977,valid
12326,13,-2.7441792,valid
12327,13,-4.780794,valid
12328,13,-4.6983943,valid
12329,13,-3.6804476,valid
12330,13,-2.7012923,valid
12331,13,-1.44844,valid
12332,13,0.37285587,valid
12333,13,-2.485415,valid
12334,13,-4.190394,valid
12335,13,-0.75933176,valid
12336,13,-0.97266203,valid
12337,13,-4.977421,valid
12338,13,-1.162764,valid
12339,13,-2.7722435,valid
12340,13,-2.4484448,valid
12341,13,-1.5048082,valid
12342,13,-0.32220984,valid
12343,13,0.4539005,valid
12344,13,-1.9113868,valid
12345,13,-6.973511,valid
12346,13,-1.2304763,valid
12347,13,-4.275456,valid
12348,13,-3.5807652,valid
12349,13,-9.233838,valid
12350,13,-8.878743,valid
12351,13,-2.7763758,valid
12352,13,-5.1297717,valid
12353,13,-1.8738806,valid
12354,13,-2.796269,valid
12355,13,0.38724735,valid
12356,13,-3.754365,valid
12357,13,-5.4962435,valid
12358,13,-0.5463852,valid
12359,13,-3.4681726,valid
12360,13,-1.797892,valid
12361,13,-4.614495,valid
12362,13,-3.5314016,valid
12363,13,-10.921279,valid
12364,13,-2.5236464,valid
12365,13,-5.1869383,valid
12366,13,-2.51865,valid
12367,13,-5.5464087,valid
12368,13,-1.2187315,valid
12369,13,-2.8563542,valid
12370,13,-0.24240354,valid
12371,13,-2.6244822,valid
12372,13,-2.3841577,valid
12373,13,-1.790535,valid
12374,13,-1.8358365,valid
12375,13,-5.611563,valid
12376,13,-2.480958,valid
12377,13,-4.242392,valid
12378,13,-2.762491,valid
12379,13,-2.7039762,valid
12380,13,-3.4451785,valid
12381,13,-0.06624328,valid
12382,13,-5.492782,valid
12383,13,-4.6028433,valid
12384,13,-5.3012652,valid
12385,13,-1.3208784,valid
12386,13,-1.0865723,valid
12387,13,-1.4418014,valid
12388,13,-2.3599753,valid
12389,13,-1.7310843,valid
12390,13,-0.66218495,valid
12391,13,-1.8561853,valid
12392,13,-1.6923567,valid
12393,13,-3.5315197,valid
12394,13,-0.80042326,valid
12395,13,-2.477265,valid
12396,13,-2.7722435,valid
12397,13,-2.0315685,valid
12398,13,-0.5958847,valid
12399,13,-2.93097,valid
12400,13,-4.777915,valid
12401,13,-4.1606565,valid
12402,13,-3.8046944,valid
12403,13,-3.5328505,valid
12404,13,-3.9049857,valid
12405,13,-1.5396775,valid
12406,13,-2.4295278,valid
12407,13,-1.8276147,valid
12408,13,-1.5409284,valid
12409,13,-5.021835,valid
12410,13,-5.022069,valid
12411,13,-4.5933084,valid
12412,13,-4.2631245,valid
12413,13,-5.5513372,valid
12414,13,-2.7722435,valid
12415,13,-4.0760074,valid
12416,13,-6.7478485,valid
12417,13,-3.9774168,valid
12418,13,-3.753897,valid
12419,13,1.4815947,valid
12420,13,-0.45885628,valid
12421,13,-7.1183743,valid
12422,13,-0.5036426,valid
12423,13,-7.1097107,valid
12424,13,-3.8512352,valid
12425,13,-1.7102463,valid
12426,13,-2.2900944,valid
12427,13,-6.2800956,valid
12428,13,-4.2180395,valid
12429,13,-0.83672994,valid
12430,13,-3.4723837,valid
12431,13,1.5820975,valid
12432,13,-1.6979483,valid
12433,13,-3.2308364,valid
12434,13,-2.2050266,valid
12435,13,-4.321298,valid
12436,13,0.35059676,valid
12437,13,-4.472888,valid
12438,13,-3.1752532,valid
12439,13,-2.9179418,valid
12440,13,-3.6772976,valid
12441,13,-3.850746,valid
12442,13,-2.667918,valid
12443,13,-1.2283148,valid
12444,13,-2.5503654,valid
12445,13,-3.8914027,valid
12446,13,-5.395448,valid
12447,13,-4.7385473,valid
12448,13,-2.9132633,valid
12449,13,-0.91573375,valid
12450,13,-3.9010909,valid
12451,13,-4.6171947,valid
12452,13,-3.7478633,valid
12453,13,-6.822533,valid
12454,13,-1.7358462,valid
12455,13,-2.7186527,valid
12456,13,-2.5001996,valid
12457,13,-2.9790154,valid
12458,13,-1.4759579,valid
12459,13,-3.3234298,valid
12460,13,-4.017613,valid
12461,13,-1.7549641,valid
12462,13,-3.1281974,valid
12463,13,-4.6748805,valid
12464,13,-2.078698,valid
12465,13,-2.908389,valid
12466,13,-0.6994794,valid
12467,13,-4.6610427,valid
12468,13,-4.521604,valid
12469,13,-1.2690659,valid
12470,13,-3.7779863,valid
12471,13,-2.29148,valid
12472,13,-3.062763,valid
12473,13,-3.9867496,valid
12474,13,-6.5395126,valid
12475,13,-0.16339108,valid
12476,13,-3.6133873,valid
12477,13,-2.3280663,valid
12478,13,-1.8021982,valid
12479,13,-1.9965464,valid
12480,13,-3.3860693,valid
12481,13,-2.536757,valid
12482,13,-0.23623912,valid
12483,13,-0.94296426,valid
12484,13,-4.599602,valid
12485,13,-4.94476,valid
12486,13,-2.5842996,valid
12487,13,-4.018209,valid
12488,13,-5.281163,valid
12489,13,-1.4456004,valid
12490,13,-5.197622,valid
12491,13,-5.3125377,valid
12492,13,-2.7153175,valid
12493,13,-6.2493615,valid
12494,13,-2.015026,valid
12495,13,0.26253244,valid
12496,13,-2.5317254,valid
12497,13,-4.8971725,valid
12498,13,-4.3972774,valid
12499,13,-3.2415304,valid
12500,13,-3.3541553,valid
12501,13,-2.6482878,valid
12502,13,-1.7985995,valid
12503,13,-1.9970971,valid
12504,13,-1.3848603,valid
12505,13,-2.1669724,valid
12506,13,-1.8680323,valid
12507,13,-0.6913565,valid
12508,13,-5.7096677,valid
12509,13,-1.3108327,valid
12510,13,-3.4167564,valid
12511,13,-1.9985961,valid
12512,13,-0.18440375,valid
12513,13,-2.522583,valid
12514,13,-3.09488,valid
12515,13,-2.6721091,valid
12516,13,-4.992399,valid
12517,13,-1.8852798,valid
12518,13,-3.1484754,valid
12519,13,0.2859934,valid
12520,13,-3.862874,valid
12521,13,0.12374543,valid
12522,13,-1.214651,valid
12523,13,-4.27684,valid
12524,13,-5.793614,valid
12525,13,-4.8525634,valid
12526,13,-0.31204918,valid
12527,13,-3.7333121,valid
12528,13,-2.328632,valid
12529,13,-2.390433,valid
12530,13,-1.686351,valid
12531,13,-2.7781382,valid
12532,13,-1.354638,valid
12533,13,1.5677637,valid
12534,13,-4.257668,valid
12535,13,-3.4060671,valid
12536,13,-4.1917295,valid
12537,13,-1.7884425,valid
12538,13,0.013795943,valid
12539,13,-7.427725,valid
12540,13,-3.3823404,valid
12541,13,-3.8314047,valid
12542,13,-1.7676772,valid
12543,13,-4.268049,valid
12544,13,-1.333553,valid
12545,13,2.1004882,valid
12546,13,-0.1160698,valid
12547,13,-0.98231906,valid
12548,13,-2.570962,valid
12549,13,-0.5251393,valid
12550,13,-4.5304465,valid
12551,13,-1.3544768,valid
12552,13,-6.510258,valid
12553,13,-2.5749383,valid
12554,13,-0.86632216,valid
12555,13,-4.813145,valid
12556,13,0.91941315,valid
12557,13,-0.8132735,valid
12558,13,-0.90123296,valid
12559,13,-0.8997556,valid
12560,13,-2.124847,valid
12561,13,-4.269878,valid
12562,13,-2.6953654,valid
12563,13,-4.8799076,valid
12564,13,-2.7955003,valid
12565,13,-4.505638,valid
12566,13,-3.289763,valid
12567,13,-2.5015962,valid
12568,13,-1.6351557,valid
12569,13,0.3108149,valid
12570,13,-4.189566,valid
12571,13,-2.5211735,valid
12572,13,0.71335447,valid
12573,13,-3.179095,valid
12574,13,-1.3108839,valid
12575,13,-2.035436,valid
12576,13,-2.8401742,valid
12577,13,-4.323459,valid
12578,13,0.63353866,valid
12579,13,0.10110688,valid
12580,13,-4.9603453,valid
12581,13,-3.119633,valid
12582,13,-2.10843,valid
12583,13,-9.483403,valid
12584,13,-5.253627,valid
12585,13,-2.0531387,valid
12586,13,-4.725527,valid
12587,13,-3.7351093,valid
12588,13,-2.8119907,valid
12589,13,-4.836411,valid
12590,13,-3.7970128,valid
12591,13,-1.3955767,valid
12592,13,-4.5293145,valid
12593,13,-3.7763157,valid
12594,13,-3.0139008,valid
12595,13,-5.29126,valid
12596,13,-4.5404344,valid
12597,13,-2.7997694,valid
12598,13,-3.3600252,valid
12599,13,-1.693073,valid
12600,13,-2.6675937,valid
12601,13,-0.7299418,valid
12602,13,-5.147883,valid
12603,13,-5.150403,valid
12604,13,-2.0084655,valid
12605,13,-3.58011,valid
12606,13,-2.9358382,valid
12607,13,-4.505084,valid
12608,13,-3.1747203,valid
12609,13,-5.6943536,valid
12610,13,-2.8897808,valid
12611,13,-3.2920203,valid
12612,13,0.54254854,valid
12613,13,-0.24356773,valid
12614,13,-3.316772,valid
12615,13,-1.5426677,valid
12616,13,-0.8236203,valid
12617,13,-4.804499,valid
12618,13,-2.0290174,valid
12619,13,-0.8220712,valid
12620,13,-2.6224127,valid
12621,13,-4.9802423,valid
12622,13,-3.8672857,valid
12623,13,-3.744546,valid
12624,13,-3.0751352,valid
12625,13,0.112500936,valid
12626,13,-3.2276158,valid
12627,13,-3.5103765,valid
12628,13,-5.077206,valid
12629,13,-4.1254497,valid
12630,13,-5.0403304,valid
12631,13,-4.4870915,valid
12632,13,-1.1886916,valid
12633,13,0.16877833,valid
12634,13,-3.0615964,valid
12635,13,-2.2991948,valid
12636,13,-3.3963542,valid
12637,13,-4.4639277,valid
12638,13,-4.3743405,valid
12639,13,-5.813725,valid
12640,13,-4.018882,valid
12641,13,-3.6927545,valid
12642,13,-0.97175425,valid
12643,13,-1.6855325,valid
12644,13,-2.1011753,valid
12645,13,-5.598447,valid
12646,13,-6.0948586,valid
12647,13,-6.2650476,valid
12648,13,-2.6509635,valid
12649,13,0.015647054,valid
12650,13,-2.0216262,valid
12651,13,-0.7908429,valid
12652,13,-6.5721908,valid
12653,13,-5.9337935,valid
12654,13,-0.31408587,valid
12655,13,-1.6308024,valid
12656,13,-5.564257,valid
12657,13,-0.6401489,valid
12658,13,-6.581023,valid
12659,13,-0.7621754,valid
12660,13,1.8183392,valid
12661,13,-4.311025,valid
12662,13,-1.1522849,valid
12663,13,-6.066453,valid
12664,13,-7.806636,valid
12665,13,-2.8343525,valid
12666,13,-3.8392518,valid
12667,13,-4.403595,valid
12668,13,-2.2307274,valid
12669,13,-4.6991754,valid
12670,13,-3.069059,valid
12671,13,-4.8204722,valid
12672,13,-1.9713362,valid
12673,13,-4.792437,valid
12674,13,-4.394267,valid
12675,13,-2.4606514,valid
12676,13,-4.0305705,valid
12677,13,-2.9132361,valid
12678,13,-2.3646665,valid
12679,13,-3.3698165,valid
12680,13,-1.9842278,valid
12681,13,-5.898861,valid
12682,13,-1.8474666,valid
12683,13,-2.6034517,valid
12684,13,-2.7031245,valid
12685,13,-4.647786,valid
12686,13,-3.2198212,valid
12687,13,-4.5938635,valid
12688,13,-4.370837,valid
12689,13,-2.7263837,valid
12690,13,-1.7415525,valid
12691,13,-2.0451646,valid
12692,13,-3.1443682,valid
12693,13,0.92948484,valid
12694,13,-5.7031264,valid
12695,13,-5.453544,valid
12696,13,-4.189803,valid
12697,13,-2.6623077,valid
12698,13,-2.0397093,valid
12699,13,-3.1403599,valid
12700,13,-4.255413,valid
12701,13,-3.265083,valid
12702,13,-0.66291344,valid
12703,13,-1.9475741,valid
12704,13,-5.015125,valid
12705,13,-3.0016074,valid
12706,13,-0.86355233,valid
12707,13,-1.333553,valid
12708,13,-1.0043982,valid
12709,13,-4.4880347,valid
12710,13,-2.3271978,valid
12711,13,-2.2351818,valid
12712,13,-4.1669016,valid
12713,13,-1.353008,valid
12714,13,-3.8432612,valid
12715,13,-3.9705327,valid
12716,13,-4.8440576,valid
12717,13,-3.1294012,valid
12718,13,-2.8022547,valid
12719,13,-5.330809,valid
12720,13,-4.463382,valid
12721,13,-4.028286,valid
12722,13,-1.4108263,valid
12723,13,-4.340817,valid
12724,13,-0.11933234,valid
12725,13,-1.843099,valid
12726,13,-5.764977,valid
12727,13,-3.979409,valid
12728,13,-2.3549955,valid
12729,13,1.0431821,valid
12730,13,-7.7367864,valid
12731,13,-6.361331,valid
12732,13,-2.4027987,valid
12733,13,-1.7702601,valid
12734,13,-5.0553355,valid
12735,13,-0.8985283,valid
12736,13,-0.78725857,valid
12737,13,-5.128721,valid
12738,13,-3.3786228,valid
12739,13,-6.129555,valid
12740,13,-3.264092,valid
12741,13,-2.967473,valid
12742,13,-3.673613,valid
12743,13,0.69800323,valid
12744,13,-2.9398465,valid
12745,13,-2.7975683,valid
12746,13,-0.4009902,valid
12747,13,-0.61575884,valid
12748,13,-0.36297882,valid
12749,13,-4.5500364,valid
12750,13,-4.1154637,valid
12751,13,-0.5110883,valid
12752,13,-3.8490734,valid
12753,13,-4.41824,valid
12754,13,-3.1573184,valid
12755,13,-3.266838,valid
12756,13,-1.1452346,valid
12757,13,-0.47895855,valid
12758,13,-0.06294269,valid
12759,13,-1.6310965,valid
12760,13,-1.609144,valid
12761,13,-3.7447388,valid
12762,13,-1.0543265,valid
12763,13,-5.154659,valid
12764,13,-3.5384743,valid
12765,13,-2.9026062,valid
12766,13,-6.1757884,valid
12767,13,-5.9246783,valid
12768,13,-2.586403,valid
12769,13,-3.8361707,valid
12770,13,-3.947842,valid
12771,13,-4.9913406,valid
12772,13,-3.8839061,valid
12773,13,-3.6108603,valid
12774,13,0.5450113,valid
12775,13,-0.38868275,valid
12776,13,-4.1453185,valid
12777,13,-5.406342,valid
12778,13,-5.382687,valid
12779,13,-3.2568457,valid
12780,13,-1.2965673,valid
12781,13,-2.3380532,valid
12782,13,-5.6805487,valid
12783,13,-1.8848847,valid
12784,13,-3.2081482,valid
12785,13,-2.2800317,valid
12786,13,-1.8201644,valid
12787,13,-2.565816,valid
12788,13,-3.0349483,valid
12789,13,-4.367506,valid
12790,13,-2.7712154,valid
12791,13,-2.1031365,valid
12792,13,-4.0772743,valid
12793,13,-5.692465,valid
12794,13,-3.6462855,valid
12795,13,-1.4387794,valid
12796,13,-2.7940254,valid
12797,13,-3.5950332,valid
12798,13,-3.3933775,valid
12799,13,-6.696341,valid
12800,13,-5.220836,valid
12801,13,-0.884662,valid
12802,13,-0.5555568,valid
12803,13,-2.839624,valid
12804,13,-2.4037275,valid
12805,13,-5.7112603,valid
12806,13,-0.66785425,valid
12807,13,-4.133102,valid
12808,13,-4.2578826,valid
12809,13,-2.7152255,valid
12810,13,-6.0385013,valid
12811,13,-1.507441,valid
12812,13,-5.581306,valid
12813,13,0.52937853,valid
12814,13,-3.1546414,valid
12815,13,-1.5808274,valid
12816,13,-2.8933125,valid
12817,13,-4.088964,valid
12818,13,-3.3683808,valid
12819,13,-6.1309485,valid
12820,13,-4.001154,valid
12821,13,-3.8356626,valid
12822,13,-2.8939261,valid
12823,13,-3.4234366,valid
12824,13,-3.2167258,valid
12825,13,-3.2763863,valid
12826,13,-4.3762555,valid
12827,13,-3.7952106,valid
12828,13,-2.015354,valid
12829,13,-0.013330667,valid
12830,13,-4.936377,valid
12831,13,-4.1974087,valid
12832,13,-0.7001658,valid
12833,13,-3.0385427,valid
12834,13,-0.73825836,valid
12835,13,-2.5409982,valid
12836,13,-0.35527092,valid
12837,13,-6.611964,valid
12838,13,-4.5698085,valid
12839,13,-3.128002,valid
12840,13,-0.71519816,valid
12841,13,-5.0756392,valid
12842,13,-2.9416697,valid
12843,13,-4.7403727,valid
12844,13,-4.103958,valid
12845,13,-1.1617343,valid
12846,13,-2.4509888,valid
12847,13,-2.9246612,valid
12848,13,-4.444084,valid
12849,13,-5.251787,valid
12850,13,-0.03102839,valid
12851,13,-4.4578547,valid
12852,13,-4.0673933,valid
12853,13,-1.8021982,valid
12854,13,-3.4612846,valid
12855,13,-4.1266375,valid
12856,13,-8.324765,valid
12857,13,-6.680245,valid
12858,13,-4.207723,valid
12859,13,-3.6447062,valid
12860,13,-3.2631242,valid
12861,13,-3.2081485,valid
12862,13,-4.451033,valid
12863,13,-1.2202995,valid
12864,13,2.3956904,valid
12865,13,-5.339717,valid
12866,13,-5.7437387,valid
12867,13,-3.9406974,valid
12868,13,-4.1648154,valid
12869,13,-7.3478928,valid
12870,13,-3.2722704,valid
12871,13,-1.0070732,valid
12872,13,-2.828642,valid
12873,13,-5.2854667,valid
12874,13,-7.3478923,valid
12875,13,-2.2768464,valid
12876,13,-0.3442413,valid
12877,13,-4.03466,valid
12878,13,-3.6679025,valid
12879,13,-0.2990805,valid
12880,13,-2.986898,valid
12881,13,-3.7622313,valid
12882,13,-3.371661,valid
12883,13,-2.1791046,valid
12884,13,-3.7017274,valid
12885,13,-5.6359777,valid
12886,13,-4.638445,valid
12887,13,-4.514874,valid
12888,13,-4.861272,valid
12889,13,-3.0609355,valid
12890,13,-3.2668378,valid
12891,13,1.3962106,valid
12892,13,-5.069822,valid
12893,13,-4.6484303,valid
12894,13,-0.43956637,valid
12895,13,-1.4498823,valid
12896,13,-1.0411465,valid
12897,13,-1.874959,valid
12898,13,-6.978639,valid
12899,13,-2.7643113,valid
12900,13,-7.6838946,valid
12901,13,-0.5912572,valid
12902,13,-3.5124888,valid
12903,13,-1.1189032,valid
12904,13,-2.7722435,valid
12905,13,-1.2047818,valid
12906,13,-3.8195996,valid
12907,13,-3.5925171,valid
12908,13,0.2828172,valid
12909,13,-3.8918362,valid
12910,13,-1.6344714,valid
12911,13,-1.5563511,valid
12912,13,-3.9787054,valid
12913,13,-1.16671,valid
12914,13,-3.5602705,valid
12915,13,-7.6869383,valid
12916,13,-7.199456,valid
12917,13,-2.5084445,valid
12918,13,-3.4279795,valid
12919,13,-5.116265,valid
12920,13,-2.0830097,valid
12921,13,-4.5184693,valid
12922,13,-3.9716766,valid
12923,13,-2.9766674,valid
12924,13,-1.8201643,valid
12925,13,-2.5634015,valid
12926,13,-2.793427,valid
12927,13,-7.141787,valid
12928,13,-4.749057,valid
12929,13,-3.496135,valid
12930,13,-1.9081479,valid
12931,13,-6.6833835,valid
12932,13,-3.0474904,valid
12933,13,-0.96502846,valid
12934,13,0.548339,valid
12935,13,-1.6717507,valid
12936,13,-4.474008,valid
12937,13,-3.731933,valid
12938,13,-1.195979,valid
12939,13,-0.93575567,valid
12940,13,-0.8464562,valid
12941,13,-3.3254056,valid
12942,13,-8.472259,valid
12943,13,-4.346592,valid
12944,13,-3.0485802,valid
12945,13,-3.679791,valid
12946,13,-3.3359625,valid
12947,13,-3.0950155,valid
12948,13,-4.5629826,valid
12949,13,-4.543017,valid
12950,13,-2.6682887,valid
12951,13,-5.059385,valid
12952,13,-4.8617682,valid
12953,13,-4.4305005,valid
12954,13,-2.987123,valid
12955,13,-3.1044,valid
12956,13,-3.6510942,valid
12957,13,-2.6378422,valid
12958,13,-4.897173,valid
12959,13,0.5450521,valid
12960,13,-5.2413344,valid
12961,13,-0.27779084,valid
12962,13,-5.7528243,valid
12963,13,-3.3069594,valid
12964,13,-0.062952146,valid
12965,13,-5.2590785,valid
12966,13,-8.368358,valid
12967,13,-3.1103544,valid
12968,13,-3.3277414,valid
12969,13,-3.244446,valid
12970,13,-0.7761222,valid
12971,13,-0.78916633,valid
12972,13,-3.6330066,valid
12973,13,-2.4273293,valid
12974,-1,-6.1298018,test
12975,-1,-2.841726,test
12976,-1,-3.2118561,test
12977,-1,-3.2887323,test
12978,-1,1.7324339,test
12979,-1,-2.8556921,test
12980,-1,-3.483366,test
12981,-1,-2.9445372,test
12982,-1,-0.8872499,test
12983,-1,-0.979446,test
12984,-1,-3.8139195,test
12985,-1,0.7734738,test
12986,-1,-2.026306,test
12987,-1,-1.7991844,test
12988,-1,-2.8834438,test
12989,-1,-3.0977814,test
12990,-1,-0.0946259,test
12991,-1,-6.9033194,test
12992,-1,-2.8909216,test
12993,-1,-3.7031074,test
12994,-1,-1.8157252,test
12995,-1,-2.951314,test
12996,-1,-2.5415008,test
12997,-1,-1.410591,test
12998,-1,-4.5768304,test
12999,-1,-1.836774,test
13000,-1,-4.751028,test
13001,-1,-3.2258506,test
13002,-1,-3.486466,test
13003,-1,-5.1880703,test
13004,-1,-3.362066,test
13005,-1,-0.14287838,test
13006,-1,-6.7768493,test
13007,-1,-1.5712589,test
13008,-1,-3.4035945,test
13009,-1,-1.4206163,test
13010,-1,-0.19281992,test
13011,-1,-2.7506115,test
13012,-1,-3.5210178,test
13013,-1,-3.731933,test
13014,-1,-3.8434544,test
13015,-1,-7.807176,test
13016,-1,-4.513642,test
13017,-1,-3.0176907,test
13018,-1,-2.096871,test
13019,-1,-1.724132,test
13020,-1,-3.6052547,test
13021,-1,-2.584068,test
13022,-1,-3.3123865,test
13023,-1,-1.2673001,test
13024,-1,-0.9645618,test
13025,-1,-2.0266562,test
13026,-1,-1.142644,test
13027,-1,0.7678755,test
13028,-1,-8.108392,test
13029,-1,-0.8137838,test
13030,-1,-4.823007,test
13031,-1,-2.8161016,test
13032,-1,-2.7800756,test
13033,-1,-3.1648767,test
13034,-1,-3.5058587,test
13035,-1,-3.2520661,test
13036,-1,-4.029588,test
13037,-1,-3.165325,test
13038,-1,-3.1088796,test
13039,-1,-2.7083316,test
13040,-1,-0.87564874,test
13041,-1,-0.89726955,test
13042,-1,-2.4683747,test
13043,-1,-0.8273125,test
13044,-1,-2.8469472,test
13045,-1,-2.2157707,test
13046,-1,-2.958229,test
13047,-1,-1.0527965,test
13048,-1,-4.3266993,test
13049,-1,-3.9443057,test
13050,-1,-5.551064,test
13051,-1,-1.5959451,test
13052,-1,-2.4529948,test
13053,-1,-3.3250248,test
13054,-1,-2.8325326,test
13055,-1,-2.5508816,test
13056,-1,-5.0333424,test
13057,-1,-1.819347,test
13058,-1,-8.703073,test
13059,-1,-2.2230778,test
13060,-1,-6.0376925,test
13061,-1,-1.7810248,test
13062,-1,-2.562587,test
13063,-1,-4.8971725,test
13064,-1,0.84176105,test
13065,-1,-6.578543,test
13066,-1,-1.8353573,test
13067,-1,-2.1922684,test
13068,-1,0.460395,test
13069,-1,1.440831,test
13070,-1,-6.445354,test
13071,-1,-4.233113,test
13072,-1,-3.528775,test
13073,-1,-1.3420247,test
13074,-1,-4.5006375,test
13075,-1,-5.4125586,test
13076,-1,-3.5308454,test
13077,-1,-4.84773,test
13078,-1,-4.5873704,test
13079,-1,-6.022529,test
13080,-1,-2.291306,test
13081,-1,-6.4640985,test
13082,-1,-3.010149,test
13083,-1,-0.93649256,test
13084,-1,-2.9207418,test
13085,-1,-6.210681,test
13086,-1,-2.7722435,test
13087,-1,-2.2436306,test
13088,-1,-7.021258,test
13089,-1,-2.4693651,test
13090,-1,-6.2718034,test
13091,-1,-6.976129,test
13092,-1,-5.1559644,test
13093,-1,-4.515555,test
13094,-1,-4.6100764,test
13095,-1,-1.5663189,test
13096,-1,-3.8449202,test
13097,-1,-5.8150024,test
13098,-1,-3.1233315,test
13099,-1,-4.0469985,test
13100,-1,-2.4550323,test
13101,-1,-1.3461734,test
13102,-1,-0.7034986,test
13103,-1,-4.8429837,test
13104,-1,-1.3189269,test
13105,-1,-3.1141882,test
13106,-1,-3.342213,test
13107,-1,-3.3357582,test
13108,-1,-3.8591213,test
13109,-1,-3.42796,test
13110,-1,-3.4561968,test
13111,-1,-2.2164125,test
13112,-1,-4.376841,test
13113,-1,-2.2321115,test
13114,-1,-3.4333577,test
13115,-1,-4.267884,test
13116,-1,-0.5851861,test
13117,-1,-1.892439,test
13118,-1,-1.6300639,test
13119,-1,-3.2778828,test
13120,-1,-3.7165344,test
13121,-1,-4.4028893,test
13122,-1,-1.1512538,test
13123,-1,0.5073527,test
13124,-1,-4.144868,test
13125,-1,-3.7322693,test
13126,-1,-2.2301934,test
13127,-1,-4.953088,test
13128,-1,-2.8965354,test
13129,-1,-5.133954,test
13130,-1,-2.5199392,test
13131,-1,-3.1727743,test
13132,-1,-2.9137204,test
13133,-1,-4.025967,test
13134,-1,-4.8496375,test
13135,-1,-4.2420154,test
13136,-1,-2.0531878,test
13137,-1,-6.4075913,test
13138,-1,-2.3687296,test
13139,-1,-3.882571,test
13140,-1,-6.166344,test
13141,-1,-3.7781293,test
13142,-1,-4.4815326,test
13143,-1,-6.0877743,test
13144,-1,-3.1348062,test
13145,-1,-1.0302813,test
13146,-1,-1.3063716,test
13147,-1,-3.2054741,test
13148,-1,-6.3403835,test
13149,-1,-1.6117116,test
13150,-1,-0.45744446,test
13151,-1,-10.29765,test
13152,-1,-2.2528732,test
13153,-1,-6.555607,test
13154,-1,-5.4333205,test
13155,-1,-0.8909345,test
13156,-1,-1.0174505,test
13157,-1,-4.495627,test
13158,-1,-5.2357354,test
13159,-1,-1.4418163,test
13160,-1,-3.8744776,test
13161,-1,-4.121597,test
13162,-1,-3.4267058,test
13163,-1,-4.369902,test
13164,-1,-4.758405,test
13165,-1,-2.4640427,test
13166,-1,-5.669385,test
13167,-1,-0.57571816,test
13168,-1,-6.171991,test
13169,-1,-1.7647094,test
13170,-1,-2.0922766,test
13171,-1,-2.0552595,test
13172,-1,-2.677692,test
13173,-1,-3.9003446,test
13174,-1,-5.1457458,test
13175,-1,-4.6640563,test
13176,-1,-3.3027287,test
13177,-1,-4.144857,test
13178,-1,-4.8949656,test
13179,-1,-6.933946,test
13180,-1,-0.18387881,test
13181,-1,-4.3801265,test
13182,-1,-1.3838006,test
13183,-1,-3.4561913,test
13184,-1,-1.3943301,test
13185,-1,-3.443534,test
13186,-1,-2.7033806,test
13187,-1,-0.019359529,test
13188,-1,-2.51035,test
13189,-1,-1.7717907,test
13190,-1,-1.9270355,test
13191,-1,-0.6270433,test
13192,-1,-0.85553604,test
13193,-1,-2.8454962,test
13194,-1,-4.7164555,test
13195,-1,-3.3006713,test
13196,-1,-3.8810046,test
13197,-1,-5.7531495,test
13198,-1,-3.2886553,test
13199,-1,-3.8085806,test
13200,-1,-1.5055141,test
13201,-1,-2.7427416,test
13202,-1,-4.1827297,test
13203,-1,-2.443736,test
13204,-1,1.1652633,test
13205,-1,-0.9301167,test
13206,-1,-6.4059906,test
13207,-1,0.24263424,test
13208,-1,-2.2660387,test
13209,-1,-0.22390582,test
13210,-1,-4.261269,test
13211,-1,0.8774461,test
13212,-1,-3.9180634,test
13213,-1,-3.2653062,test
13214,-1,0.35245866,test
13215,-1,-3.896552,test
13216,-1,-2.48311,test
13217,-1,-0.065262794,test
13218,-1,-2.8732755,test
13219,-1,-3.6227796,test
13220,-1,-1.4577409,test
13221,-1,-3.1952462,test
13222,-1,-2.2229178,test
13223,-1,0.60428566,test
13224,-1,-2.8480537,test
13225,-1,-3.6952505,test
13226,-1,-1.1233187,test
13227,-1,-2.386769,test
13228,-1,0.6653324,test
13229,-1,-5.002103,test
13230,-1,-1.9638716,test
13231,-1,1.2961259,test
13232,-1,-2.3062997,test
13233,-1,-3.3641486,test
13234,-1,-1.3764354,test
13235,-1,-2.1950178,test
13236,-1,-5.1289663,test
13237,-1,-1.1008564,test
13238,-1,-1.0353452,test
13239,-1,-6.1666718,test
13240,-1,-2.045732,test
13241,-1,-2.9281378,test
13242,-1,-2.0385537,test
13243,-1,-3.8359573,test
13244,-1,-5.5191565,test
13245,-1,-3.3215215,test
13246,-1,-2.1889489,test
13247,-1,-0.7246569,test
13248,-1,-3.6239853,test
13249,-1,-2.04951,test
13250,-1,-1.9671875,test
13251,-1,-5.419949,test
13252,-1,-5.937894,test
13253,-1,-0.25040245,test
13254,-1,-2.321743,test
13255,-1,-4.3125167,test
13256,-1,-3.6832771,test
13257,-1,-2.537821,test
13258,-1,0.6525898,test
13259,-1,-0.048609357,test
13260,-1,-4.745891,test
13261,-1,-2.6870952,test
13262,-1,0.135279,test
13263,-1,-2.0275965,test
13264,-1,-4.355198,test
13265,-1,-2.957948,test
13266,-1,-1.7832878,test
13267,-1,-3.4488301,test
13268,-1,-2.8470955,test
13269,-1,-2.691162,test
13270,-1,-4.8488827,test
13271,-1,-3.0865488,test
13272,-1,0.12942126,test
13273,-1,-4.0446916,test
13274,-1,0.45864478,test
13275,-1,-3.7543285,test
13276,-1,-3.6052547,test
13277,-1,-2.8407829,test
13278,-1,1.2961259,test
13279,-1,-5.1286583,test
13280,-1,-4.286116,test
13281,-1,-1.3248335,test
13282,-1,-6.33351,test
13283,-1,-5.8510523,test
13284,-1,1.8395401,test
13285,-1,-1.775338,test
13286,-1,-2.2755191,test
13287,-1,-2.42988,test
13288,-1,-1.2359244,test
13289,-1,-5.3507056,test
13290,-1,-1.3426282,test
13291,-1,-4.513464,test
13292,-1,-1.4149486,test
13293,-1,-1.5419674,test
13294,-1,-3.0334983,test
13295,-1,-4.7016034,test
13296,-1,-1.9276043,test
13297,-1,-4.546042,test
13298,-1,-3.8616288,test
13299,-1,-3.0651057,test
13300,-1,-2.5584278,test
13301,-1,-4.936645,test
13302,-1,0.038802996,test
13303,-1,-3.594539,test
13304,-1,-7.193363,test
13305,-1,-1.8322543,test
13306,-1,-2.6036592,test
13307,-1,-2.9983108,test
13308,-1,-7.4892416,test
13309,-1,-1.0025388,test
13310,-1,-3.177681,test
13311,-1,-4.1113777,test
13312,-1,-4.1394396,test
13313,-1,1.1995083,test
13314,-1,1.6327435,test
13315,-1,-5.5074964,test
13316,-1,-6.3599977,test
13317,-1,-2.6777294,test
13318,-1,-2.4142513,test
13319,-1,-4.9774213,test
13320,-1,-5.198258,test
13321,-1,-3.9966607,test
13322,-1,-7.9472675,test
13323,-1,-2.6634693,test
13324,-1,-5.570648,test
13325,-1,-1.7086837,test
13326,-1,-2.6299038,test
13327,-1,-6.0726895,test
13328,-1,-3.0787656,test
13329,-1,-3.945344,test
13330,-1,-0.9615491,test
13331,-1,-0.19343092,test
13332,-1,-4.788959,test
13333,-1,-1.201858,test
13334,-1,-3.3176155,test
13335,-1,-0.9193897,test
13336,-1,-0.3334785,test
13337,-1,-3.8180702,test
13338,-1,-7.7932444,test
13339,-1,-1.2521243,test
13340,-1,-4.2505145,test
13341,-1,-3.6063216,test
13342,-1,-4.9774213,test
13343,-1,-4.4545903,test
13344,-1,-0.6979038,test
13345,-1,-4.2006664,test
13346,-1,-3.921619,test
13347,-1,-0.12333849,test
13348,-1,-2.8442986,test
13349,-1,-1.7968055,test
13350,-1,-2.5503654,test
13351,-1,-6.0786023,test
13352,-1,-5.2421455,test
13353,-1,0.8475755,test
13354,-1,-3.4747465,test
13355,-1,-4.162787,test
13356,-1,-7.079727,test
13357,-1,0.6073449,test
13358,-1,-2.194033,test
13359,-1,-5.2586093,test
13360,-1,-0.037144423,test
13361,-1,-2.7722435,test
13362,-1,-7.2208905,test
13363,-1,-2.332485,test
13364,-1,-1.4966203,test
13365,-1,-4.33489,test
13366,-1,-4.229646,test
13367,-1,-1.5135221,test
13368,-1,0.22181703,test
13369,-1,-3.513646,test
13370,-1,-3.3025603,test
13371,-1,-0.9557654,test
13372,-1,-2.6293204,test
13373,-1,-2.246504,test
13374,-1,-2.0153425,test
13375,-1,-3.137327,test
13376,-1,-0.31965747,test
13377,-1,-3.8127549,test
13378,-1,-0.87901527,test
13379,-1,-0.24952361,test
13380,-1,-4.757589,test
13381,-1,0.5903524,test
13382,-1,-3.9611754,test
13383,-1,-2.7722435,test
13384,-1,-3.4065485,test
13385,-1,-4.0907464,test
13386,-1,-4.1594887,test
13387,-1,-0.89595836,test
13388,-1,-1.9946653,test
13389,-1,-3.2820215,test
13390,-1,-3.0104802,test
13391,-1,-4.423583,test
13392,-1,-0.6831842,test
13393,-1,-2.119183,test
13394,-1,-3.4790459,test
13395,-1,-4.0347214,test
13396,-1,-1.7412235,test
13397,-1,-3.4067984,test
13398,-1,-3.1586628,test
13399,-1,-3.6731262,test
13400,-1,-1.5880355,test
13401,-1,1.2099627,test
13402,-1,-4.1079855,test
13403,-1,-3.6441674,test
13404,-1,-5.7144938,test
13405,-1,-4.673337,test
13406,-1,-5.4034095,test
13407,-1,-3.4125955,test
13408,-1,-2.5799508,test
13409,-1,-2.3817341,test
13410,-1,-1.0457476,test
13411,-1,-0.49755815,test
13412,-1,-2.3994915,test
13413,-1,-4.316509,test
13414,-1,-5.1857595,test
13415,-1,-5.879549,test
13416,-1,-2.4793506,test
13417,-1,-3.4378126,test
13418,-1,-3.6406026,test
13419,-1,-0.28586283,test
13420,-1,-2.84785,test
13421,-1,-2.5312707,test
13422,-1,-2.616631,test
13423,-1,-4.0544267,test
13424,-1,-3.0474818,test
13425,-1,-1.653282,test
13426,-1,-3.4339044,test
13427,-1,-2.6232007,test
13428,-1,-5.3294587,test
13429,-1,-5.015125,test
13430,-1,-2.0803878,test
13431,-1,-3.482648,test
13432,-1,-3.6945052,test
13433,-1,-2.9428945,test
13434,-1,-0.937458,test
13435,-1,-4.310178,test
13436,-1,-5.206696,test
13437,-1,-4.8971725,test
13438,-1,-3.192068,test
13439,-1,-2.934767,test
13440,-1,-0.80739903,test
13441,-1,-0.62746316,test
13442,-1,-2.4421487,test
13443,-1,-3.1698394,test
13444,-1,-1.105309,test
13445,-1,-2.7378473,test
13446,-1,-6.907473,test
13447,-1,-0.25336677,test
13448,-1,-2.9302263,test
13449,-1,-4.83448,test
13450,-1,-2.2661734,test
13451,-1,-2.787387,test
13452,-1,-3.105606,test
13453,-1,-0.7926771,test
13454,-1,-4.733096,test
13455,-1,-1.034896,test
13456,-1,-3.9851415,test
13457,-1,-4.1371913,test
13458,-1,-1.8381246,test
13459,-1,-0.662758,test
13460,-1,0.8123552,test
13461,-1,-6.322637,test
13462,-1,-9.708268,test
13463,-1,-3.5747762,test
13464,-1,-1.150639,test
13465,-1,-2.3017054,test
13466,-1,-5.2373586,test
13467,-1,-5.425966,test
13468,-1,-2.6682856,test
13469,-1,-5.948042,test
13470,-1,-2.0946069,test
13471,-1,-6.1518655,test
13472,-1,-4.2346864,test
13473,-1,-2.3991065,test
13474,-1,-3.8690214,test
13475,-1,-2.5773973,test
13476,-1,-1.480817,test
13477,-1,-4.0895247,test
13478,-1,-3.2544348,test
13479,-1,-3.531622,test
13480,-1,-1.4222616,test
13481,-1,-1.7362729,test
13482,-1,-2.209795,test
13483,-1,-0.82624894,test
13484,-1,-2.9731414,test
13485,-1,-3.5385976,test
13486,-1,-3.7671454,test
13487,-1,-4.446956,test
13488,-1,0.8133505,test
13489,-1,-3.6863837,test
13490,-1,-0.53288,test
13491,-1,-2.6925838,test
13492,-1,-4.1213775,test
13493,-1,-5.2617702,test
13494,-1,-2.1345513,test
13495,-1,-3.995729,test
13496,-1,-0.041045394,test
13497,-1,-1.8364924,test
13498,-1,0.64237577,test
13499,-1,-4.705053,test
13500,-1,-2.5584326,test
13501,-1,-7.916264,test
13502,-1,-6.621701,test
13503,-1,-2.2591722,test
13504,-1,-4.5136485,test
13505,-1,-2.4332762,test
13506,-1,-0.7937129,test
13507,-1,-3.10535,test
13508,-1,-5.1532364,test
13509,-1,-1.0034742,test
13510,-1,-4.518912,test
13511,-1,-2.4790359,test
13512,-1,-0.49115202,test
13513,-1,-3.315124,test
13514,-1,-2.6975794,test
13515,-1,-3.781338,test
13516,-1,-4.9949865,test
13517,-1,-4.1991935,test
13518,-1,-5.9167767,test
13519,-1,-2.1328034,test
13520,-1,-2.9259765,test
13521,-1,-2.1533885,test
13522,-1,-2.4202206,test
13523,-1,-2.5298157,test
13524,-1,-1.3643279,test
13525,-1,-2.314703,test
13526,-1,-2.7268102,test
13527,-1,-4.042997,test
13528,-1,-4.9774213,test
13529,-1,-3.3002238,test
13530,-1,-1.720466,test
13531,-1,0.016978309,test
13532,-1,-0.64092284,test
13533,-1,-1.0832407,test
13534,-1,0.57921565,test
13535,-1,-2.942471,test
13536,-1,-2.7962177,test
13537,-1,-2.5924716,test
13538,-1,-2.3754857,test
13539,-1,-3.464387,test
13540,-1,-2.7810106,test
13541,-1,-4.0625625,test
13542,-1,-5.5948606,test
13543,-1,0.4774312,test
13544,-1,-1.2547708,test
13545,-1,-2.9063766,test
13546,-1,-3.346829,test
13547,-1,-3.120502,test
13548,-1,-2.6853242,test
13549,-1,-4.0724387,test
13550,-1,-2.8448267,test
13551,-1,-4.9956546,test
13552,-1,-4.8495083,test
13553,-1,-5.5343347,test
13554,-1,-5.041405,test
13555,-1,-4.858447,test
13556,-1,-2.5615408,test
13557,-1,-4.2663045,test
13558,-1,-2.2325745,test
13559,-1,-1.3953918,test
13560,-1,-3.374462,test
13561,-1,-3.3140488,test
13562,-1,-3.365984,test
13563,-1,-2.3959696,test
13564,-1,-4.271914,test
13565,-1,-2.1449456,test
13566,-1,-2.9646513,test
13567,-1,-8.136754,test
13568,-1,-4.2887535,test
13569,-1,-2.6861067,test
13570,-1,-5.786619,test
13571,-1,-0.52865773,test
13572,-1,-4.6307964,test
13573,-1,-4.792291,test
13574,-1,-1.5635314,test
13575,-1,-2.3369226,test
13576,-1,-2.9185896,test
13577,-1,-7.2715592,test
13578,-1,-2.8820126,test
13579,-1,-2.490649,test
13580,-1,-4.8923225,test
13581,-1,-5.3167887,test
13582,-1,-1.6618949,test
13583,-1,-2.8880498,test
13584,-1,-1.0402951,test
13585,-1,-3.8564856,test
13586,-1,-4.932406,test
13587,-1,-5.1131806,test
13588,-1,0.73771995,test
13589,-1,-2.937997,test
13590,-1,-1.5537151,test
13591,-1,-1.96091,test
13592,-1,0.08388887,test
13593,-1,-3.316772,test
13594,-1,-5.354594,test
13595,-1,0.21626425,test
13596,-1,-2.87073,test
13597,-1,-2.6469927,test
13598,-1,0.9760892,test
13599,-1,-4.6179976,test
13600,-1,-2.9450111,test
13601,-1,-2.5287719,test
13602,-1,-0.2173065,test
13603,-1,-1.5672613,test
13604,-1,-0.10608785,test
13605,-1,-4.9541206,test
13606,-1,-4.1010523,test
13607,-1,1.2893869,test
13608,-1,-4.1272845,test
13609,-1,-3.1077876,test
13610,-1,-2.73919,test
13611,-1,-1.4287475,test
13612,-1,-3.1655662,test
13613,-1,-3.0244355,test
13614,-1,-5.9537287,test
13615,-1,-0.7503535,test
13616,-1,-4.481484,test
13617,-1,-0.8171889,test
13618,-1,-3.004733,test
13619,-1,-3.0941653,test
13620,-1,-2.987856,test
13621,-1,-5.1452355,test
13622,-1,-3.7919712,test
13623,-1,-0.022085235,test
13624,-1,0.6551073,test
13625,-1,-2.9158516,test
13626,-1,-3.7488627,test
13627,-1,-3.3020532,test
13628,-1,-3.7524908,test
13629,-1,-1.6925088,test
13630,-1,-4.1226344,test
13631,-1,-3.2997649,test
13632,-1,1.3921449,test
13633,-1,-0.43569347,test
13634,-1,-2.8269196,test
13635,-1,-5.7238684,test
13636,-1,-6.999334,test
13637,-1,-2.431711,test
13638,-1,-0.34032694,test
13639,-1,-6.9208617,test
13640,-1,-0.41915178,test
13641,-1,-2.3757591,test
13642,-1,-2.3495142,test
13643,-1,-1.7598094,test
13644,-1,-3.5769184,test
13645,-1,-0.94378924,test
13646,-1,-4.880484,test
13647,-1,-2.518713,test
13648,-1,-1.6912078,test
13649,-1,-1.9247937,test
13650,-1,-0.19671771,test
13651,-1,1.1523218,test
13652,-1,-2.4436092,test
13653,-1,-3.9964347,test
13654,-1,-3.5228083,test
13655,-1,-4.5848813,test
13656,-1,-3.748755,test
13657,-1,-5.6006646,test
13658,-1,-0.37339285,test
13659,-1,-4.4989552,test
13660,-1,-1.8887905,test
13661,-1,-4.3354716,test
13662,-1,-4.194034,test
13663,-1,-2.3141608,test
13664,-1,0.49536,test
13665,-1,-0.7628171,test
13666,-1,-4.9012904,test
13667,-1,-2.4884822,test
13668,-1,-1.9706379,test
13669,-1,-2.7722435,test
13670,-1,-2.3745682,test
13671,-1,-7.0084233,test
13672,-1,-3.6485167,test
13673,-1,-0.35360274,test
13674,-1,-1.4220754,test
13675,-1,-4.070184,test
13676,-1,-3.1090405,test
13677,-1,-3.764432,test
13678,-1,-4.2637324,test
13679,-1,-3.8194952,test
13680,-1,-3.7207584,test
13681,-1,-2.085411,test
13682,-1,-7.7212586,test
13683,-1,-4.823649,test
13684,-1,-4.13588,test
13685,-1,-6.1518655,test
13686,-1,0.76920384,test
13687,-1,-4.140387,test
13688,-1,0.50257903,test
13689,-1,-0.97314274,test
13690,-1,-1.6585721,test
13691,-1,-0.2964736,test
13692,-1,-0.7310966,test
13693,-1,0.01760219,test
13694,-1,-5.235904,test
13695,-1,-4.221999,test
13696,-1,-3.1101472,test
13697,-1,-4.102367,test
13698,-1,1.0986162,test
13699,-1,-1.4108263,test
13700,-1,-7.1552014,test
13701,-1,-3.559324,test
13702,-1,-0.5914889,test
13703,-1,-2.7918487,test
13704,-1,-5.0469174,test
13705,-1,-0.44389004,test
13706,-1,-0.08587994,test
13707,-1,-4.5840015,test
13708,-1,-2.048334,test
13709,-1,-1.3955767,test
13710,-1,-0.055819467,test
13711,-1,-0.6409229,test
13712,-1,-4.222951,test
13713,-1,-7.883869,test
13714,-1,-5.0694447,test
13715,-1,-5.8716507,test
13716,-1,-0.75307745,test
13717,-1,-2.9425662,test
13718,-1,-4.083355,test
13719,-1,-6.40797,test
13720,-1,-2.6951237,test
13721,-1,-3.0694156,test
13722,-1,-6.378503,test
13723,-1,0.32343766,test
13724,-1,-6.152738,test
13725,-1,-4.4878736,test
13726,-1,0.03293827,test
13727,-1,-2.6611598,test
13728,-1,-2.5627594,test
13729,-1,-2.5939536,test
13730,-1,-0.29311207,test
13731,-1,-3.7474704,test
13732,-1,-0.71654826,test
13733,-1,-1.416008,test
13734,-1,-1.7151313,test
13735,-1,-2.156402,test
13736,-1,-0.59008235,test
13737,-1,-3.6405008,test
13738,-1,-2.5803382,test
13739,-1,0.62419945,test
13740,-1,-3.3883076,test
13741,-1,-3.8659275,test
13742,-1,-1.9615724,test
13743,-1,0.4908825,test
13744,-1,-1.5016545,test
13745,-1,-0.17540911,test
13746,-1,-2.187691,test
13747,-1,-2.6281383,test
13748,-1,0.13874143,test
13749,-1,-3.279623,test
13750,-1,-7.7399077,test
13751,-1,-2.3364534,test
13752,-1,-1.491972,test
13753,-1,-5.577107,test
13754,-1,-3.0638413,test
13755,-1,-3.79574,test
13756,-1,-6.2601304,test
13757,-1,-1.8212136,test
13758,-1,-6.707929,test
13759,-1,-3.6596298,test
13760,-1,-1.5542065,test
13761,-1,-4.4349723,test
13762,-1,-4.4883075,test
13763,-1,-4.2202945,test
13764,-1,-1.6946033,test
13765,-1,-2.0495098,test
13766,-1,-3.316772,test
13767,-1,-2.9371486,test
13768,-1,-1.1675644,test
13769,-1,-7.474829,test
13770,-1,-3.9710958,test
13771,-1,-7.9808235,test
13772,-1,1.1672446,test
13773,-1,-3.0445633,test
13774,-1,-3.5652258,test
13775,-1,-0.99599963,test
13776,-1,-3.4228306,test
13777,-1,-1.3969322,test
13778,-1,-2.9680474,test
13779,-1,-4.2985644,test
13780,-1,-2.9723973,test
13781,-1,-2.4342327,test
13782,-1,-2.6756349,test
13783,-1,-4.024581,test
13784,-1,-4.4875894,test
13785,-1,-3.3943682,test
13786,-1,-2.3672886,test
13787,-1,-2.5733647,test
13788,-1,-5.5843453,test
13789,-1,-1.7153155,test
13790,-1,-3.6027007,test
13791,-1,-1.8764753,test
13792,-1,-3.6735826,test
13793,-1,-0.46154147,test
13794,-1,-2.0144331,test
13795,-1,-1.3485473,test
13796,-1,-3.0419319,test
13797,-1,-3.3004665,test
13798,-1,-3.2234902,test
13799,-1,-1.3599116,test
13800,-1,0.7680558,test
13801,-1,-4.015322,test
13802,-1,-6.0644608,test
13803,-1,-1.0758883,test
13804,-1,-2.2024474,test
13805,-1,-2.7517695,test
13806,-1,-3.5152326,test
13807,-1,-3.6405008,test
13808,-1,-6.4786944,test
13809,-1,-3.1023092,test
13810,-1,-2.5652354,test
13811,-1,-3.1674058,test
13812,-1,-5.3285723,test
13813,-1,0.4606494,test
13814,-1,-6.20136,test
13815,-1,-3.441864,test
13816,-1,-1.2953651,test
13817,-1,-7.030873,test
13818,-1,-0.8615355,test
13819,-1,-4.1212296,test
13820,-1,-3.237015,test
13821,-1,-3.4818213,test
13822,-1,-3.2485158,test
13823,-1,-1.2775112,test
13824,-1,-3.49986,test
13825,-1,-4.0237904,test
13826,-1,-0.85059,test
13827,-1,-0.89153403,test
13828,-1,-1.8275293,test
13829,-1,-5.615504,test
13830,-1,-6.3014064,test
13831,-1,-4.123916,test
13832,-1,-0.9267224,test
13833,-1,-2.287821,test
13834,-1,-3.1378465,test
13835,-1,-2.4814155,test
13836,-1,-5.7950926,test
13837,-1,-1.8444449,test
13838,-1,0.54926884,test
13839,-1,-2.2400897,test
13840,-1,-2.16654,test
13841,-1,-4.3582478,test
13842,-1,-0.28945756,test
13843,-1,-3.3190103,test
13844,-1,-4.5955253,test
13845,-1,-2.7116673,test
13846,-1,-1.609792,test
13847,-1,-2.5467176,test
13848,-1,-3.511961,test
13849,-1,-7.458983,test
13850,-1,-0.922309,test
13851,-1,-1.8243958,test
13852,-1,-3.0474901,test
13853,-1,-3.314233,test
13854,-1,0.80324477,test
13855,-1,-5.5355573,test
13856,-1,-5.0640693,test
13857,-1,-3.7251184,test
13858,-1,-6.8734,test
13859,-1,-2.697319,test
13860,-1,-4.4739976,test
13861,-1,-3.448329,test
13862,-1,-0.88901997,test
13863,-1,-0.7984083,test
13864,-1,-4.0085196,test
13865,-1,-2.5441577,test
13866,-1,-4.002049,test
13867,-1,0.47110704,test
13868,-1,-5.904427,test
13869,-1,-4.126681,test
13870,-1,-8.731825,test
13871,-1,-1.7347193,test
13872,-1,-2.133576,test
13873,-1,-3.4690456,test
13874,-1,0.59584224,test
13875,-1,-0.09855968,test
13876,-1,-2.7429414,test
13877,-1,-6.4974446,test
13878,-1,-2.949826,test
13879,-1,-5.7231536,test
13880,-1,-4.4282966,test
13881,-1,0.69011956,test
13882,-1,-1.4689869,test
13883,-1,-0.5431633,test
13884,-1,-0.14898527,test
13885,-1,-4.543863,test
13886,-1,-4.892322,test
13887,-1,-5.270587,test
13888,-1,-3.9891624,test
13889,-1,-4.5106215,test
13890,-1,-4.641497,test
13891,-1,-0.24395025,test
13892,-1,-3.253102,test
13893,-1,-0.6083523,test
13894,-1,-3.1856987,test
13895,-1,-2.6306784,test
13896,-1,0.6062115,test
13897,-1,-4.0538664,test
13898,-1,-5.6463137,test
13899,-1,-2.2081623,test
13900,-1,-5.4535336,test
13901,-1,-6.9517064,test
13902,-1,-2.1255803,test
13903,-1,-2.1076756,test
13904,-1,-3.2429364,test
13905,-1,-2.2745173,test
13906,-1,0.10456438,test
13907,-1,-0.56657016,test
13908,-1,-3.3095233,test
13909,-1,-5.4718294,test
13910,-1,0.1451381,test
13911,-1,-4.457607,test
13912,-1,-3.8214443,test
13913,-1,-0.900782,test
13914,-1,-6.7538347,test
13915,-1,-5.532777,test
13916,-1,0.46086168,test
13917,-1,-5.6181355,test
13918,-1,-5.277307,test
13919,-1,-5.0326447,test
13920,-1,-0.38443637,test
13921,-1,-4.6236215,test
13922,-1,-2.6345367,test
13923,-1,-2.69334,test
13924,-1,-3.0596476,test
13925,-1,-2.4890516,test
13926,-1,-1.1880683,test
13927,-1,-4.738963,test
13928,-1,-2.237593,test
13929,-1,-1.4296509,test
13930,-1,-0.10672298,test
13931,-1,-4.2812037,test
13932,-1,-1.8145361,test
13933,-1,-3.4142823,test
13934,-1,-0.9287012,test
13935,-1,0.16354519,test
13936,-1,-5.9969664,test
13937,-1,-0.5554205,test
13938,-1,-8.262842,test
13939,-1,-6.5795197,test
13940,-1,-4.2372446,test
13941,-1,-3.671595,test
13942,-1,-3.4923458,test
13943,-1,-4.4239287,test
13944,-1,-2.1412518,test
13945,-1,-5.7218885,test
13946,-1,-2.555274,test
13947,-1,-2.946933,test
13948,-1,-5.641194,test
13949,-1,-1.4059553,test
13950,-1,-3.2612667,test
13951,-1,-4.0226755,test
13952,-1,-1.3088796,test
13953,-1,-1.5211726,test
13954,-1,-3.4213424,test
13955,-1,-3.728714,test
13956,-1,-1.9760772,test
13957,-1,-2.2094817,test
13958,-1,-4.6267915,test
13959,-1,-2.04951,test
13960,-1,-0.6863434,test
13961,-1,-3.0741723,test
13962,-1,-3.9315994,test
13963,-1,-3.4345484,test
13964,-1,-2.1233456,test
13965,-1,-4.377771,test
13966,-1,-5.507629,test
13967,-1,-4.1204667,test
13968,-1,-2.0868173,test
13969,-1,0.61109394,test
13970,-1,-3.3691893,test
13971,-1,-0.34514764,test
13972,-1,-2.3376222,test
13973,-1,-2.1518404,test
13974,-1,-0.35073748,test
13975,-1,-2.3011284,test
13976,-1,-7.421452,test
13977,-1,-4.031074,test
13978,-1,-4.014198,test
13979,-1,-1.7654959,test
13980,-1,-0.33292863,test
13981,-1,-7.9486003,test
13982,-1,-1.8370992,test
13983,-1,-1.7459267,test
13984,-1,-1.7752659,test
13985,-1,-2.7675972,test
13986,-1,-2.3577535,test
13987,-1,-1.0298727,test
13988,-1,1.2035433,test
13989,-1,-1.9515994,test
13990,-1,-2.4067445,test
13991,-1,-2.7568922,test
13992,-1,-3.9191146,test
13993,-1,-4.7207856,test
13994,-1,-1.7455081,test
13995,-1,-5.2950616,test
13996,-1,-2.0529208,test
13997,-1,-1.2286277,test
13998,-1,-4.903339,test
13999,-1,-3.7042656,test
14000,-1,-3.0644948,test
14001,-1,-3.5326495,test
14002,-1,-2.4476013,test
14003,-1,-1.140153,test
14004,-1,-5.1631007,test
14005,-1,-5.765928,test
14006,-1,-2.194154,test
14007,-1,-3.575688,test
14008,-1,-0.54022855,test
14009,-1,-0.1513464,test
14010,-1,-2.6075158,test
14011,-1,-3.3473153,test
14012,-1,-3.0236104,test
14013,-1,-0.77263075,test
14014,-1,-1.061938,test
14015,-1,-4.1302714,test
14016,-1,-2.6199083,test
14017,-1,-3.0370126,test
14018,-1,-5.526389,test
14019,-1,-4.0099216,test
14020,-1,-6.5786505,test
14021,-1,-2.8725228,test
14022,-1,-2.7488484,test
14023,-1,-2.9891403,test
14024,-1,-3.0919986,test
14025,-1,-3.4532113,test
14026,-1,-3.030752,test
14027,-1,-1.3981814,test
14028,-1,-2.28111,test
14029,-1,-2.3349786,test
14030,-1,-3.7591577,test
14031,-1,-1.086755,test
14032,-1,-2.2126772,test
14033,-1,-2.2962713,test
14034,-1,-3.1416268,test
14035,-1,-5.382201,test
14036,-1,-2.6861212,test
14037,-1,-1.7057465,test
14038,-1,-2.1109064,test
14039,-1,-3.1995091,test
14040,-1,-2.5890074,test
14041,-1,-1.6454891,test
14042,-1,-2.7997928,test
14043,-1,-4.5348783,test
14044,-1,-1.7447835,test
14045,-1,-3.174872,test
14046,-1,-4.456137,test
14047,-1,-1.6830628,test
14048,-1,-5.078802,test
14049,-1,-6.4224315,test
14050,-1,-8.032944,test
14051,-1,-4.2332253,test
14052,-1,-3.8085551,test
14053,-1,-4.005381,test
14054,-1,-4.4581747,test
14055,-1,-8.484912,test
14056,-1,-1.9689488,test
14057,-1,-6.009848,test
14058,-1,-0.7164213,test
14059,-1,-3.2843874,test
14060,-1,-4.9347134,test
14061,-1,-1.3791429,test
14062,-1,-3.304945,test
14063,-1,-4.463632,test
14064,-1,-3.6195107,test
14065,-1,-2.4446783,test
14066,-1,-1.2080718,test
14067,-1,-3.2973506,test
14068,-1,-4.2190833,test
14069,-1,-5.3551173,test
14070,-1,-3.3487287,test
14071,-1,-2.6896904,test
14072,-1,-3.999435,test
14073,-1,-3.6147435,test
14074,-1,-2.3761263,test
14075,-1,-4.894702,test
14076,-1,-1.0221761,test
14077,-1,-1.2461936,test
14078,-1,-3.0123475,test
14079,-1,-2.640608,test
14080,-1,-1.5156475,test
14081,-1,0.069729194,test
14082,-1,-1.1529809,test
14083,-1,-4.1220326,test
14084,-1,-4.784426,test
14085,-1,0.6019221,test
14086,-1,-4.1930265,test
14087,-1,-2.1623347,test
14088,-1,-1.9022337,test
14089,-1,-6.7107024,test
14090,-1,-2.4961107,test
14091,-1,-3.0368316,test
14092,-1,-1.8178813,test
14093,-1,-6.134629,test
14094,-1,-2.6203244,test
14095,-1,-5.479711,test
14096,-1,-9.450949,test
14097,-1,-4.682252,test
14098,-1,-4.3507066,test
14099,-1,-5.5000787,test
14100,-1,-2.5595531,test
14101,-1,-0.15647215,test
14102,-1,-3.9502559,test
14103,-1,-6.1376967,test
14104,-1,-1.2896984,test
14105,-1,-7.260668,test
14106,-1,-6.8425536,test
14107,-1,-4.7589254,test
14108,-1,-5.7454224,test
14109,-1,-6.571209,test
14110,-1,-0.5441637,test
14111,-1,-1.2263054,test
14112,-1,-3.119885,test
14113,-1,-3.0362017,test
14114,-1,0.6563057,test
14115,-1,-6.5506697,test
14116,-1,-5.6932445,test
14117,-1,2.9514246,test
14118,-1,-0.09596518,test
14119,-1,-0.8872499,test
14120,-1,-3.8586614,test
14121,-1,0.12942126,test
14122,-1,2.0667138,test
14123,-1,-2.4333386,test
14124,-1,-3.3527973,test
14125,-1,-2.6517882,test
14126,-1,-0.71097034,test
14127,-1,-1.1209934,test
14128,-1,-3.9305484,test
14129,-1,-4.100495,test
14130,-1,-4.756121,test
14131,-1,-0.87434614,test
14132,-1,-3.3455899,test
14133,-1,-1.7978253,test
14134,-1,-2.0039718,test
14135,-1,-2.3032851,test
14136,-1,-1.9564656,test
14137,-1,-6.678648,test
14138,-1,-2.6793973,test
14139,-1,1.0280682,test
14140,-1,-0.96941066,test
14141,-1,-1.1317528,test
14142,-1,-5.2638054,test
14143,-1,-3.0942206,test
14144,-1,-7.8291855,test
14145,-1,-2.7444735,test
14146,-1,-3.667877,test
14147,-1,0.9616314,test
14148,-1,-0.5396125,test
14149,-1,-0.16862851,test
14150,-1,-4.6511884,test
14151,-1,-3.3920307,test
14152,-1,-5.036073,test
14153,-1,-1.1454172,test
14154,-1,0.13196021,test
14155,-1,-5.2599406,test
14156,-1,-5.0026164,test
14157,-1,-3.070353,test
14158,-1,-2.1091852,test
14159,-1,-5.0663753,test
14160,-1,-2.7722435,test
14161,-1,-3.2358942,test
14162,-1,-5.4770393,test
14163,-1,-2.2371051,test
14164,-1,-0.5641349,test
14165,-1,-3.817318,test
14166,-1,-2.5945427,test
14167,-1,-3.9260871,test
14168,-1,-2.2553945,test
14169,-1,-0.8497141,test
14170,-1,-4.582231,test
14171,-1,-4.4375176,test
14172,-1,-1.7138958,test
14173,-1,-1.7241441,test
14174,-1,-8.430512,test
14175,-1,-4.2614803,test
14176,-1,-2.5015032,test
14177,-1,-0.9236644,test
14178,-1,-5.839394,test
14179,-1,-3.283332,test
14180,-1,-3.2124014,test
14181,-1,-3.1959503,test
14182,-1,-4.733767,test
14183,-1,-0.86753535,test
14184,-1,-3.8812976,test
14185,-1,-4.857783,test
14186,-1,-5.068895,test
14187,-1,-1.2008808,test
14188,-1,-4.048264,test
14189,-1,-4.190448,test
14190,-1,-1.9242928,test
14191,-1,-3.0000534,test
14192,-1,-4.005038,test
14193,-1,-4.076054,test
14194,-1,-1.4566393,test
14195,-1,-1.5945209,test
14196,-1,1.492762,test
14197,-1,-3.234116,test
14198,-1,-3.3935933,test
14199,-1,-1.6190511,test
14200,-1,-1.9945444,test
14201,-1,-1.1334188,test
14202,-1,-4.5254073,test
14203,-1,-3.9568896,test
14204,-1,-2.323048,test
14205,-1,0.24525456,test
14206,-1,-3.9667587,test
14207,-1,-3.915563,test
14208,-1,-0.5412137,test
14209,-1,-2.2018244,test
14210,-1,-2.126891,test
14211,-1,-2.9837825,test
14212,-1,-2.6358383,test
14213,-1,-1.6024725,test
14214,-1,1.5660554,test
14215,-1,-4.104852,test
14216,-1,-7.747144,test
14217,-1,-0.5025521,test
14218,-1,-1.3960302,test
14219,-1,-6.4282594,test
14220,-1,-1.0210372,test
14221,-1,-3.020899,test
14222,-1,-4.077193,test
14223,-1,-5.8413067,test
14224,-1,-4.9936743,test
14225,-1,-3.5270348,test
14226,-1,0.61306715,test
14227,-1,0.25066784,test
14228,-1,-2.44705,test
14229,-1,-3.3202763,test
14230,-1,-2.3672884,test
14231,-1,-0.6779482,test
14232,-1,-7.681393,test
14233,-1,-2.9940274,test
14234,-1,0.13673587,test
14235,-1,-6.6447244,test
14236,-1,-3.7351894,test
14237,-1,-2.0827653,test
14238,-1,-4.1801505,test
14239,-1,0.09114228,test
14240,-1,-4.024405,test
14241,-1,-0.8914359,test
14242,-1,-3.5613515,test
14243,-1,-5.3991694,test
14244,-1,-2.038426,test
14245,-1,-5.324652,test
14246,-1,-6.15042,test
14247,-1,-2.6297317,test
14248,-1,-3.3010826,test
14249,-1,-1.7671305,test
14250,-1,-4.675609,test
14251,-1,-3.2873323,test
14252,-1,0.19499221,test
14253,-1,-4.4493427,test
14254,-1,-4.6748805,test
14255,-1,-0.2204003,test
14256,-1,-1.120878,test
14257,-1,-3.4254665,test
14258,-1,-3.3783605,test
14259,-1,1.3448393,test
14260,-1,-3.3309262,test
14261,-1,-2.5757213,test
14262,-1,-3.360885,test
14263,-1,-3.2770925,test
14264,-1,0.05002961,test
14265,-1,-1.0865724,test
14266,-1,-2.0942616,test
14267,-1,-2.9090347,test
14268,-1,-0.93831855,test
14269,-1,-2.700912,test
14270,-1,-3.371661,test
14271,-1,-6.0984554,test
14272,-1,-4.515007,test
14273,-1,-2.546237,test
14274,-1,-0.19807804,test
14275,-1,-3.008597,test
14276,-1,-3.1390388,test
14277,-1,-1.9354153,test
14278,-1,-4.853955,test
14279,-1,-4.676558,test
14280,-1,-3.2209048,test
14281,-1,-3.8546538,test
14282,-1,-1.2817321,test
14283,-1,-2.599992,test
14284,-1,-4.4187207,test
14285,-1,-2.3426657,test
14286,-1,-0.18630344,test
14287,-1,-3.3759565,test
14288,-1,-4.2977138,test
14289,-1,-0.9630571,test
14290,-1,-5.1869383,test
14291,-1,-1.9253026,test
14292,-1,-3.0754745,test
14293,-1,-3.48628,test
14294,-1,-4.6295958,test
14295,-1,-0.96296847,test
14296,-1,-10.253608,test
14297,-1,-4.0625086,test
14298,-1,-4.8581004,test
14299,-1,-1.5807396,test
14300,-1,-3.5201035,test
14301,-1,-7.6134405,test
14302,-1,-2.331468,test
14303,-1,-4.093882,test
14304,-1,-2.3740687,test
14305,-1,-4.5693235,test
14306,-1,-2.6989937,test
14307,-1,-3.0779114,test
14308,-1,-0.9390288,test
14309,-1,-2.7722435,test
14310,-1,-1.1465526,test
14311,-1,-2.0206137,test
14312,-1,-3.371661,test
14313,-1,-1.9558202,test
14314,-1,0.3117832,test
14315,-1,-0.24437705,test
14316,-1,-0.7127088,test
14317,-1,-3.4110522,test
14318,-1,-2.9399834,test
14319,-1,-5.334716,test
14320,-1,-4.237407,test
14321,-1,-3.8783824,test
14322,-1,-2.0944757,test
14323,-1,-4.1870055,test
14324,-1,-3.8683677,test
14325,-1,-0.14992693,test
14326,-1,-2.4471884,test
14327,-1,-2.6242285,test
14328,-1,-2.2880683,test
14329,-1,-2.1049154,test
14330,-1,-6.937389,test
14331,-1,-2.642339,test
14332,-1,-1.2172192,test
14333,-1,-1.6822606,test
14334,-1,-4.6101775,test
14335,-1,-2.4195204,test
14336,-1,-1.6861864,test
14337,-1,-4.2956786,test
14338,-1,-2.752574,test
14339,-1,-4.93609,test
14340,-1,0.7474453,test
14341,-1,0.33868518,test
14342,-1,-1.8656085,test
14343,-1,-0.87733716,test
14344,-1,-1.2221085,test
14345,-1,-1.3468238,test
14346,-1,-1.9580647,test
14347,-1,-2.8368835,test
14348,-1,-4.043963,test
14349,-1,-1.7079753,test
14350,-1,-4.7061796,test
14351,-1,-1.7904305,test
14352,-1,-3.5137084,test
14353,-1,-5.2242823,test
14354,-1,-4.567446,test
14355,-1,-2.5855424,test
14356,-1,-4.338407,test
14357,-1,0.42676508,test
14358,-1,-4.283712,test
14359,-1,-0.7207717,test
14360,-1,-0.34480134,test
14361,-1,-2.448628,test
14362,-1,-2.971075,test
14363,-1,-2.877101,test
14364,-1,-4.0734973,test
14365,-1,-7.946057,test
14366,-1,-3.1449435,test
14367,-1,-1.8329201,test
14368,-1,-8.498555,test
14369,-1,-6.6699505,test
14370,-1,-2.904083,test
14371,-1,-2.4278412,test
14372,-1,-4.810184,test
14373,-1,-3.117401,test
14374,-1,-3.6940749,test
14375,-1,-3.1813612,test
14376,-1,-0.53036827,test
14377,-1,-4.174575,test
14378,-1,-1.5808274,test
14379,-1,-1.9472291,test
14380,-1,-3.0463505,test
14381,-1,-0.9525908,test
14382,-1,-9.053005,test
14383,-1,-8.032943,test
14384,-1,-2.5115378,test
14385,-1,-4.841271,test
14386,-1,-5.8204937,test
14387,-1,-2.061184,test
14388,-1,-2.9652758,test
14389,-1,-2.7237577,test
14390,-1,-3.6862478,test
14391,-1,-3.9666486,test
14392,-1,-2.25846,test
14393,-1,-4.2861724,test
14394,-1,-6.1367965,test
14395,-1,-2.0225651,test
14396,-1,-4.049886,test
14397,-1,-3.6354008,test
14398,-1,1.6762507,test
14399,-1,-2.7722437,test
14400,-1,-3.9461312,test
14401,-1,-4.3478065,test
14402,-1,-1.2299982,test
14403,-1,-4.5741343,test
14404,-1,-0.71996623,test
14405,-1,-5.0560927,test
14406,-1,-1.0555941,test
14407,-1,-2.6408498,test
14408,-1,-1.5375726,test
14409,-1,-5.6668143,test
14410,-1,-0.5942236,test
14411,-1,-4.9597125,test
14412,-1,1.4559066,test
14413,-1,-1.2211238,test
14414,-1,-7.7710257,test
14415,-1,-4.627082,test
14416,-1,0.0474607,test
14417,-1,-4.8971725,test
14418,-1,-1.8754884,test
14419,-1,-0.92008835,test
14420,-1,0.6149941,test
14421,-1,-4.2955904,test
14422,-1,0.4427184,test
14423,-1,0.47889718,test
14424,-1,-1.9609348,test
14425,-1,-2.7722435,test
14426,-1,-1.0174963,test
14427,-1,-4.9415855,test
14428,-1,-1.7579278,test
14429,-1,-2.693529,test
14430,-1,-3.2588906,test
14431,-1,-2.1293259,test
14432,-1,-7.8973866,test
14433,-1,-1.6020651,test
14434,-1,-6.7848535,test
14435,-1,1.6066276,test
14436,-1,-3.0981636,test
14437,-1,0.40125135,test
14438,-1,-2.2921844,test
14439,-1,-2.516501,test
14440,-1,-2.2553542,test
14441,-1,-4.8923225,test
14442,-1,-0.5645813,test
14443,-1,-1.1023439,test
14444,-1,-1.765723,test
14445,-1,0.7482845,test
14446,-1,1.121101,test
14447,-1,-3.9966607,test
14448,-1,-3.5601168,test
14449,-1,-8.694503,test
14450,-1,-4.2440853,test
14451,-1,-0.6360079,test
14452,-1,-2.5119455,test
14453,-1,-2.4917793,test
14454,-1,-1.2735385,test
14455,-1,-4.052095,test
14456,-1,-2.8201163,test
14457,-1,-7.372357,test
14458,-1,-3.8142443,test
14459,-1,-2.2983742,test
14460,-1,-3.0669985,test
14461,-1,-2.7722435,test
14462,-1,-0.66533244,test
14463,-1,-4.3741736,test
14464,-1,-2.0646098,test
14465,-1,-3.0781913,test
14466,-1,-4.106713,test
14467,-1,-3.8178668,test
14468,-1,-6.296206,test
14469,-1,-0.9429643,test
14470,-1,-4.0646524,test
14471,-1,-2.7746384,test
14472,-1,-3.4808855,test
14473,-1,-4.0921516,test
14474,-1,-4.2626534,test
14475,-1,-2.5382872,test
14476,-1,-3.4855328,test
14477,-1,-3.2196915,test
14478,-1,-3.2451706,test
14479,-1,-7.102425,test
14480,-1,-6.560384,test
14481,-1,-3.9436712,test
14482,-1,-1.0580391,test
14483,-1,-2.9010367,test
14484,-1,-4.1913195,test
14485,-1,-2.5924187,test
14486,-1,-2.6992166,test
14487,-1,-1.0940583,test
14488,-1,-2.3522286,test
14489,-1,-0.8892006,test
14490,-1,-3.0686922,test
14491,-1,-1.5652498,test
14492,-1,-8.040538,test
14493,-1,-1.9676876,test
14494,-1,-2.9745438,test
14495,-1,-2.9361744,test
14496,-1,-4.640069,test
14497,-1,-5.214207,test
14498,-1,-2.6554482,test
14499,-1,0.33919758,test
14500,-1,-0.64408916,test
14501,-1,-4.94748,test
14502,-1,-3.539166,test
14503,-1,-2.4267788,test
14504,-1,-3.5608153,test
14505,-1,-2.3865688,test
14506,-1,-4.200782,test
14507,-1,-3.0328946,test
14508,-1,-0.74031216,test
14509,-1,-4.0691795,test
14510,-1,-6.328522,test
14511,-1,-1.0584743,test
14512,-1,-2.17241,test
14513,-1,-1.8650812,test
14514,-1,-3.4610345,test
14515,-1,-0.3306203,test
14516,-1,0.58753306,test
14517,-1,-3.2506852,test
14518,-1,-4.456367,test
14519,-1,-2.1783447,test
14520,-1,-1.7790513,test
14521,-1,-7.2378945,test
14522,-1,-2.708403,test
14523,-1,-1.9914764,test
14524,-1,1.9516143,test
14525,-1,-4.491195,test
14526,-1,-2.1041765,test
14527,-1,-3.1871102,test
14528,-1,-7.202425,test
14529,-1,-5.507936,test
14530,-1,-1.0758883,test
14531,-1,-0.9095982,test
14532,-1,-3.241709,test
14533,-1,-4.3709946,test
14534,-1,-6.7585206,test
14535,-1,-0.76743317,test
14536,-1,-2.3180363,test
14537,-1,-2.623867,test
14538,-1,-1.536881,test
14539,-1,-7.6765103,test
14540,-1,-3.191577,test
14541,-1,-2.560958,test
14542,-1,-0.99175483,test
14543,-1,-4.6343646,test
14544,-1,-2.627787,test
14545,-1,-1.5484202,test
14546,-1,-3.244274,test
14547,-1,-2.6109655,test
14548,-1,-3.0155015,test
14549,-1,-5.1368537,test
14550,-1,1.0945886,test
14551,-1,-1.5663188,test
14552,-1,-1.2286872,test
14553,-1,0.34228414,test
14554,-1,-2.8021848,test
14555,-1,-6.2166104,test
14556,-1,-2.3491511,test
14557,-1,-0.5978823,test
14558,-1,-2.1390643,test
14559,-1,-1.2187315,test
14560,-1,-1.061774,test
14561,-1,-1.0302813,test
14562,-1,-4.813145,test
14563,-1,-3.1385486,test
14564,-1,-3.8600724,test
14565,-1,0.60454595,test
14566,-1,-3.8152575,test
14567,-1,-4.7944994,test
14568,-1,-4.5269837,test
14569,-1,-2.8907762,test
14570,-1,-1.8222786,test
14571,-1,-3.738592,test
14572,-1,-3.8232055,test
14573,-1,-3.6288908,test
14574,-1,0.4185753,test
14575,-1,-4.221671,test
14576,-1,-2.5968072,test
14577,-1,-4.4131017,test
14578,-1,-4.1717095,test
14579,-1,-4.7114267,test
14580,-1,-3.9502194,test
14581,-1,-0.53650826,test
14582,-1,-3.9858842,test
14583,-1,-0.51558846,test
14584,-1,-2.712528,test
14585,-1,-1.1493614,test
14586,-1,-0.67542195,test
14587,-1,-3.3757412,test
14588,-1,-1.1575973,test
14589,-1,-5.0997562,test
14590,-1,-3.2403402,test
14591,-1,-2.8584437,test
14592,-1,-1.5640922,test
14593,-1,-5.205655,test
14594,-1,-0.23875111,test
14595,-1,0.27757874,test
14596,-1,0.9024907,test
14597,-1,-3.340925,test
14598,-1,-2.5711703,test
14599,-1,-0.435334,test
14600,-1,-0.52163917,test
14601,-1,-2.123598,test
14602,-1,-1.5369525,test
14603,-1,0.8161717,test
14604,-1,-1.3769245,test
14605,-1,-6.501808,test
14606,-1,-6.2749705,test
14607,-1,-3.9474056,test
14608,-1,-3.948249,test
14609,-1,-1.1579555,test
14610,-1,-2.4930878,test
14611,-1,-3.2451782,test
14612,-1,-2.7177062,test
14613,-1,-4.572971,test
14614,-1,-1.7450243,test
14615,-1,-3.0099123,test
14616,-1,-3.395215,test
14617,-1,-1.9048539,test
14618,-1,-1.1449025,test
14619,-1,-1.3365362,test
14620,-1,-2.3469589,test
14621,-1,-0.81653893,test
14622,-1,-3.6994224,test
14623,-1,-2.1053321,test
14624,-1,0.30970767,test
14625,-1,-1.1613648,test
14626,-1,-4.380417,test
14627,-1,-3.4117475,test
14628,-1,-3.2029052,test
14629,-1,-3.790909,test
14630,-1,-1.261177,test
14631,-1,-3.885776,test
14632,-1,1.7349108,test
14633,-1,-2.0860965,test
14634,-1,-4.3655996,test
14635,-1,-6.75644,test
14636,-1,-6.1850605,test
14637,-1,-1.1698451,test
14638,-1,-0.6318212,test
14639,-1,-2.0286994,test
14640,-1,-3.2772846,test
14641,-1,-2.6535637,test
14642,-1,-0.7648169,test
14643,-1,-4.8279724,test
14644,-1,-7.3196483,test
14645,-1,-2.639237,test
14646,-1,-3.951651,test
14647,-1,-2.943285,test
14648,-1,-4.673464,test
14649,-1,-5.069445,test
14650,-1,-2.678053,test
14651,-1,-1.432336,test
14652,-1,-1.8429737,test
14653,-1,-2.366346,test
14654,-1,0.5667203,test
14655,-1,-5.532877,test
14656,-1,-1.687725,test
14657,-1,-2.3517158,test
14658,-1,-4.6064143,test
14659,-1,-2.0430741,test
14660,-1,-3.9868453,test
14661,-1,-2.7805934,test
14662,-1,0.4100159,test
14663,-1,-5.464311,test
14664,-1,-3.165484,test
14665,-1,-0.51546884,test
14666,-1,-2.1456244,test
14667,-1,-2.1334376,test
14668,-1,-1.1556869,test
14669,-1,-3.7110949,test
14670,-1,-0.040599026,test
14671,-1,-3.1466231,test
14672,-1,-1.1183676,test
14673,-1,-3.148373,test
14674,-1,-1.7014444,test
14675,-1,-2.9671705,test
14676,-1,-4.547023,test
14677,-1,-2.7517135,test
14678,-1,-2.2029502,test
14679,-1,-4.47392,test
14680,-1,-3.3295696,test
14681,-1,-1.1710616,test
14682,-1,0.55328304,test
14683,-1,-5.380283,test
14684,-1,-5.211689,test
14685,-1,0.1570546,test
14686,-1,-2.8475,test
14687,-1,-2.326033,test
14688,-1,-2.9164352,test
14689,-1,-2.8619485,test
14690,-1,-6.9689813,test
14691,-1,-4.150099,test
14692,-1,-2.1843762,test
14693,-1,-0.96044576,test
14694,-1,-3.392231,test
14695,-1,-3.1476552,test
14696,-1,-2.6508534,test
14697,-1,-2.0451815,test
14698,-1,1.1923877,test
14699,-1,-3.287236,test
14700,-1,-10.102618,test
14701,-1,-5.342559,test
14702,-1,-2.912561,test
14703,-1,-1.6712818,test
14704,-1,-3.1162539,test
14705,-1,-3.7842336,test
14706,-1,-2.2395244,test
14707,-1,-2.9557502,test
14708,-1,-1.9877819,test
14709,-1,-3.5074744,test
14710,-1,-3.9234238,test
14711,-1,-4.65339,test
14712,-1,-2.3811235,test
14713,-1,-2.8815,test
14714,-1,-0.51458895,test
14715,-1,-3.8706083,test
14716,-1,-1.4759578,test
14717,-1,-5.102553,test
14718,-1,-0.5771288,test
14719,-1,-6.9017463,test
14720,-1,-4.323813,test
14721,-1,-0.123562545,test
14722,-1,-2.0973883,test
14723,-1,-4.352013,test
14724,-1,-0.5322871,test
14725,-1,-1.9028982,test
14726,-1,-3.5164635,test
14727,-1,-4.9313216,test
14728,-1,-2.7193923,test
14729,-1,-1.924395,test
14730,-1,-0.629372,test
14731,-1,-6.5710516,test
14732,-1,-2.9317303,test
14733,-1,-0.24187809,test
14734,-1,-4.060079,test
14735,-1,-2.84282,test
14736,-1,-0.052116424,test
14737,-1,-2.3491368,test
14738,-1,-0.8459733,test
14739,-1,1.239428,test
14740,-1,-5.8537745,test
14741,-1,-0.5641349,test
14742,-1,-2.970238,test
14743,-1,-0.8223191,test
14744,-1,-1.9140927,test
14745,-1,1.0147368,test
14746,-1,-3.6442628,test
14747,-1,-5.005655,test
14748,-1,-4.2934957,test
14749,-1,-6.153677,test
14750,-1,-1.3028342,test
14751,-1,-1.821986,test
14752,-1,-2.8721704,test
14753,-1,-1.770475,test
14754,-1,-1.8396695,test
14755,-1,-3.882988,test
14756,-1,-4.1341653,test
14757,-1,-3.3364062,test
14758,-1,-0.26987332,test
14759,-1,-0.15596019,test
14760,-1,-4.7102375,test
14761,-1,-1.8168852,test
14762,-1,-2.2471876,test
14763,-1,-3.5538301,test
14764,-1,-1.8819672,test
14765,-1,-5.2231402,test
14766,-1,-1.3341676,test
14767,-1,-0.41706026,test
14768,-1,-3.5773675,test
14769,-1,-5.2969193,test
14770,-1,-2.8063443,test
14771,-1,-4.753225,test
14772,-1,-1.2533456,test
14773,-1,-3.2717261,test
14774,-1,-2.8268833,test
14775,-1,-0.4217368,test
14776,-1,-1.9130777,test
14777,-1,0.160872,test
14778,-1,-2.8063369,test
14779,-1,-4.625596,test
14780,-1,-2.7427418,test
14781,-1,-4.946022,test
14782,-1,-1.7318143,test
14783,-1,-0.8051624,test
14784,-1,-2.6820688,test
14785,-1,-1.5152256,test
14786,-1,-1.4759578,test
14787,-1,-0.8102817,test
14788,-1,-1.9993664,test
14789,-1,-4.1916575,test
14790,-1,-2.5949965,test
14791,-1,-4.7126164,test
14792,-1,-1.3188393,test
14793,-1,-2.834025,test
14794,-1,-2.6583188,test
14795,-1,-4.828161,test
14796,-1,-4.460266,test
14797,-1,-4.430436,test
14798,-1,-4.3617997,test
14799,-1,-4.666249,test
14800,-1,-3.0264604,test
14801,-1,1.1732162,test
14802,-1,-4.2623324,test
14803,-1,-7.7051234,test
14804,-1,-2.5642588,test
14805,-1,-9.852662,test
14806,-1,0.5737135,test
14807,-1,-2.9456167,test
14808,-1,-4.2113843,test
14809,-1,-2.0525131,test
14810,-1,-4.6188946,test
14811,-1,-0.4178018,test
14812,-1,-3.5292337,test
14813,-1,-4.6641736,test
14814,-1,-4.884562,test
14815,-1,0.06832717,test
14816,-1,-4.269621,test
14817,-1,-4.2420154,test
14818,-1,-2.5498781,test
14819,-1,-0.5446191,test
14820,-1,-4.0483985,test
14821,-1,-3.851648,test
14822,-1,-3.943511,test
14823,-1,-0.8567676,test
14824,-1,-4.4220185,test
14825,-1,-1.9321655,test
14826,-1,-7.1205583,test
14827,-1,-3.810349,test
14828,-1,-4.8971725,test
14829,-1,1.216192,test
14830,-1,-0.4632333,test
14831,-1,-5.8770494,test
14832,-1,-2.8619022,test
14833,-1,-4.942864,test
14834,-1,-6.953088,test
14835,-1,-3.044003,test
14836,-1,-5.406755,test
14837,-1,-2.364815,test
14838,-1,0.070512116,test
14839,-1,-1.2630035,test
14840,-1,-0.6934149,test
14841,-1,-1.4555484,test
14842,-1,-1.5016952,test
14843,-1,0.2828172,test
14844,-1,-3.8533068,test
14845,-1,-2.9898162,test
14846,-1,-0.07540193,test
14847,-1,-2.8822277,test
14848,-1,-2.5059886,test
14849,-1,-1.4516426,test
14850,-1,-5.1004586,test
14851,-1,-3.7712348,test
14852,-1,-4.312541,test
14853,-1,-6.287996,test
14854,-1,-2.0720332,test
14855,-1,-2.2552743,test
14856,-1,-3.571024,test
14857,-1,-6.444264,test
14858,-1,0.11404524,test
14859,-1,-0.371299,test
14860,-1,-4.799311,test
14861,-1,-4.1046176,test
14862,-1,-2.0634022,test
14863,-1,-5.1853576,test
14864,-1,-1.8870268,test
14865,-1,-3.0097926,test
14866,-1,-2.6861024,test
14867,-1,-3.9835043,test
14868,-1,-2.273861,test
14869,-1,-4.8480186,test
14870,-1,-4.1045246,test
14871,-1,-3.3934484,test
14872,-1,-6.3285995,test
14873,-1,-4.285521,test
14874,-1,-2.9794888,test
14875,-1,-4.056632,test
14876,-1,1.0838543,test
14877,-1,-5.9990377,test
14878,-1,-3.775072,test
14879,-1,-2.5698762,test
14880,-1,-3.2903852,test
14881,-1,-2.5238962,test
14882,-1,-3.5002828,test
14883,-1,0.4158183,test
14884,-1,-4.012325,test
14885,-1,-0.4603001,test
14886,-1,-0.7976156,test
14887,-1,-2.535862,test
14888,-1,-1.5107511,test
14889,-1,0.2871523,test
14890,-1,-1.3869246,test
14891,-1,-4.5120625,test
14892,-1,1.052178,test
14893,-1,-1.4154606,test
14894,-1,-4.084018,test
14895,-1,0.22020398,test
14896,-1,-2.822463,test
14897,-1,-0.070730865,test
14898,-1,1.1977805,test
14899,-1,-4.977421,test
14900,-1,-1.8876749,test
14901,-1,-0.21536003,test
14902,-1,-1.6162271,test
14903,-1,-0.6215525,test
14904,-1,1.671497,test
14905,-1,-4.006618,test
14906,-1,-1.6645054,test
14907,-1,-5.5771074,test
14908,-1,-7.10324,test
14909,-1,-4.42504,test
14910,-1,-0.8702143,test
14911,-1,0.7632022,test
14912,-1,-5.0569673,test
14913,-1,-1.6221949,test
14914,-1,-5.702248,test
14915,-1,-2.3798757,test
14916,-1,-3.9980102,test
14917,-1,-4.4350452,test
14918,-1,-1.7182533,test
14919,-1,-2.3231204,test
14920,-1,-3.5164635,test
14921,-1,-7.255027,test
14922,-1,-1.8677466,test
14923,-1,-4.3430123,test
14924,-1,-3.896082,test
14925,-1,-2.416605,test
14926,-1,0.98455006,test
14927,-1,-4.4372,test
14928,-1,-5.4237986,test
14929,-1,-6.289222,test
14930,-1,-4.1480293,test
14931,-1,-3.825276,test
14932,-1,-6.129699,test
14933,-1,-4.7083507,test
14934,-1,-3.640501,test
14935,-1,-3.1691887,test
14936,-1,-3.0626025,test
14937,-1,-1.3858808,test
14938,-1,0.948549,test
14939,-1,0.24576485,test
14940,-1,-7.784425,test
14941,-1,-1.6604058,test
14942,-1,-2.6791058,test
14943,-1,-0.25358748,test
14944,-1,-1.3915085,test
14945,-1,-4.275652,test
14946,-1,-6.3663645,test
14947,-1,-4.122987,test
14948,-1,-3.4339652,test
14949,-1,-1.3263249,test
14950,-1,-1.403634,test
14951,-1,-3.6171718,test
14952,-1,-3.0703938,test
14953,-1,-2.4193623,test
14954,-1,-1.4039369,test
14955,-1,-2.9356866,test
14956,-1,-2.9924757,test
14957,-1,-3.597754,test
14958,-1,-7.3450685,test
14959,-1,-3.4970126,test
14960,-1,-0.21203682,test
14961,-1,-5.1980214,test
14962,-1,-2.3898764,test
14963,-1,1.0519073,test
14964,-1,-2.4753852,test
14965,-1,-0.86993736,test
14966,-1,-3.5410867,test
14967,-1,-3.646497,test
14968,-1,-3.4899297,test
14969,-1,-1.915208,test
