,epoch,preds,mode
0,1,-0.3804184,valid
1,1,-1.1401242,valid
2,1,-1.8805665,valid
3,1,-2.0939322,valid
4,1,-1.5201656,valid
5,1,-1.8355796,valid
6,1,-2.0380113,valid
7,1,-2.3557878,valid
8,1,-1.8780715,valid
9,1,-2.0067651,valid
10,1,-2.2171323,valid
11,1,-2.7894378,valid
12,1,-2.5571795,valid
13,1,-3.2578087,valid
14,1,-1.9738046,valid
15,1,-3.2165403,valid
16,1,-1.164929,valid
17,1,1.5186541,valid
18,1,-2.0889983,valid
19,1,-3.1538424,valid
20,1,-0.64998424,valid
21,1,1.4384292,valid
22,1,-4.385181,valid
23,1,-1.4801288,valid
24,1,-1.2052636,valid
25,1,-1.4183815,valid
26,1,-1.5567151,valid
27,1,-0.7540176,valid
28,1,-1.5934249,valid
29,1,-1.2063717,valid
30,1,-0.3695781,valid
31,1,-0.40230688,valid
32,1,-3.0336637,valid
33,1,-0.48110533,valid
34,1,-1.9399388,valid
35,1,-3.1044707,valid
36,1,-0.40480953,valid
37,1,-1.8239537,valid
38,1,-3.0286307,valid
39,1,-2.233858,valid
40,1,-3.2962413,valid
41,1,2.0692818,valid
42,1,-3.115765,valid
43,1,1.2974898,valid
44,1,-3.7362423,valid
45,1,-2.7633038,valid
46,1,-1.9925902,valid
47,1,1.5638255,valid
48,1,-1.1649289,valid
49,1,-5.872365,valid
50,1,-2.7255797,valid
51,1,-1.4113637,valid
52,1,-1.2398493,valid
53,1,-0.48931736,valid
54,1,-2.3319044,valid
55,1,-4.7991242,valid
56,1,-2.2048774,valid
57,1,-3.1081355,valid
58,1,0.12015767,valid
59,1,-1.5659202,valid
60,1,-0.70533645,valid
61,1,-4.0518713,valid
62,1,-2.585212,valid
63,1,-1.2254275,valid
64,1,-2.036109,valid
65,1,-2.9197984,valid
66,1,-3.1246672,valid
67,1,-3.1591687,valid
68,1,-1.4796356,valid
69,1,-1.2270693,valid
70,1,-1.5694348,valid
71,1,-1.906435,valid
72,1,-2.013695,valid
73,1,0.92884874,valid
74,1,-1.1769173,valid
75,1,-1.5073053,valid
76,1,-3.1464758,valid
77,1,-0.8670019,valid
78,1,-3.2298093,valid
79,1,-2.371676,valid
80,1,-2.2925658,valid
81,1,-1.682495,valid
82,1,-3.4404204,valid
83,1,-3.9968793,valid
84,1,-2.4556904,valid
85,1,-1.138384,valid
86,1,-4.4102335,valid
87,1,-1.4871501,valid
88,1,-2.0940683,valid
89,1,-1.7266641,valid
90,1,-1.7149048,valid
91,1,-2.7003741,valid
92,1,-1.7092854,valid
93,1,-2.0849693,valid
94,1,-0.0077821855,valid
95,1,-2.2863498,valid
96,1,-4.4971104,valid
97,1,-2.0008147,valid
98,1,0.14799088,valid
99,1,-2.7124557,valid
100,1,1.2554572,valid
101,1,0.37452596,valid
102,1,-3.6562743,valid
103,1,-2.3181567,valid
104,1,-3.7425196,valid
105,1,-2.0207424,valid
106,1,-2.9953542,valid
107,1,-1.3859949,valid
108,1,-2.1495988,valid
109,1,-6.350344,valid
110,1,-1.6456279,valid
111,1,-2.3125398,valid
112,1,0.9243259,valid
113,1,-3.0304737,valid
114,1,-2.532114,valid
115,1,-1.6940016,valid
116,1,-0.37978286,valid
117,1,-1.263167,valid
118,1,0.2160555,valid
119,1,0.54950833,valid
120,1,-1.1178933,valid
121,1,-1.2294937,valid
122,1,0.5351164,valid
123,1,-5.8842196,valid
124,1,-3.444913,valid
125,1,-0.6975955,valid
126,1,-2.8645005,valid
127,1,-2.1651652,valid
128,1,-2.2320638,valid
129,1,0.10499167,valid
130,1,-1.3215967,valid
131,1,-2.719686,valid
132,1,-3.8553603,valid
133,1,-2.4078524,valid
134,1,-2.3405213,valid
135,1,-2.7035995,valid
136,1,1.4905092,valid
137,1,-3.1559951,valid
138,1,-0.55206275,valid
139,1,-0.67953277,valid
140,1,-2.3725314,valid
141,1,-2.3899226,valid
142,1,0.49814576,valid
143,1,-2.762816,valid
144,1,-1.1522788,valid
145,1,-0.105663426,valid
146,1,-4.308171,valid
147,1,-2.5092285,valid
148,1,-2.362907,valid
149,1,-1.8486072,valid
150,1,-1.9028116,valid
151,1,-0.69312274,valid
152,1,-2.9382918,valid
153,1,-1.8948437,valid
154,1,-0.6391107,valid
155,1,-1.6121327,valid
156,1,0.15738188,valid
157,1,-1.1418662,valid
158,1,-0.49047107,valid
159,1,-4.1937933,valid
160,1,-1.164929,valid
161,1,-0.91980517,valid
162,1,-1.4406104,valid
163,1,-1.5821545,valid
164,1,-0.62005717,valid
165,1,-0.14844908,valid
166,1,2.1795855,valid
167,1,-1.4816438,valid
168,1,-3.4038465,valid
169,1,-2.4253325,valid
170,1,-3.3041267,valid
171,1,-2.9234552,valid
172,1,-2.746069,valid
173,1,-1.0011104,valid
174,1,-3.0158648,valid
175,1,-2.9193745,valid
176,1,-1.9320734,valid
177,1,-2.4812136,valid
178,1,-3.8443244,valid
179,1,-1.4613527,valid
180,1,-2.5493543,valid
181,1,-1.0673902,valid
182,1,-2.6875758,valid
183,1,-1.4610683,valid
184,1,0.45639062,valid
185,1,-1.5479455,valid
186,1,-2.003538,valid
187,1,-2.8232706,valid
188,1,-2.1558018,valid
189,1,-3.4481592,valid
190,1,-2.8109672,valid
191,1,-1.3903601,valid
192,1,-5.0162287,valid
193,1,-2.6956086,valid
194,1,-4.050346,valid
195,1,0.17860939,valid
196,1,-1.5699681,valid
197,1,-0.011004241,valid
198,1,-1.5082498,valid
199,1,-2.045532,valid
200,1,-2.4937046,valid
201,1,-2.1066563,valid
202,1,-3.0855596,valid
203,1,-0.34520045,valid
204,1,-4.312966,valid
205,1,-1.1598295,valid
206,1,-2.7869036,valid
207,1,-1.6574775,valid
208,1,-3.102864,valid
209,1,-1.459231,valid
210,1,-1.6123825,valid
211,1,-2.5981228,valid
212,1,-2.9901495,valid
213,1,-3.5254784,valid
214,1,-4.1637797,valid
215,1,-1.0632198,valid
216,1,-2.0582411,valid
217,1,-0.56975925,valid
218,1,-2.6045957,valid
219,1,0.54797053,valid
220,1,-5.031516,valid
221,1,-2.4832304,valid
222,1,-1.3280431,valid
223,1,-6.4713387,valid
224,1,-1.1261581,valid
225,1,-1.1649288,valid
226,1,-2.3806512,valid
227,1,-2.130242,valid
228,1,-1.8815724,valid
229,1,-1.0172372,valid
230,1,-1.8172541,valid
231,1,-1.71251,valid
232,1,-1.8016176,valid
233,1,-0.3131453,valid
234,1,-3.6031647,valid
235,1,-2.5488527,valid
236,1,-3.749311,valid
237,1,-0.7332207,valid
238,1,-1.312834,valid
239,1,-3.14347,valid
240,1,-3.0531998,valid
241,1,-0.8251267,valid
242,1,-1.4093848,valid
243,1,-1.2626783,valid
244,1,-0.36256978,valid
245,1,-1.1990567,valid
246,1,-2.3307607,valid
247,1,-4.067391,valid
248,1,-2.704318,valid
249,1,-1.3378142,valid
250,1,-6.051815,valid
251,1,-2.2094216,valid
252,1,-0.9983082,valid
253,1,-0.32106954,valid
254,1,-4.307597,valid
255,1,-1.8636528,valid
256,1,-2.259937,valid
257,1,-3.6033435,valid
258,1,-2.2865834,valid
259,1,-2.2038069,valid
260,1,-1.7890826,valid
261,1,-1.6469125,valid
262,1,-1.1340154,valid
263,1,-2.4830902,valid
264,1,-2.0926113,valid
265,1,0.37387288,valid
266,1,-1.6129707,valid
267,1,0.43694475,valid
268,1,-3.650217,valid
269,1,-4.102472,valid
270,1,-2.2370872,valid
271,1,-2.4551268,valid
272,1,-0.43557584,valid
273,1,-1.8211398,valid
274,1,-1.0724376,valid
275,1,-4.7184086,valid
276,1,-1.9738195,valid
277,1,-1.13571,valid
278,1,-2.89987,valid
279,1,-3.2177906,valid
280,1,-2.8952243,valid
281,1,0.023423197,valid
282,1,-1.2006093,valid
283,1,-2.9268305,valid
284,1,-0.6911992,valid
285,1,-0.24972919,valid
286,1,-2.9473314,valid
287,1,-1.4673659,valid
288,1,-2.511285,valid
289,1,-1.1007801,valid
290,1,-3.8063717,valid
291,1,-2.9049559,valid
292,1,-1.9309143,valid
293,1,1.2723926,valid
294,1,-2.9112582,valid
295,1,-2.610964,valid
296,1,-2.5665925,valid
297,1,-2.658289,valid
298,1,-0.17942981,valid
299,1,-2.6068025,valid
300,1,-3.0432968,valid
301,1,-2.1907506,valid
302,1,-1.1453549,valid
303,1,-3.9837987,valid
304,1,0.0052585695,valid
305,1,-1.8423597,valid
306,1,-1.7376974,valid
307,1,-1.917864,valid
308,1,-3.7758732,valid
309,1,-5.783305,valid
310,1,-1.6735944,valid
311,1,-1.5827289,valid
312,1,-3.2875638,valid
313,1,-2.5172224,valid
314,1,-2.3193076,valid
315,1,-4.034911,valid
316,1,-3.1147993,valid
317,1,-4.2290044,valid
318,1,-0.4762503,valid
319,1,-3.7368464,valid
320,1,-2.1800575,valid
321,1,-5.6232467,valid
322,1,-2.0055852,valid
323,1,-5.63458,valid
324,1,-1.2115945,valid
325,1,-0.65793854,valid
326,1,-4.9014115,valid
327,1,-1.4529859,valid
328,1,-2.5189314,valid
329,1,-4.1790476,valid
330,1,-2.6790419,valid
331,1,-3.563653,valid
332,1,-1.1649289,valid
333,1,-0.22895499,valid
334,1,-1.929386,valid
335,1,0.14899354,valid
336,1,-3.6841211,valid
337,1,-2.6833696,valid
338,1,-0.89690584,valid
339,1,-1.9012529,valid
340,1,-0.91664815,valid
341,1,-1.7781321,valid
342,1,-2.3378782,valid
343,1,-6.3864193,valid
344,1,-3.0321343,valid
345,1,-0.9397272,valid
346,1,-3.7377167,valid
347,1,-1.6653883,valid
348,1,-2.897178,valid
349,1,-2.3562238,valid
350,1,-1.3205522,valid
351,1,-2.8170514,valid
352,1,-4.3905187,valid
353,1,-4.2506733,valid
354,1,-2.5731325,valid
355,1,-1.0120729,valid
356,1,-0.42040786,valid
357,1,-1.457765,valid
358,1,-2.6826205,valid
359,1,-0.81919706,valid
360,1,-0.53454405,valid
361,1,-2.9193745,valid
362,1,-0.35313618,valid
363,1,-1.1649289,valid
364,1,-1.2715104,valid
365,1,-2.0330334,valid
366,1,-2.2248971,valid
367,1,-0.07890064,valid
368,1,-2.0673313,valid
369,1,-6.4157653,valid
370,1,-1.7097476,valid
371,1,-2.7922645,valid
372,1,-1.9162102,valid
373,1,-8.211279,valid
374,1,-7.81793,valid
375,1,-2.2211835,valid
376,1,-2.7803621,valid
377,1,-2.7825222,valid
378,1,-2.0481546,valid
379,1,0.25168183,valid
380,1,-1.9217379,valid
381,1,-2.3106165,valid
382,1,-1.4940578,valid
383,1,-2.2213743,valid
384,1,-1.4435338,valid
385,1,-4.2395234,valid
386,1,-2.8626845,valid
387,1,-6.3659472,valid
388,1,-2.4763985,valid
389,1,-5.6324606,valid
390,1,-2.099381,valid
391,1,-2.5571742,valid
392,1,-1.0733505,valid
393,1,-1.5919157,valid
394,1,-0.47287136,valid
395,1,-2.161831,valid
396,1,-0.6235799,valid
397,1,-1.6544598,valid
398,1,-2.7094316,valid
399,1,-5.226166,valid
400,1,-2.349266,valid
401,1,-1.6960822,valid
402,1,-2.46516,valid
403,1,-1.1292495,valid
404,1,-2.4176261,valid
405,1,-0.29257837,valid
406,1,-4.150558,valid
407,1,-3.1366782,valid
408,1,-2.3897786,valid
409,1,-0.18268035,valid
410,1,-1.1567842,valid
411,1,0.39212885,valid
412,1,-1.1655164,valid
413,1,-0.91878754,valid
414,1,-1.7074344,valid
415,1,-1.604884,valid
416,1,-0.94502604,valid
417,1,-2.5402837,valid
418,1,-0.6091652,valid
419,1,-2.1722324,valid
420,1,-1.1649288,valid
421,1,-1.4094838,valid
422,1,-0.5075605,valid
423,1,-0.9083563,valid
424,1,-4.2651324,valid
425,1,-2.5477757,valid
426,1,-1.3393118,valid
427,1,-2.4556532,valid
428,1,-1.9424474,valid
429,1,-1.5010417,valid
430,1,-0.5059206,valid
431,1,-1.220991,valid
432,1,-2.0769763,valid
433,1,-2.4783428,valid
434,1,-4.113504,valid
435,1,-1.8706579,valid
436,1,-3.1372054,valid
437,1,-3.5814064,valid
438,1,-1.1649289,valid
439,1,-3.417212,valid
440,1,-6.170683,valid
441,1,-3.9155273,valid
442,1,-1.6928967,valid
443,1,-0.58789045,valid
444,1,-1.2277669,valid
445,1,-4.5120134,valid
446,1,1.2160345,valid
447,1,-5.444118,valid
448,1,-2.3578043,valid
449,1,-1.5201256,valid
450,1,-1.4300072,valid
451,1,-2.5114179,valid
452,1,-2.3506835,valid
453,1,-0.54674244,valid
454,1,-2.2511578,valid
455,1,1.8776906,valid
456,1,-0.8512189,valid
457,1,-2.2149787,valid
458,1,-1.6614617,valid
459,1,-2.384187,valid
460,1,-1.2071298,valid
461,1,-2.1575565,valid
462,1,-1.6116939,valid
463,1,-1.9048795,valid
464,1,-2.3468516,valid
465,1,-1.7080092,valid
466,1,-1.0660421,valid
467,1,-1.6726874,valid
468,1,-2.87919,valid
469,1,-2.4274,valid
470,1,-4.224014,valid
471,1,-3.6131215,valid
472,1,-2.0221648,valid
473,1,-1.4120089,valid
474,1,-3.0181122,valid
475,1,-3.470934,valid
476,1,-1.9974422,valid
477,1,-6.0587263,valid
478,1,-2.0527666,valid
479,1,-1.0671047,valid
480,1,-0.77490324,valid
481,1,-2.035463,valid
482,1,-3.2377968,valid
483,1,-2.3091414,valid
484,1,-1.7059795,valid
485,1,-2.032608,valid
486,1,-2.0353942,valid
487,1,-2.7871177,valid
488,1,-1.3621508,valid
489,1,-1.0956664,valid
490,1,-2.0502377,valid
491,1,-1.5367665,valid
492,1,-2.8972576,valid
493,1,-2.296024,valid
494,1,-2.164001,valid
495,1,-0.9699701,valid
496,1,-3.0105143,valid
497,1,-2.2277405,valid
498,1,-3.1667972,valid
499,1,-0.48257872,valid
500,1,-2.5720198,valid
501,1,-1.5462581,valid
502,1,-1.2962393,valid
503,1,-0.93866044,valid
504,1,-1.743,valid
505,1,-0.9177463,valid
506,1,-0.22614735,valid
507,1,-1.2118062,valid
508,1,-3.5425026,valid
509,1,-3.436457,valid
510,1,-2.8622787,valid
511,1,-1.5637312,valid
512,1,-2.053045,valid
513,1,-1.6711861,valid
514,1,-2.9828548,valid
515,1,-3.7647018,valid
516,1,-2.8108733,valid
517,1,-4.4805956,valid
518,1,0.83948016,valid
519,1,-1.3762596,valid
520,1,-1.4700692,valid
521,1,-1.0816869,valid
522,1,-4.4596844,valid
523,1,-2.709164,valid
524,1,-2.4858112,valid
525,1,-3.8061473,valid
526,1,-0.88456297,valid
527,1,-1.4402407,valid
528,1,-1.9538314,valid
529,1,-2.5882008,valid
530,1,-1.1357999,valid
531,1,-0.97616357,valid
532,1,-3.6227205,valid
533,1,-2.3230724,valid
534,1,-4.432674,valid
535,1,-1.8214849,valid
536,1,0.63130605,valid
537,1,-1.881385,valid
538,1,-1.43499,valid
539,1,-1.4645343,valid
540,1,-4.4887614,valid
541,1,-1.5831519,valid
542,1,-2.5060139,valid
543,1,-0.18112034,valid
544,1,-2.566576,valid
545,1,0.67802703,valid
546,1,-1.0341747,valid
547,1,-2.6348147,valid
548,1,-3.5490992,valid
549,1,-2.9222198,valid
550,1,-2.3769794,valid
551,1,-3.7201824,valid
552,1,-1.40619,valid
553,1,-1.1181746,valid
554,1,-0.8243377,valid
555,1,-3.0271807,valid
556,1,-2.3474607,valid
557,1,0.45349157,valid
558,1,-2.7245607,valid
559,1,-1.439205,valid
560,1,-2.8230538,valid
561,1,-1.4813129,valid
562,1,0.4534089,valid
563,1,-5.4248004,valid
564,1,-1.2112252,valid
565,1,-2.676184,valid
566,1,-1.7610532,valid
567,1,-1.5493873,valid
568,1,-2.3557105,valid
569,1,1.6418651,valid
570,1,0.11052924,valid
571,1,1.0421056,valid
572,1,-2.4461725,valid
573,1,0.28613597,valid
574,1,-3.4431272,valid
575,1,-1.2177964,valid
576,1,-2.8962321,valid
577,1,-0.35630912,valid
578,1,-1.101512,valid
579,1,-4.063537,valid
580,1,-1.2007545,valid
581,1,-0.8064249,valid
582,1,0.62125444,valid
583,1,-1.5762476,valid
584,1,-1.7889729,valid
585,1,-1.6880834,valid
586,1,-1.812739,valid
587,1,-4.376287,valid
588,1,-2.0084765,valid
589,1,-3.6646314,valid
590,1,-1.5641946,valid
591,1,-1.914243,valid
592,1,-2.9223292,valid
593,1,-1.1613684,valid
594,1,-2.1978936,valid
595,1,-2.2264237,valid
596,1,-0.4511659,valid
597,1,-1.8481807,valid
598,1,-1.7556236,valid
599,1,-2.078695,valid
600,1,-1.2146505,valid
601,1,-2.6239307,valid
602,1,-1.2599584,valid
603,1,2.1795855,valid
604,1,-2.8770406,valid
605,1,-3.960241,valid
606,1,-1.2026523,valid
607,1,-7.391358,valid
608,1,-2.316435,valid
609,1,-2.241743,valid
610,1,-3.356215,valid
611,1,-1.799825,valid
612,1,-2.296457,valid
613,1,-2.9957943,valid
614,1,-2.7878966,valid
615,1,-2.701746,valid
616,1,-3.1682353,valid
617,1,-2.4006302,valid
618,1,-1.7431959,valid
619,1,-4.90428,valid
620,1,-4.3578286,valid
621,1,-2.1084228,valid
622,1,-2.5913007,valid
623,1,-1.2740166,valid
624,1,-2.0526843,valid
625,1,0.061139017,valid
626,1,-3.5941763,valid
627,1,-2.9816117,valid
628,1,-1.7453747,valid
629,1,-2.15645,valid
630,1,-1.2126623,valid
631,1,-1.8937523,valid
632,1,-1.2737428,valid
633,1,-4.328943,valid
634,1,-1.4200666,valid
635,1,-2.4041,valid
636,1,-1.517047,valid
637,1,-0.39577505,valid
638,1,-2.4631078,valid
639,1,-2.2983983,valid
640,1,-1.0386136,valid
641,1,-3.0603185,valid
642,1,-1.2707528,valid
643,1,-1.9491141,valid
644,1,-2.1302419,valid
645,1,-2.9412541,valid
646,1,-1.64807,valid
647,1,-2.923475,valid
648,1,-1.5506634,valid
649,1,-0.6328576,valid
650,1,-1.2604561,valid
651,1,-4.2683883,valid
652,1,-2.245139,valid
653,1,-3.483495,valid
654,1,-2.798345,valid
655,1,-2.118445,valid
656,1,-1.5239325,valid
657,1,-1.4393151,valid
658,1,-2.0340447,valid
659,1,-2.318162,valid
660,1,-1.9802111,valid
661,1,-4.61857,valid
662,1,-2.0025036,valid
663,1,-3.2562466,valid
664,1,-2.0609307,valid
665,1,-1.8284758,valid
666,1,-1.532708,valid
667,1,-2.0760484,valid
668,1,-2.258757,valid
669,1,-6.4824605,valid
670,1,-3.9850283,valid
671,1,-5.448374,valid
672,1,-1.2361809,valid
673,1,-1.6810905,valid
674,1,-1.9689791,valid
675,1,-0.44594854,valid
676,1,-3.0746253,valid
677,1,-5.378787,valid
678,1,-0.4556127,valid
679,1,-0.7219552,valid
680,1,-3.9951699,valid
681,1,-1.7575186,valid
682,1,-4.8407803,valid
683,1,-0.8287253,valid
684,1,-0.19293796,valid
685,1,-2.977378,valid
686,1,-2.6436906,valid
687,1,-3.6740186,valid
688,1,-5.8441854,valid
689,1,-1.6878327,valid
690,1,-2.3535635,valid
691,1,-3.588149,valid
692,1,-1.1917028,valid
693,1,-4.4431524,valid
694,1,-3.6239662,valid
695,1,-3.6678886,valid
696,1,-1.3607858,valid
697,1,-4.522415,valid
698,1,-2.4408715,valid
699,1,-1.3458768,valid
700,1,-2.603799,valid
701,1,-2.0501814,valid
702,1,-0.5129061,valid
703,1,-2.2431645,valid
704,1,-0.5612564,valid
705,1,-4.870405,valid
706,1,0.22455876,valid
707,1,-1.6510413,valid
708,1,-1.7982849,valid
709,1,-1.4048,valid
710,1,-1.0354438,valid
711,1,-2.2782235,valid
712,1,-2.0121331,valid
713,1,-1.5852486,valid
714,1,-2.2343357,valid
715,1,-0.05621469,valid
716,1,-2.204062,valid
717,1,0.71704245,valid
718,1,-5.2734666,valid
719,1,-3.038708,valid
720,1,-3.5822437,valid
721,1,-1.8153654,valid
722,1,-1.6516658,valid
723,1,-2.1822784,valid
724,1,-1.8678025,valid
725,1,-2.204949,valid
726,1,-1.2463253,valid
727,1,-1.9479651,valid
728,1,-4.900951,valid
729,1,-2.0637016,valid
730,1,-0.724085,valid
731,1,-2.3557105,valid
732,1,-0.6356611,valid
733,1,-2.8889072,valid
734,1,-2.3906732,valid
735,1,-1.8132852,valid
736,1,-3.3894455,valid
737,1,-2.1690614,valid
738,1,-1.8692569,valid
739,1,-2.8757637,valid
740,1,-3.784484,valid
741,1,-1.9254563,valid
742,1,-1.7344241,valid
743,1,-3.7038817,valid
744,1,-2.992515,valid
745,1,-3.4922564,valid
746,1,-0.29880002,valid
747,1,-3.0528388,valid
748,1,1.1650335,valid
749,1,-1.2201978,valid
750,1,-3.1504312,valid
751,1,-3.728896,valid
752,1,-3.317347,valid
753,1,-1.3475498,valid
754,1,-5.9386315,valid
755,1,-3.7086027,valid
756,1,-1.3483888,valid
757,1,-1.2159156,valid
758,1,-2.4029145,valid
759,1,-1.2434665,valid
760,1,-0.05060041,valid
761,1,-5.8582387,valid
762,1,-2.890734,valid
763,1,-3.416906,valid
764,1,-2.1060433,valid
765,1,-2.0944562,valid
766,1,-3.0570006,valid
767,1,-0.7912552,valid
768,1,-1.8753322,valid
769,1,-2.7086673,valid
770,1,-1.2793089,valid
771,1,-3.056988,valid
772,1,-0.73229134,valid
773,1,-2.457069,valid
774,1,-2.1950192,valid
775,1,-0.97331285,valid
776,1,-2.7205024,valid
777,1,-2.756279,valid
778,1,-1.3822614,valid
779,1,-1.7937098,valid
780,1,-1.3196048,valid
781,1,-0.6529116,valid
782,1,-1.7200161,valid
783,1,-0.962435,valid
784,1,-1.0814203,valid
785,1,-2.088577,valid
786,1,-2.5089998,valid
787,1,-3.72074,valid
788,1,-3.932483,valid
789,1,-1.0792736,valid
790,1,-2.691066,valid
791,1,-3.533334,valid
792,1,-0.7772399,valid
793,1,-2.9712017,valid
794,1,-2.3631032,valid
795,1,-2.9756954,valid
796,1,-2.0225165,valid
797,1,-3.7368495,valid
798,1,0.74226916,valid
799,1,0.32631814,valid
800,1,-2.8936894,valid
801,1,-2.6511388,valid
802,1,-3.0588315,valid
803,1,-2.1428819,valid
804,1,-1.7333359,valid
805,1,-2.0257034,valid
806,1,-2.8400073,valid
807,1,-0.5804665,valid
808,1,-2.5901134,valid
809,1,-1.8625144,valid
810,1,-1.0799114,valid
811,1,-1.5564483,valid
812,1,-1.3922075,valid
813,1,-2.1113687,valid
814,1,-2.1936972,valid
815,1,-1.844569,valid
816,1,-2.9362168,valid
817,1,-4.0606227,valid
818,1,-1.0455054,valid
819,1,-2.0334234,valid
820,1,-3.4870193,valid
821,1,-2.3118134,valid
822,1,-1.8283168,valid
823,1,-5.8708405,valid
824,1,-2.5576553,valid
825,1,-0.70978314,valid
826,1,-0.051248543,valid
827,1,-2.6983101,valid
828,1,-1.8151537,valid
829,1,-4.066221,valid
830,1,-1.5048689,valid
831,1,-1.7343508,valid
832,1,-2.441341,valid
833,1,-2.2442565,valid
834,1,-4.8711877,valid
835,1,-1.2483597,valid
836,1,-1.5304453,valid
837,1,-1.3658706,valid
838,1,-1.7948307,valid
839,1,-0.75366294,valid
840,1,-1.3607978,valid
841,1,-2.606,valid
842,1,-1.7176931,valid
843,1,-4.2774835,valid
844,1,-2.8675385,valid
845,1,-2.366541,valid
846,1,-2.076264,valid
847,1,-2.495074,valid
848,1,-2.622757,valid
849,1,-3.052175,valid
850,1,-4.469958,valid
851,1,-3.8083186,valid
852,1,-2.3205316,valid
853,1,-1.667039,valid
854,1,-3.5471957,valid
855,1,-2.8326907,valid
856,1,-0.34221193,valid
857,1,-1.4964098,valid
858,1,-0.97927666,valid
859,1,-0.79577374,valid
860,1,-1.0274949,valid
861,1,-2.5078402,valid
862,1,-3.2274592,valid
863,1,-3.1279726,valid
864,1,1.5126332,valid
865,1,-2.6981423,valid
866,1,-1.3015195,valid
867,1,-1.9729629,valid
868,1,-2.9027324,valid
869,1,-2.3860326,valid
870,1,-1.0488645,valid
871,1,-2.228735,valid
872,1,-2.029348,valid
873,1,-3.4570823,valid
874,1,-1.4992251,valid
875,1,-4.3632455,valid
876,1,-2.0036736,valid
877,1,-1.2962393,valid
878,1,-2.032539,valid
879,1,-2.0048916,valid
880,1,-7.375476,valid
881,1,-3.0350757,valid
882,1,-2.5207415,valid
883,1,-2.637982,valid
884,1,-1.4979594,valid
885,1,-2.5901134,valid
886,1,-2.9053926,valid
887,1,-1.5111984,valid
888,1,0.034059852,valid
889,1,-3.0857973,valid
890,1,-2.758046,valid
891,1,-3.372541,valid
892,1,-2.4107568,valid
893,1,-5.281354,valid
894,1,-3.4999075,valid
895,1,-0.53526306,valid
896,1,-1.9239233,valid
897,1,-2.8823514,valid
898,1,-5.283033,valid
899,1,-1.4888345,valid
900,1,-1.9174889,valid
901,1,-2.3030586,valid
902,1,-4.570271,valid
903,1,-0.3997307,valid
904,1,-2.3897867,valid
905,1,-1.7574316,valid
906,1,-2.1866581,valid
907,1,-1.7827812,valid
908,1,-3.740306,valid
909,1,-3.8861058,valid
910,1,-1.5289872,valid
911,1,-3.8564124,valid
912,1,-4.0772004,valid
913,1,-2.4427376,valid
914,1,-1.7937099,valid
915,1,1.1942517,valid
916,1,-4.189531,valid
917,1,-2.8117871,valid
918,1,-0.75154203,valid
919,1,-0.52900517,valid
920,1,-1.2514377,valid
921,1,-1.2945887,valid
922,1,-6.3690352,valid
923,1,-1.1720912,valid
924,1,-7.000698,valid
925,1,-1.5011228,valid
926,1,-1.9901723,valid
927,1,-2.0579462,valid
928,1,-1.1649289,valid
929,1,-0.48665312,valid
930,1,-1.8039844,valid
931,1,-3.7407968,valid
932,1,-0.29042327,valid
933,1,-2.5637631,valid
934,1,-0.42101312,valid
935,1,-0.75884044,valid
936,1,-3.0518131,valid
937,1,-0.9385304,valid
938,1,-2.086008,valid
939,1,-5.8773103,valid
940,1,-6.4885125,valid
941,1,-1.0448774,valid
942,1,-2.9073198,valid
943,1,-3.985749,valid
944,1,-0.88453954,valid
945,1,-2.892951,valid
946,1,-3.2100472,valid
947,1,-2.1084611,valid
948,1,-1.0799114,valid
949,1,-2.9834,valid
950,1,-1.2693629,valid
951,1,-5.4188504,valid
952,1,-3.4712944,valid
953,1,-1.9824386,valid
954,1,-1.2299505,valid
955,1,-4.977032,valid
956,1,-1.9467593,valid
957,1,-0.23559777,valid
958,1,-0.34870893,valid
959,1,-1.7704781,valid
960,1,-2.3992314,valid
961,1,-2.7367554,valid
962,1,-0.24276073,valid
963,1,-1.9900302,valid
964,1,-1.8924683,valid
965,1,-3.19398,valid
966,1,-6.448172,valid
967,1,-2.6068802,valid
968,1,-2.4146152,valid
969,1,-1.9362712,valid
970,1,-1.7596251,valid
971,1,-2.7096612,valid
972,1,-2.7357855,valid
973,1,-1.0955606,valid
974,1,-2.2313485,valid
975,1,-4.5957923,valid
976,1,-3.0316172,valid
977,1,-3.239699,valid
978,1,-1.8928646,valid
979,1,-1.9189153,valid
980,1,-2.8356297,valid
981,1,-3.386452,valid
982,1,-1.0816867,valid
983,1,0.6048957,valid
984,1,-2.7397568,valid
985,1,-1.2514366,valid
986,1,-2.686735,valid
987,1,-1.607837,valid
988,1,-0.68496126,valid
989,1,-1.7309294,valid
990,1,-7.3832984,valid
991,1,-2.2955098,valid
992,1,-2.1455374,valid
993,1,-2.6054559,valid
994,1,0.12733538,valid
995,1,-0.348533,valid
996,1,-2.1755507,valid
997,1,-2.218563,valid
998,2,0.45257294,valid
999,2,-1.0814171,valid
1000,2,-2.9125962,valid
1001,2,-2.8397684,valid
1002,2,-2.5555463,valid
1003,2,-2.8633206,valid
1004,2,-2.1069348,valid
1005,2,-3.07905,valid
1006,2,-2.128402,valid
1007,2,-2.860373,valid
1008,2,-2.9522214,valid
1009,2,-3.702355,valid
1010,2,-3.0541034,valid
1011,2,-3.8152525,valid
1012,2,-2.5417624,valid
1013,2,-3.4026895,valid
1014,2,0.020286016,valid
1015,2,1.7281392,valid
1016,2,-2.4812243,valid
1017,2,-3.573369,valid
1018,2,-0.6670494,valid
1019,2,1.301949,valid
1020,2,-5.032159,valid
1021,2,-1.8919204,valid
1022,2,-1.7829438,valid
1023,2,-1.7488296,valid
1024,2,-2.706832,valid
1025,2,-1.2524812,valid
1026,2,-2.147601,valid
1027,2,-1.8312271,valid
1028,2,-0.8598526,valid
1029,2,-0.43872404,valid
1030,2,-3.5599976,valid
1031,2,-0.9377514,valid
1032,2,-2.4342859,valid
1033,2,-4.5179243,valid
1034,2,-1.067255,valid
1035,2,-2.2403846,valid
1036,2,-3.873884,valid
1037,2,-2.892171,valid
1038,2,-4.4715476,valid
1039,2,2.3920748,valid
1040,2,-2.0311809,valid
1041,2,1.1632116,valid
1042,2,-4.7739353,valid
1043,2,-3.5225573,valid
1044,2,-2.5984073,valid
1045,2,1.5424161,valid
1046,2,0.020285979,valid
1047,2,-6.8847027,valid
1048,2,-3.0661151,valid
1049,2,-1.4738429,valid
1050,2,-1.8011388,valid
1051,2,-0.7952196,valid
1052,2,-2.9893224,valid
1053,2,-5.5855627,valid
1054,2,-3.1715467,valid
1055,2,-4.060317,valid
1056,2,-0.30965257,valid
1057,2,-1.6778971,valid
1058,2,-0.926425,valid
1059,2,-5.8720217,valid
1060,2,-3.3858995,valid
1061,2,-1.8155878,valid
1062,2,-1.870623,valid
1063,2,-3.2378418,valid
1064,2,-3.248163,valid
1065,2,-4.095225,valid
1066,2,-2.119036,valid
1067,2,-1.7484782,valid
1068,2,-2.1969414,valid
1069,2,-2.96952,valid
1070,2,-2.2842913,valid
1071,2,1.3388348,valid
1072,2,-2.6433372,valid
1073,2,-2.6940353,valid
1074,2,-4.0215383,valid
1075,2,-1.1237049,valid
1076,2,-3.5424902,valid
1077,2,-3.1205997,valid
1078,2,-3.3840525,valid
1079,2,-1.314155,valid
1080,2,-4.9222507,valid
1081,2,-4.884679,valid
1082,2,-3.117584,valid
1083,2,-1.321819,valid
1084,2,-5.4457603,valid
1085,2,-1.9050926,valid
1086,2,-2.5212674,valid
1087,2,-2.8732452,valid
1088,2,-2.0149755,valid
1089,2,-3.2778096,valid
1090,2,-2.231121,valid
1091,2,-3.0316906,valid
1092,2,-0.3769467,valid
1093,2,-2.0280776,valid
1094,2,-5.5732055,valid
1095,2,-2.1650405,valid
1096,2,1.1717837,valid
1097,2,-3.0589578,valid
1098,2,0.95133406,valid
1099,2,-0.124863826,valid
1100,2,-4.2542524,valid
1101,2,-2.9319737,valid
1102,2,-5.3054585,valid
1103,2,-2.3014665,valid
1104,2,-3.894125,valid
1105,2,-1.195797,valid
1106,2,-2.995703,valid
1107,2,-7.3331804,valid
1108,2,-2.1556885,valid
1109,2,-2.883912,valid
1110,2,0.6020195,valid
1111,2,-3.1653,valid
1112,2,-3.2587833,valid
1113,2,-1.9301164,valid
1114,2,-0.8538915,valid
1115,2,-1.2890668,valid
1116,2,0.38295418,valid
1117,2,0.5381926,valid
1118,2,-1.3941736,valid
1119,2,-1.8730273,valid
1120,2,0.95138496,valid
1121,2,-6.791664,valid
1122,2,-4.2884235,valid
1123,2,-0.4055001,valid
1124,2,-3.6736593,valid
1125,2,-2.9759173,valid
1126,2,-2.5779538,valid
1127,2,-0.24931128,valid
1128,2,-1.7472439,valid
1129,2,-3.5551114,valid
1130,2,-4.7568216,valid
1131,2,-3.2248542,valid
1132,2,-2.609827,valid
1133,2,-3.1296349,valid
1134,2,1.679331,valid
1135,2,-3.8931625,valid
1136,2,-0.29721534,valid
1137,2,-0.9584285,valid
1138,2,-3.081032,valid
1139,2,-3.3557038,valid
1140,2,0.7010257,valid
1141,2,-3.6756358,valid
1142,2,-2.0294356,valid
1143,2,0.5130661,valid
1144,2,-5.0223765,valid
1145,2,-3.6584983,valid
1146,2,-2.6607616,valid
1147,2,-1.6159288,valid
1148,2,-2.2856538,valid
1149,2,-0.7043438,valid
1150,2,-3.7288237,valid
1151,2,-2.76457,valid
1152,2,-1.238312,valid
1153,2,-2.2572641,valid
1154,2,0.17819117,valid
1155,2,-1.2622064,valid
1156,2,-1.0973827,valid
1157,2,-5.308364,valid
1158,2,0.020286031,valid
1159,2,-1.0309497,valid
1160,2,-1.8868777,valid
1161,2,-2.3461506,valid
1162,2,-1.0351287,valid
1163,2,-1.0109222,valid
1164,2,2.0813806,valid
1165,2,-1.6166326,valid
1166,2,-4.5008397,valid
1167,2,-3.3379178,valid
1168,2,-3.209962,valid
1169,2,-3.4707668,valid
1170,2,-3.836066,valid
1171,2,-1.5353348,valid
1172,2,-3.963915,valid
1173,2,-2.8339062,valid
1174,2,-2.5931902,valid
1175,2,-3.5434587,valid
1176,2,-5.0686255,valid
1177,2,-1.6305965,valid
1178,2,-3.7174444,valid
1179,2,-2.1026642,valid
1180,2,-3.4926672,valid
1181,2,-2.2008188,valid
1182,2,0.09996251,valid
1183,2,-2.0364218,valid
1184,2,-2.6329775,valid
1185,2,-3.6781154,valid
1186,2,-3.121064,valid
1187,2,-4.2825284,valid
1188,2,-3.7642274,valid
1189,2,-2.163749,valid
1190,2,-6.246504,valid
1191,2,-3.3275838,valid
1192,2,-5.9844856,valid
1193,2,-0.030668125,valid
1194,2,-2.5813856,valid
1195,2,0.32342386,valid
1196,2,-2.017279,valid
1197,2,-3.1873295,valid
1198,2,-2.7099657,valid
1199,2,-2.9327946,valid
1200,2,-4.070151,valid
1201,2,-0.74991983,valid
1202,2,-4.934026,valid
1203,2,-2.1281369,valid
1204,2,-3.259805,valid
1205,2,-1.8201779,valid
1206,2,-3.7611198,valid
1207,2,-1.9695309,valid
1208,2,-2.0801854,valid
1209,2,-3.2065263,valid
1210,2,-3.484187,valid
1211,2,-4.519743,valid
1212,2,-4.7846684,valid
1213,2,-1.3243384,valid
1214,2,-2.4522219,valid
1215,2,-1.2601817,valid
1216,2,-2.6442277,valid
1217,2,0.4792016,valid
1218,2,-5.2508726,valid
1219,2,-2.8504212,valid
1220,2,-0.36690652,valid
1221,2,-6.6191096,valid
1222,2,-1.4975667,valid
1223,2,0.020286001,valid
1224,2,-3.3361678,valid
1225,2,-2.1659098,valid
1226,2,-2.0959492,valid
1227,2,-1.3174043,valid
1228,2,-2.1210427,valid
1229,2,-2.3259268,valid
1230,2,-2.756374,valid
1231,2,0.10728939,valid
1232,2,-4.5743065,valid
1233,2,-3.161142,valid
1234,2,-4.5728917,valid
1235,2,-0.8320488,valid
1236,2,-2.2479517,valid
1237,2,-3.607293,valid
1238,2,-4.101058,valid
1239,2,-1.0153766,valid
1240,2,-2.3381724,valid
1241,2,-2.0631845,valid
1242,2,-0.865733,valid
1243,2,-1.8313172,valid
1244,2,-2.6878862,valid
1245,2,-4.654792,valid
1246,2,-3.3037481,valid
1247,2,-2.0210218,valid
1248,2,-6.8764443,valid
1249,2,-2.9490657,valid
1250,2,-1.2789176,valid
1251,2,-0.6367499,valid
1252,2,-6.1334066,valid
1253,2,-2.2342262,valid
1254,2,-2.7803264,valid
1255,2,-4.2920017,valid
1256,2,-2.4659073,valid
1257,2,-2.9602807,valid
1258,2,-2.15857,valid
1259,2,-2.1212456,valid
1260,2,-0.93084276,valid
1261,2,-3.2969007,valid
1262,2,-2.5124178,valid
1263,2,0.80760986,valid
1264,2,-2.2333796,valid
1265,2,0.22108863,valid
1266,2,-5.2674356,valid
1267,2,-6.042439,valid
1268,2,-3.0026727,valid
1269,2,-3.2668493,valid
1270,2,-0.43605775,valid
1271,2,-2.0349596,valid
1272,2,-1.8764893,valid
1273,2,-6.8722253,valid
1274,2,-2.329846,valid
1275,2,-1.6786292,valid
1276,2,-3.6579423,valid
1277,2,-3.8327167,valid
1278,2,-3.6922927,valid
1279,2,0.5092266,valid
1280,2,-1.1276611,valid
1281,2,-3.8558333,valid
1282,2,-1.3743951,valid
1283,2,-0.2090908,valid
1284,2,-3.431932,valid
1285,2,-2.0423713,valid
1286,2,-3.2046664,valid
1287,2,-1.2333984,valid
1288,2,-4.400411,valid
1289,2,-3.483059,valid
1290,2,-2.362342,valid
1291,2,0.98710865,valid
1292,2,-3.7809393,valid
1293,2,-3.2991228,valid
1294,2,-3.3402896,valid
1295,2,-3.2325149,valid
1296,2,0.21147548,valid
1297,2,-3.2337599,valid
1298,2,-3.6191087,valid
1299,2,-3.0708585,valid
1300,2,-1.1189328,valid
1301,2,-5.5244107,valid
1302,2,-0.952348,valid
1303,2,-2.3884845,valid
1304,2,-2.0292351,valid
1305,2,-2.1362746,valid
1306,2,-4.8773537,valid
1307,2,-6.7441993,valid
1308,2,-1.8468472,valid
1309,2,-2.2357864,valid
1310,2,-3.3044713,valid
1311,2,-2.8441892,valid
1312,2,-3.2026618,valid
1313,2,-4.8442154,valid
1314,2,-4.116576,valid
1315,2,-4.7751865,valid
1316,2,-0.9438892,valid
1317,2,-4.566059,valid
1318,2,-3.1767676,valid
1319,2,-6.9610996,valid
1320,2,-2.7288735,valid
1321,2,-6.3260427,valid
1322,2,-1.0091145,valid
1323,2,-1.0453103,valid
1324,2,-5.9199696,valid
1325,2,-1.8940386,valid
1326,2,-3.3785985,valid
1327,2,-4.799138,valid
1328,2,-3.5357008,valid
1329,2,-3.0380602,valid
1330,2,0.020285979,valid
1331,2,-1.004112,valid
1332,2,-2.822731,valid
1333,2,0.16076747,valid
1334,2,-3.9372268,valid
1335,2,-2.8738828,valid
1336,2,-1.0225703,valid
1337,2,-2.166841,valid
1338,2,-1.3001063,valid
1339,2,-2.6252425,valid
1340,2,-2.9726326,valid
1341,2,-7.229158,valid
1342,2,-3.680293,valid
1343,2,-1.20548,valid
1344,2,-4.706147,valid
1345,2,-2.2051764,valid
1346,2,-3.0496156,valid
1347,2,-3.1498687,valid
1348,2,-2.0271997,valid
1349,2,-3.36052,valid
1350,2,-5.0158744,valid
1351,2,-4.9974017,valid
1352,2,-2.945464,valid
1353,2,-1.3954983,valid
1354,2,-0.021133214,valid
1355,2,-1.8817272,valid
1356,2,-3.161141,valid
1357,2,-0.7790472,valid
1358,2,-0.727321,valid
1359,2,-2.8339062,valid
1360,2,-0.22299005,valid
1361,2,0.020285979,valid
1362,2,-1.8179306,valid
1363,2,-1.1130638,valid
1364,2,-1.8955398,valid
1365,2,0.14366561,valid
1366,2,-2.498445,valid
1367,2,-7.163913,valid
1368,2,-2.0008676,valid
1369,2,-4.0132656,valid
1370,2,-2.6319003,valid
1371,2,-8.901034,valid
1372,2,-8.57509,valid
1373,2,-3.002674,valid
1374,2,-3.5751467,valid
1375,2,-2.751347,valid
1376,2,-2.3624809,valid
1377,2,0.25693822,valid
1378,2,-2.482212,valid
1379,2,-3.5167413,valid
1380,2,-1.5240521,valid
1381,2,-2.9935236,valid
1382,2,-1.674678,valid
1383,2,-4.759234,valid
1384,2,-3.6158738,valid
1385,2,-7.4195347,valid
1386,2,-2.80148,valid
1387,2,-6.2348166,valid
1388,2,-2.5131507,valid
1389,2,-3.5916405,valid
1390,2,-1.3645368,valid
1391,2,-2.0235264,valid
1392,2,-0.56737655,valid
1393,2,-3.0844996,valid
1394,2,-1.4419631,valid
1395,2,-1.742068,valid
1396,2,-3.48909,valid
1397,2,-5.8834925,valid
1398,2,-2.6935456,valid
1399,2,-2.7347517,valid
1400,2,-2.8095279,valid
1401,2,-1.9535394,valid
1402,2,-3.1428986,valid
1403,2,-0.015431598,valid
1404,2,-5.44709,valid
1405,2,-3.8539906,valid
1406,2,-3.365678,valid
1407,2,-1.2896193,valid
1408,2,-0.46765578,valid
1409,2,-0.19442292,valid
1410,2,-1.9981569,valid
1411,2,-1.6041559,valid
1412,2,-1.8843808,valid
1413,2,-1.8535047,valid
1414,2,-1.1769474,valid
1415,2,-3.2828627,valid
1416,2,-0.71896625,valid
1417,2,-2.559996,valid
1418,2,0.020286001,valid
1419,2,-1.963867,valid
1420,2,-0.81670535,valid
1421,2,-1.6029922,valid
1422,2,-4.801019,valid
1423,2,-3.3009326,valid
1424,2,-2.2067018,valid
1425,2,-3.1944304,valid
1426,2,-2.4041476,valid
1427,2,-2.1864035,valid
1428,2,-0.4832124,valid
1429,2,-1.3349227,valid
1430,2,-2.03131,valid
1431,2,-3.1662374,valid
1432,2,-5.126425,valid
1433,2,-2.5447779,valid
1434,2,-4.410629,valid
1435,2,-5.2070827,valid
1436,2,0.020285979,valid
1437,2,-3.938085,valid
1438,2,-6.6601734,valid
1439,2,-5.1743727,valid
1440,2,-2.4504879,valid
1441,2,-0.8988066,valid
1442,2,-1.0550202,valid
1443,2,-6.7080054,valid
1444,2,1.1684573,valid
1445,2,-6.6946306,valid
1446,2,-2.6405969,valid
1447,2,-1.4229257,valid
1448,2,-1.77451,valid
1449,2,-3.3637433,valid
1450,2,-2.9325438,valid
1451,2,0.014728531,valid
1452,2,-2.840827,valid
1453,2,2.3815503,valid
1454,2,-1.3926637,valid
1455,2,-2.424861,valid
1456,2,-2.5214157,valid
1457,2,-3.536366,valid
1458,2,-1.0511892,valid
1459,2,-2.9017258,valid
1460,2,-2.2814827,valid
1461,2,-2.823869,valid
1462,2,-2.710852,valid
1463,2,-2.7619543,valid
1464,2,-1.6649265,valid
1465,2,-2.054515,valid
1466,2,-3.149226,valid
1467,2,-2.9436421,valid
1468,2,-5.8950124,valid
1469,2,-4.678861,valid
1470,2,-2.7328863,valid
1471,2,-1.5962746,valid
1472,2,-3.5495024,valid
1473,2,-4.2551985,valid
1474,2,-2.957393,valid
1475,2,-6.564069,valid
1476,2,-2.1741462,valid
1477,2,-1.5069969,valid
1478,2,-1.5292729,valid
1479,2,-3.208373,valid
1480,2,-3.186217,valid
1481,2,-3.0691283,valid
1482,2,-2.4752364,valid
1483,2,-2.381168,valid
1484,2,-2.7733579,valid
1485,2,-3.7032063,valid
1486,2,-1.7332556,valid
1487,2,-1.5262296,valid
1488,2,-1.5130379,valid
1489,2,-2.3870354,valid
1490,2,-3.6924605,valid
1491,2,-1.5700979,valid
1492,2,-2.2195609,valid
1493,2,-1.4628562,valid
1494,2,-3.226513,valid
1495,2,-3.0688477,valid
1496,2,-4.0214424,valid
1497,2,-0.6749505,valid
1498,2,-3.10199,valid
1499,2,-2.0911317,valid
1500,2,-1.8829355,valid
1501,2,-1.3788955,valid
1502,2,-2.5319657,valid
1503,2,-1.7985346,valid
1504,2,0.13941549,valid
1505,2,-1.7749536,valid
1506,2,-3.8702989,valid
1507,2,-4.2583914,valid
1508,2,-3.0658448,valid
1509,2,-1.9547021,valid
1510,2,-3.0252657,valid
1511,2,-2.0937214,valid
1512,2,-3.577993,valid
1513,2,-5.4328737,valid
1514,2,-3.2862632,valid
1515,2,-6.5067677,valid
1516,2,1.6048098,valid
1517,2,-0.49724293,valid
1518,2,-2.0369935,valid
1519,2,-1.6868122,valid
1520,2,-4.963038,valid
1521,2,-2.994399,valid
1522,2,-3.0498698,valid
1523,2,-3.7154062,valid
1524,2,-1.8613155,valid
1525,2,-1.7843666,valid
1526,2,-2.1465936,valid
1527,2,-2.862481,valid
1528,2,-1.4585541,valid
1529,2,-0.7185163,valid
1530,2,-4.320593,valid
1531,2,-2.2885904,valid
1532,2,-4.5915184,valid
1533,2,-2.5014074,valid
1534,2,0.1212527,valid
1535,2,-2.3163617,valid
1536,2,-2.3080556,valid
1537,2,-2.1936886,valid
1538,2,-5.163861,valid
1539,2,-1.8733064,valid
1540,2,-3.0465326,valid
1541,2,-0.574996,valid
1542,2,-3.245876,valid
1543,2,0.7031764,valid
1544,2,-0.61722696,valid
1545,2,-3.2964394,valid
1546,2,-4.3662963,valid
1547,2,-3.789632,valid
1548,2,-2.3092752,valid
1549,2,-4.3103676,valid
1550,2,-1.4464927,valid
1551,2,-1.7317555,valid
1552,2,-0.5736112,valid
1553,2,-4.0093837,valid
1554,2,-2.3175461,valid
1555,2,0.31232262,valid
1556,2,-3.61844,valid
1557,2,-1.861911,valid
1558,2,-3.4796941,valid
1559,2,-1.8229437,valid
1560,2,0.44133788,valid
1561,2,-6.365965,valid
1562,2,-1.7328959,valid
1563,2,-3.3090205,valid
1564,2,-2.1618843,valid
1565,2,-2.250266,valid
1566,2,-1.6367939,valid
1567,2,2.7830596,valid
1568,2,-0.5525801,valid
1569,2,-0.17667022,valid
1570,2,-3.0757031,valid
1571,2,0.2443987,valid
1572,2,-4.216939,valid
1573,2,-1.3350399,valid
1574,2,-3.9298434,valid
1575,2,-1.14714,valid
1576,2,-1.1081893,valid
1577,2,-5.3250155,valid
1578,2,-0.6969079,valid
1579,2,-0.45308185,valid
1580,2,0.43912357,valid
1581,2,-1.6120952,valid
1582,2,-2.0180945,valid
1583,2,-2.3947084,valid
1584,2,-2.2144723,valid
1585,2,-5.121315,valid
1586,2,-2.529035,valid
1587,2,-4.4208155,valid
1588,2,-2.6404266,valid
1589,2,-2.5179968,valid
1590,2,-2.6568434,valid
1591,2,-1.0867983,valid
1592,2,-3.0885735,valid
1593,2,-2.7782164,valid
1594,2,0.408417,valid
1595,2,-2.7230518,valid
1596,2,-1.8544273,valid
1597,2,-2.5777993,valid
1598,2,-1.5941995,valid
1599,2,-3.4606025,valid
1600,2,-1.1302202,valid
1601,2,2.0813806,valid
1602,2,-3.683844,valid
1603,2,-4.3421335,valid
1604,2,-1.3878725,valid
1605,2,-8.127186,valid
1606,2,-2.9946716,valid
1607,2,-2.6004875,valid
1608,2,-4.8114347,valid
1609,2,-2.6665316,valid
1610,2,-2.8373823,valid
1611,2,-3.5583196,valid
1612,2,-3.557311,valid
1613,2,-2.7833114,valid
1614,2,-3.8668065,valid
1615,2,-3.426701,valid
1616,2,-2.470212,valid
1617,2,-5.610632,valid
1618,2,-5.162448,valid
1619,2,-3.0300665,valid
1620,2,-3.2867389,valid
1621,2,-1.5370014,valid
1622,2,-2.8212433,valid
1623,2,-0.58621025,valid
1624,2,-5.00074,valid
1625,2,-4.187167,valid
1626,2,-2.2402005,valid
1627,2,-2.6806772,valid
1628,2,-1.7829252,valid
1629,2,-2.9015942,valid
1630,2,-2.0620985,valid
1631,2,-6.088376,valid
1632,2,-1.7862974,valid
1633,2,-2.938861,valid
1634,2,-0.4411857,valid
1635,2,-0.6834877,valid
1636,2,-3.0797725,valid
1637,2,-2.6517637,valid
1638,2,-1.5190889,valid
1639,2,-4.5533185,valid
1640,2,-1.252946,valid
1641,2,-2.849494,valid
1642,2,-2.1659098,valid
1643,2,-3.6699572,valid
1644,2,-2.7219303,valid
1645,2,-3.533463,valid
1646,2,-2.3311577,valid
1647,2,-0.47618937,valid
1648,2,-1.6805842,valid
1649,2,-4.4715147,valid
1650,2,-3.251077,valid
1651,2,-3.9678493,valid
1652,2,-3.6043444,valid
1653,2,-2.7398121,valid
1654,2,-1.9883465,valid
1655,2,-1.0147572,valid
1656,2,-2.6471515,valid
1657,2,-2.9650786,valid
1658,2,-2.6678362,valid
1659,2,-5.2120867,valid
1660,2,-3.0571089,valid
1661,2,-4.1381207,valid
1662,2,-2.3647165,valid
1663,2,-2.5547159,valid
1664,2,-1.9576796,valid
1665,2,-2.2636442,valid
1666,2,-2.143959,valid
1667,2,-6.6949415,valid
1668,2,-4.6949425,valid
1669,2,-6.3531895,valid
1670,2,-2.0194001,valid
1671,2,-0.76770896,valid
1672,2,-2.3500996,valid
1673,2,-0.80398285,valid
1674,2,-4.5198116,valid
1675,2,-6.1832275,valid
1676,2,-0.63568515,valid
1677,2,-1.2688923,valid
1678,2,-5.7240043,valid
1679,2,-1.7875185,valid
1680,2,-5.661628,valid
1681,2,-0.8286397,valid
1682,2,0.8943907,valid
1683,2,-4.0067515,valid
1684,2,-3.095007,valid
1685,2,-5.3026795,valid
1686,2,-6.862365,valid
1687,2,-2.5166483,valid
1688,2,-3.648869,valid
1689,2,-4.40783,valid
1690,2,-1.7045121,valid
1691,2,-5.066835,valid
1692,2,-3.983845,valid
1693,2,-4.243504,valid
1694,2,-1.8453331,valid
1695,2,-5.735939,valid
1696,2,-3.5228999,valid
1697,2,-2.1990595,valid
1698,2,-3.2043278,valid
1699,2,-2.6771262,valid
1700,2,-1.0723032,valid
1701,2,-3.0253088,valid
1702,2,-0.47913277,valid
1703,2,-5.919653,valid
1704,2,-0.23839389,valid
1705,2,-2.2033944,valid
1706,2,-1.9468,valid
1707,2,-2.1228912,valid
1708,2,-1.6357566,valid
1709,2,-3.2406096,valid
1710,2,-3.0687428,valid
1711,2,-1.3489842,valid
1712,2,-2.0545313,valid
1713,2,-0.33827972,valid
1714,2,-2.7535188,valid
1715,2,1.1394658,valid
1716,2,-5.996731,valid
1717,2,-3.9493937,valid
1718,2,-4.933806,valid
1719,2,-2.4756677,valid
1720,2,-2.3775778,valid
1721,2,-2.4927938,valid
1722,2,-2.799073,valid
1723,2,-2.851887,valid
1724,2,-1.2999195,valid
1725,2,-1.7578568,valid
1726,2,-5.556364,valid
1727,2,-2.3507905,valid
1728,2,-1.3859245,valid
1729,2,-1.6367939,valid
1730,2,-1.0294081,valid
1731,2,-3.7901173,valid
1732,2,-2.6639357,valid
1733,2,-1.63023,valid
1734,2,-4.957268,valid
1735,2,-2.166575,valid
1736,2,-2.8064513,valid
1737,2,-3.575619,valid
1738,2,-5.3424387,valid
1739,2,-2.2431464,valid
1740,2,-2.2789185,valid
1741,2,-5.5383077,valid
1742,2,-3.894706,valid
1743,2,-4.058076,valid
1744,2,-0.4705757,valid
1745,2,-3.9799924,valid
1746,2,1.1978333,valid
1747,2,-1.5592511,valid
1748,2,-4.1013675,valid
1749,2,-4.337919,valid
1750,2,-3.4517636,valid
1751,2,-1.04144,valid
1752,2,-6.732361,valid
1753,2,-4.6400175,valid
1754,2,-1.6686934,valid
1755,2,-1.9983827,valid
1756,2,-3.3632076,valid
1757,2,-1.431802,valid
1758,2,-0.31321228,valid
1759,2,-6.2143793,valid
1760,2,-3.4565651,valid
1761,2,-5.036713,valid
1762,2,-2.549155,valid
1763,2,-2.8335419,valid
1764,2,-3.519214,valid
1765,2,-0.21900518,valid
1766,2,-2.3433943,valid
1767,2,-3.1918573,valid
1768,2,-1.4637187,valid
1769,2,-2.9116635,valid
1770,2,-0.8350999,valid
1771,2,-3.478699,valid
1772,2,-2.9288936,valid
1773,2,-1.0920709,valid
1774,2,-3.4049487,valid
1775,2,-3.3347526,valid
1776,2,-2.224272,valid
1777,2,-2.6290705,valid
1778,2,-1.7000597,valid
1779,2,-0.5539357,valid
1780,2,-1.2336749,valid
1781,2,-1.3932614,valid
1782,2,-1.1511539,valid
1783,2,-2.6238706,valid
1784,2,-1.9598283,valid
1785,2,-4.865654,valid
1786,2,-4.3185625,valid
1787,2,-1.5049541,valid
1788,2,-3.772791,valid
1789,2,-5.1134768,valid
1790,2,-1.1837676,valid
1791,2,-4.1288476,valid
1792,2,-3.092813,valid
1793,2,-4.3300366,valid
1794,2,-2.9379885,valid
1795,2,-4.3628993,valid
1796,2,0.6779878,valid
1797,2,0.011128768,valid
1798,2,-3.494999,valid
1799,2,-3.4990656,valid
1800,2,-3.925087,valid
1801,2,-2.8659418,valid
1802,2,-1.5482782,valid
1803,2,-2.1313267,valid
1804,2,-4.0985103,valid
1805,2,-1.309073,valid
1806,2,-2.9570272,valid
1807,2,-2.6557708,valid
1808,2,-1.2995305,valid
1809,2,-1.9458404,valid
1810,2,-1.9356692,valid
1811,2,-2.9118865,valid
1812,2,-2.475593,valid
1813,2,-2.419617,valid
1814,2,-3.281085,valid
1815,2,-5.83241,valid
1816,2,-1.866919,valid
1817,2,-2.3965068,valid
1818,2,-3.6992218,valid
1819,2,-2.69275,valid
1820,2,-2.6036954,valid
1821,2,-6.822522,valid
1822,2,-3.855781,valid
1823,2,-0.8349895,valid
1824,2,-0.36206245,valid
1825,2,-3.9314778,valid
1826,2,-1.742969,valid
1827,2,-5.797788,valid
1828,2,-1.4976262,valid
1829,2,-2.5917687,valid
1830,2,-3.3659558,valid
1831,2,-3.2637699,valid
1832,2,-5.453948,valid
1833,2,-1.2529151,valid
1834,2,-2.6629715,valid
1835,2,-1.4567697,valid
1836,2,-2.411306,valid
1837,2,-1.863107,valid
1838,2,-2.1339273,valid
1839,2,-3.474277,valid
1840,2,-2.2305357,valid
1841,2,-6.1800632,valid
1842,2,-3.7117455,valid
1843,2,-3.3163364,valid
1844,2,-2.7136872,valid
1845,2,-2.8584158,valid
1846,2,-3.241285,valid
1847,2,-3.2519035,valid
1848,2,-5.110034,valid
1849,2,-4.2526283,valid
1850,2,-2.2637076,valid
1851,2,-1.87605,valid
1852,2,-4.149605,valid
1853,2,-3.7620277,valid
1854,2,-0.5897095,valid
1855,2,-2.2253964,valid
1856,2,-1.0033838,valid
1857,2,-1.5571523,valid
1858,2,-0.8006285,valid
1859,2,-3.6273546,valid
1860,2,-4.115399,valid
1861,2,-3.437595,valid
1862,2,1.3090799,valid
1863,2,-3.3776484,valid
1864,2,-1.8662689,valid
1865,2,-2.663354,valid
1866,2,-3.7954285,valid
1867,2,-1.8484565,valid
1868,2,-1.6245126,valid
1869,2,-3.0508118,valid
1870,2,-3.1291275,valid
1871,2,-4.2332006,valid
1872,2,-1.657116,valid
1873,2,-4.9949975,valid
1874,2,-2.905678,valid
1875,2,-1.8829355,valid
1876,2,-2.5853362,valid
1877,2,-2.8822515,valid
1878,2,-8.231136,valid
1879,2,-3.753072,valid
1880,2,-3.0186133,valid
1881,2,-3.4506102,valid
1882,2,-2.2743464,valid
1883,2,-2.957027,valid
1884,2,-3.6532228,valid
1885,2,-1.978944,valid
1886,2,0.70100206,valid
1887,2,-4.5216165,valid
1888,2,-3.7433016,valid
1889,2,-3.9166327,valid
1890,2,-3.0853622,valid
1891,2,-6.525058,valid
1892,2,-3.7125225,valid
1893,2,-0.96107095,valid
1894,2,-2.708574,valid
1895,2,-3.9009233,valid
1896,2,-6.5276546,valid
1897,2,-1.5960783,valid
1898,2,-1.7426555,valid
1899,2,-3.1835685,valid
1900,2,-4.9583473,valid
1901,2,-0.61615485,valid
1902,2,-2.389314,valid
1903,2,-2.5123696,valid
1904,2,-2.8632002,valid
1905,2,-2.0739722,valid
1906,2,-4.2890964,valid
1907,2,-4.767295,valid
1908,2,-2.06308,valid
1909,2,-4.644684,valid
1910,2,-4.8229036,valid
1911,2,-2.891578,valid
1912,2,-2.6290708,valid
1913,2,0.7578141,valid
1914,2,-5.0209117,valid
1915,2,-3.4965065,valid
1916,2,-0.77092165,valid
1917,2,-0.76853186,valid
1918,2,-1.3844084,valid
1919,2,-1.8256621,valid
1920,2,-6.9587517,valid
1921,2,-2.1022496,valid
1922,2,-7.742154,valid
1923,2,-1.7995872,valid
1924,2,-2.1882305,valid
1925,2,-2.3384063,valid
1926,2,0.020285979,valid
1927,2,-0.6569759,valid
1928,2,-2.733601,valid
1929,2,-4.099504,valid
1930,2,-0.43562388,valid
1931,2,-3.764624,valid
1932,2,-0.93886614,valid
1933,2,-1.1593229,valid
1934,2,-4.1489725,valid
1935,2,-0.8144174,valid
1936,2,-2.5751069,valid
1937,2,-6.4803715,valid
1938,2,-7.3430862,valid
1939,2,-1.778995,valid
1940,2,-3.852541,valid
1941,2,-5.097802,valid
1942,2,-1.3199232,valid
1943,2,-3.860811,valid
1944,2,-3.7916036,valid
1945,2,-2.6034436,valid
1946,2,-1.2995307,valid
1947,2,-3.4152112,valid
1948,2,-2.170806,valid
1949,2,-6.240121,valid
1950,2,-4.2051163,valid
1951,2,-2.7764053,valid
1952,2,-1.5559357,valid
1953,2,-6.0310173,valid
1954,2,-2.6269553,valid
1955,2,-0.18506262,valid
1956,2,0.1293008,valid
1957,2,-1.8106701,valid
1958,2,-3.0413632,valid
1959,2,-3.437015,valid
1960,2,-0.49843532,valid
1961,2,-2.4452567,valid
1962,2,-1.6650951,valid
1963,2,-3.8909268,valid
1964,2,-7.313845,valid
1965,2,-3.0777712,valid
1966,2,-2.7702813,valid
1967,2,-2.7885764,valid
1968,2,-2.3324893,valid
1969,2,-3.62888,valid
1970,2,-3.6033373,valid
1971,2,-1.4022958,valid
1972,2,-2.654372,valid
1973,2,-5.196025,valid
1974,2,-4.101612,valid
1975,2,-4.6292453,valid
1976,2,-2.6033406,valid
1977,2,-2.3409014,valid
1978,2,-3.194235,valid
1979,2,-3.547389,valid
1980,2,-1.6868119,valid
1981,2,0.57422227,valid
1982,2,-3.414515,valid
1983,2,-1.183307,valid
1984,2,-3.6986914,valid
1985,2,-2.534874,valid
1986,2,-0.71403486,valid
1987,2,-2.5000224,valid
1988,2,-8.139075,valid
1989,2,-2.9370017,valid
1990,2,-2.6030552,valid
1991,2,-3.0828247,valid
1992,2,-0.71964985,valid
1993,2,-0.49736673,valid
1994,2,-2.8950734,valid
1995,2,-2.335884,valid
1996,3,0.2573584,valid
1997,3,-1.2952237,valid
1998,3,-3.7464902,valid
1999,3,-3.152352,valid
2000,3,-3.345888,valid
2001,3,-3.7154906,valid
2002,3,-2.2626913,valid
2003,3,-3.4379973,valid
2004,3,-2.3243146,valid
2005,3,-3.3396573,valid
2006,3,-3.4033146,valid
2007,3,-4.2828484,valid
2008,3,-3.1332157,valid
2009,3,-3.9717495,valid
2010,3,-2.815798,valid
2011,3,-3.5342126,valid
2012,3,0.24806432,valid
2013,3,1.5274605,valid
2014,3,-2.6098287,valid
2015,3,-3.7323437,valid
2016,3,-0.51409537,valid
2017,3,0.7477321,valid
2018,3,-4.978059,valid
2019,3,-2.1176934,valid
2020,3,-2.5492582,valid
2021,3,-1.720182,valid
2022,3,-3.1460786,valid
2023,3,-1.3951865,valid
2024,3,-2.5965462,valid
2025,3,-2.4574482,valid
2026,3,-1.4890037,valid
2027,3,-0.46399632,valid
2028,3,-3.6312962,valid
2029,3,-1.1129333,valid
2030,3,-2.4033659,valid
2031,3,-5.733825,valid
2032,3,-1.5889661,valid
2033,3,-2.350121,valid
2034,3,-4.2837887,valid
2035,3,-3.0000033,valid
2036,3,-4.6426477,valid
2037,3,2.2224061,valid
2038,3,-1.932694,valid
2039,3,0.7040316,valid
2040,3,-5.1336274,valid
2041,3,-3.9930778,valid
2042,3,-2.7419746,valid
2043,3,1.1029384,valid
2044,3,0.24806418,valid
2045,3,-7.149672,valid
2046,3,-3.1107116,valid
2047,3,-1.5969485,valid
2048,3,-2.1876104,valid
2049,3,-1.0285138,valid
2050,3,-3.353102,valid
2051,3,-5.783305,valid
2052,3,-3.7582376,valid
2053,3,-4.445566,valid
2054,3,-0.590395,valid
2055,3,-1.6355892,valid
2056,3,-1.311096,valid
2057,3,-6.0561304,valid
2058,3,-3.8121345,valid
2059,3,-2.5760906,valid
2060,3,-1.9592607,valid
2061,3,-2.8997388,valid
2062,3,-3.380525,valid
2063,3,-4.732342,valid
2064,3,-2.693124,valid
2065,3,-2.1509557,valid
2066,3,-2.303276,valid
2067,3,-3.6744561,valid
2068,3,-2.4838989,valid
2069,3,1.2148927,valid
2070,3,-3.7978587,valid
2071,3,-3.3577523,valid
2072,3,-4.446988,valid
2073,3,-1.4992332,valid
2074,3,-3.7629566,valid
2075,3,-3.3960614,valid
2076,3,-3.956619,valid
2077,3,-0.96635324,valid
2078,3,-4.9478493,valid
2079,3,-5.288069,valid
2080,3,-3.3521988,valid
2081,3,-1.3060011,valid
2082,3,-5.8549027,valid
2083,3,-2.0756862,valid
2084,3,-2.4442952,valid
2085,3,-3.7043471,valid
2086,3,-2.2297716,valid
2087,3,-3.3058465,valid
2088,3,-2.5070224,valid
2089,3,-3.4019077,valid
2090,3,-0.7328416,valid
2091,3,-1.7325937,valid
2092,3,-5.816595,valid
2093,3,-2.5168197,valid
2094,3,1.4877188,valid
2095,3,-3.0215657,valid
2096,3,0.38736224,valid
2097,3,-0.8861116,valid
2098,3,-4.2367353,valid
2099,3,-3.0488582,valid
2100,3,-5.44224,valid
2101,3,-2.7887185,valid
2102,3,-4.554618,valid
2103,3,-1.0844206,valid
2104,3,-3.1921253,valid
2105,3,-7.345378,valid
2106,3,-2.5169399,valid
2107,3,-3.2651455,valid
2108,3,0.34088698,valid
2109,3,-2.8829303,valid
2110,3,-3.667715,valid
2111,3,-2.4084444,valid
2112,3,-1.7326082,valid
2113,3,-1.5142862,valid
2114,3,0.34236556,valid
2115,3,0.30448407,valid
2116,3,-1.6228344,valid
2117,3,-2.3228998,valid
2118,3,1.1659805,valid
2119,3,-6.7672925,valid
2120,3,-4.7630596,valid
2121,3,-0.13756707,valid
2122,3,-3.9319868,valid
2123,3,-3.0880096,valid
2124,3,-2.4804707,valid
2125,3,-0.56671727,valid
2126,3,-2.0932941,valid
2127,3,-4.450815,valid
2128,3,-5.13125,valid
2129,3,-3.5214782,valid
2130,3,-2.742257,valid
2131,3,-3.3076417,valid
2132,3,1.4739202,valid
2133,3,-3.7233267,valid
2134,3,-0.2277643,valid
2135,3,-1.4019818,valid
2136,3,-3.1527011,valid
2137,3,-3.8533268,valid
2138,3,0.21059237,valid
2139,3,-4.276433,valid
2140,3,-2.6208,valid
2141,3,0.8407071,valid
2142,3,-5.26209,valid
2143,3,-4.311864,valid
2144,3,-2.5484047,valid
2145,3,-1.5430087,valid
2146,3,-2.5592155,valid
2147,3,-0.77181184,valid
2148,3,-4.2546463,valid
2149,3,-3.3237128,valid
2150,3,-1.6662458,valid
2151,3,-2.7082195,valid
2152,3,0.18078977,valid
2153,3,-1.6981807,valid
2154,3,-1.588206,valid
2155,3,-5.9565196,valid
2156,3,0.24806418,valid
2157,3,-1.1658367,valid
2158,3,-2.2656064,valid
2159,3,-2.4735074,valid
2160,3,-1.446026,valid
2161,3,-1.5503923,valid
2162,3,1.3039193,valid
2163,3,-1.6569635,valid
2164,3,-4.314558,valid
2165,3,-4.066927,valid
2166,3,-2.4231591,valid
2167,3,-3.9674785,valid
2168,3,-4.475788,valid
2169,3,-2.2565002,valid
2170,3,-4.653147,valid
2171,3,-4.0431337,valid
2172,3,-2.919619,valid
2173,3,-4.058818,valid
2174,3,-5.369809,valid
2175,3,-1.8345455,valid
2176,3,-3.7868972,valid
2177,3,-2.590186,valid
2178,3,-3.9562554,valid
2179,3,-2.5384727,valid
2180,3,-0.163228,valid
2181,3,-2.4856684,valid
2182,3,-3.0688107,valid
2183,3,-4.3119626,valid
2184,3,-3.1741834,valid
2185,3,-4.567298,valid
2186,3,-3.8310218,valid
2187,3,-2.5425844,valid
2188,3,-6.6957064,valid
2189,3,-3.9563367,valid
2190,3,-6.3266907,valid
2191,3,-0.18607317,valid
2192,3,-3.3099558,valid
2193,3,0.7796203,valid
2194,3,-2.4098573,valid
2195,3,-3.5075262,valid
2196,3,-2.657569,valid
2197,3,-3.5835135,valid
2198,3,-4.2619147,valid
2199,3,-0.92757064,valid
2200,3,-5.1795807,valid
2201,3,-2.782425,valid
2202,3,-3.656954,valid
2203,3,-1.7955773,valid
2204,3,-4.097705,valid
2205,3,-2.3741188,valid
2206,3,-2.3689876,valid
2207,3,-3.481212,valid
2208,3,-3.8421483,valid
2209,3,-4.655464,valid
2210,3,-4.8059335,valid
2211,3,-1.2070479,valid
2212,3,-2.8961987,valid
2213,3,-1.900026,valid
2214,3,-2.7320564,valid
2215,3,0.254165,valid
2216,3,-4.7504067,valid
2217,3,-3.239796,valid
2218,3,0.3190151,valid
2219,3,-6.0717688,valid
2220,3,-1.7806796,valid
2221,3,0.24806426,valid
2222,3,-3.519237,valid
2223,3,-2.280998,valid
2224,3,-2.6908896,valid
2225,3,-1.3402144,valid
2226,3,-2.3322668,valid
2227,3,-3.0995703,valid
2228,3,-3.195834,valid
2229,3,-0.2510029,valid
2230,3,-4.8738556,valid
2231,3,-3.7664838,valid
2232,3,-4.2867966,valid
2233,3,-0.9476504,valid
2234,3,-2.8807104,valid
2235,3,-3.6612663,valid
2236,3,-4.3691964,valid
2237,3,-1.4218913,valid
2238,3,-2.9093926,valid
2239,3,-2.594203,valid
2240,3,-1.6481383,valid
2241,3,-2.1442,valid
2242,3,-3.0515287,valid
2243,3,-4.7228537,valid
2244,3,-3.9142728,valid
2245,3,-2.5062788,valid
2246,3,-7.0568047,valid
2247,3,-3.2034678,valid
2248,3,-1.4244556,valid
2249,3,-1.2482492,valid
2250,3,-6.182524,valid
2251,3,-2.609447,valid
2252,3,-2.953507,valid
2253,3,-4.3294854,valid
2254,3,-2.55501,valid
2255,3,-3.4869404,valid
2256,3,-2.570871,valid
2257,3,-2.4162233,valid
2258,3,-1.0622555,valid
2259,3,-3.6488767,valid
2260,3,-2.6155095,valid
2261,3,1.0170292,valid
2262,3,-2.7874272,valid
2263,3,-0.011847051,valid
2264,3,-5.7495446,valid
2265,3,-6.2844343,valid
2266,3,-3.099607,valid
2267,3,-3.8493822,valid
2268,3,-0.5180479,valid
2269,3,-2.328776,valid
2270,3,-3.5420873,valid
2271,3,-7.0124264,valid
2272,3,-2.834861,valid
2273,3,-2.1379733,valid
2274,3,-4.2171197,valid
2275,3,-4.254714,valid
2276,3,-4.255067,valid
2277,3,0.6509037,valid
2278,3,-1.1310537,valid
2279,3,-4.379082,valid
2280,3,-1.667013,valid
2281,3,-0.30268726,valid
2282,3,-3.6940777,valid
2283,3,-2.6673589,valid
2284,3,-3.7282877,valid
2285,3,-1.1425912,valid
2286,3,-4.3521805,valid
2287,3,-3.7259698,valid
2288,3,-2.5982769,valid
2289,3,0.8518951,valid
2290,3,-4.554606,valid
2291,3,-3.7588756,valid
2292,3,-3.75823,valid
2293,3,-3.5937026,valid
2294,3,0.1166951,valid
2295,3,-3.8935814,valid
2296,3,-3.8239493,valid
2297,3,-3.8655784,valid
2298,3,-1.0508711,valid
2299,3,-5.5159955,valid
2300,3,-1.5700709,valid
2301,3,-2.4876568,valid
2302,3,-2.0058057,valid
2303,3,-2.4713154,valid
2304,3,-5.4330854,valid
2305,3,-6.743259,valid
2306,3,-2.2135887,valid
2307,3,-2.312635,valid
2308,3,-2.9763145,valid
2309,3,-3.1847389,valid
2310,3,-3.8628066,valid
2311,3,-5.2071953,valid
2312,3,-4.6630344,valid
2313,3,-4.6561527,valid
2314,3,-1.392537,valid
2315,3,-4.700052,valid
2316,3,-3.6268358,valid
2317,3,-7.245036,valid
2318,3,-3.3684216,valid
2319,3,-6.358739,valid
2320,3,-1.1206927,valid
2321,3,-1.5711282,valid
2322,3,-6.1705494,valid
2323,3,-2.3402224,valid
2324,3,-3.9861522,valid
2325,3,-4.811204,valid
2326,3,-4.022914,valid
2327,3,-2.6564085,valid
2328,3,0.24806418,valid
2329,3,-1.9689951,valid
2330,3,-3.3865547,valid
2331,3,-0.057638086,valid
2332,3,-3.7805803,valid
2333,3,-3.0297096,valid
2334,3,-1.4002067,valid
2335,3,-2.1702285,valid
2336,3,-1.506717,valid
2337,3,-3.2623143,valid
2338,3,-3.4175704,valid
2339,3,-7.392981,valid
2340,3,-3.9982455,valid
2341,3,-1.691073,valid
2342,3,-5.332754,valid
2343,3,-2.810238,valid
2344,3,-2.9901025,valid
2345,3,-3.80442,valid
2346,3,-2.4782434,valid
2347,3,-3.908042,valid
2348,3,-4.876112,valid
2349,3,-4.557529,valid
2350,3,-2.9193537,valid
2351,3,-1.6690094,valid
2352,3,0.17905758,valid
2353,3,-2.1864984,valid
2354,3,-3.3652258,valid
2355,3,-0.8211198,valid
2356,3,-0.8762442,valid
2357,3,-4.0431337,valid
2358,3,-0.1870388,valid
2359,3,0.24806418,valid
2360,3,-2.3721378,valid
2361,3,-0.781865,valid
2362,3,-1.1830611,valid
2363,3,0.13883898,valid
2364,3,-2.6893125,valid
2365,3,-7.0649395,valid
2366,3,-2.194316,valid
2367,3,-4.1538353,valid
2368,3,-3.000489,valid
2369,3,-8.779633,valid
2370,3,-8.482728,valid
2371,3,-2.9941769,valid
2372,3,-4.2995243,valid
2373,3,-3.0618815,valid
2374,3,-2.5960994,valid
2375,3,-0.05795116,valid
2376,3,-3.0538707,valid
2377,3,-4.237696,valid
2378,3,-1.4745505,valid
2379,3,-3.1904871,valid
2380,3,-1.5758332,valid
2381,3,-4.823645,valid
2382,3,-3.9158103,valid
2383,3,-7.9818244,valid
2384,3,-2.8613074,valid
2385,3,-5.9756317,valid
2386,3,-2.9176152,valid
2387,3,-4.2042227,valid
2388,3,-1.4126711,valid
2389,3,-2.460246,valid
2390,3,-0.72564334,valid
2391,3,-3.3667207,valid
2392,3,-1.8500955,valid
2393,3,-1.9854116,valid
2394,3,-3.5046997,valid
2395,3,-5.9225607,valid
2396,3,-2.7539122,valid
2397,3,-3.4731255,valid
2398,3,-2.9734282,valid
2399,3,-2.6717784,valid
2400,3,-3.8395379,valid
2401,3,-0.17081717,valid
2402,3,-5.6709003,valid
2403,3,-4.2515574,valid
2404,3,-4.0394697,valid
2405,3,-2.0647328,valid
2406,3,-0.26971632,valid
2407,3,-0.6970931,valid
2408,3,-2.526358,valid
2409,3,-1.8884455,valid
2410,3,-2.0040922,valid
2411,3,-2.2610638,valid
2412,3,-1.6483525,valid
2413,3,-3.4612913,valid
2414,3,-0.55990815,valid
2415,3,-2.791895,valid
2416,3,0.24806426,valid
2417,3,-2.249354,valid
2418,3,-0.93647623,valid
2419,3,-2.235485,valid
2420,3,-4.839637,valid
2421,3,-3.8203208,valid
2422,3,-2.6778698,valid
2423,3,-3.2874265,valid
2424,3,-2.9569094,valid
2425,3,-2.5977757,valid
2426,3,-0.6015014,valid
2427,3,-1.6655532,valid
2428,3,-2.107851,valid
2429,3,-3.7681987,valid
2430,3,-5.2269545,valid
2431,3,-3.2013016,valid
2432,3,-4.583704,valid
2433,3,-5.4883566,valid
2434,3,0.24806418,valid
2435,3,-3.9634955,valid
2436,3,-6.5624247,valid
2437,3,-4.920141,valid
2438,3,-3.227516,valid
2439,3,-1.0440681,valid
2440,3,-0.8989998,valid
2441,3,-6.946611,valid
2442,3,0.85660017,valid
2443,3,-6.884913,valid
2444,3,-3.285551,valid
2445,3,-1.4984744,valid
2446,3,-1.7682589,valid
2447,3,-4.0924244,valid
2448,3,-3.2147903,valid
2449,3,0.291647,valid
2450,3,-3.197829,valid
2451,3,2.0543087,valid
2452,3,-1.7662147,valid
2453,3,-2.8460224,valid
2454,3,-3.3235297,valid
2455,3,-4.065723,valid
2456,3,-0.8061228,valid
2457,3,-3.5600243,valid
2458,3,-2.8148558,valid
2459,3,-2.9597902,valid
2460,3,-2.887104,valid
2461,3,-3.452062,valid
2462,3,-1.8662827,valid
2463,3,-1.8386065,valid
2464,3,-3.1044252,valid
2465,3,-3.3513718,valid
2466,3,-5.885943,valid
2467,3,-4.905579,valid
2468,3,-3.1868453,valid
2469,3,-1.6905161,valid
2470,3,-3.6243646,valid
2471,3,-4.569792,valid
2472,3,-3.4881797,valid
2473,3,-6.3658977,valid
2474,3,-2.1313586,valid
2475,3,-1.5575935,valid
2476,3,-2.2351723,valid
2477,3,-3.406704,valid
2478,3,-3.2505383,valid
2479,3,-3.2553172,valid
2480,3,-2.8992238,valid
2481,3,-2.577557,valid
2482,3,-3.0860147,valid
2483,3,-4.0194287,valid
2484,3,-2.1689441,valid
2485,3,-2.0881186,valid
2486,3,-1.6373655,valid
2487,3,-3.1288295,valid
2488,3,-4.0207396,valid
2489,3,-0.7778379,valid
2490,3,-2.591629,valid
2491,3,-1.9136283,valid
2492,3,-2.8262732,valid
2493,3,-3.6036997,valid
2494,3,-4.5407267,valid
2495,3,-0.7510576,valid
2496,3,-3.284496,valid
2497,3,-2.4292111,valid
2498,3,-2.3515754,valid
2499,3,-1.499137,valid
2500,3,-2.9255486,valid
2501,3,-2.5004597,valid
2502,3,0.33512712,valid
2503,3,-2.292688,valid
2504,3,-4.2673864,valid
2505,3,-4.8899927,valid
2506,3,-2.7771454,valid
2507,3,-2.1572843,valid
2508,3,-3.6999335,valid
2509,3,-2.0475392,valid
2510,3,-4.0156226,valid
2511,3,-5.634781,valid
2512,3,-3.7529144,valid
2513,3,-6.60096,valid
2514,3,1.0999645,valid
2515,3,0.17174877,valid
2516,3,-2.3889446,valid
2517,3,-3.163072,valid
2518,3,-5.0725436,valid
2519,3,-2.8268375,valid
2520,3,-3.3631818,valid
2521,3,-3.503888,valid
2522,3,-3.3912315,valid
2523,3,-1.8094069,valid
2524,3,-2.3646605,valid
2525,3,-2.7802396,valid
2526,3,-1.7741228,valid
2527,3,-0.6619801,valid
2528,3,-4.5479546,valid
2529,3,-2.2952652,valid
2530,3,-4.13412,valid
2531,3,-3.0464177,valid
2532,3,-0.11887521,valid
2533,3,-2.4129333,valid
2534,3,-2.7913918,valid
2535,3,-2.6499512,valid
2536,3,-5.052366,valid
2537,3,-1.9182912,valid
2538,3,-3.0641212,valid
2539,3,-0.6874119,valid
2540,3,-3.4528017,valid
2541,3,0.7229479,valid
2542,3,-0.6430642,valid
2543,3,-3.8250098,valid
2544,3,-4.729821,valid
2545,3,-4.2472878,valid
2546,3,-2.344962,valid
2547,3,-4.4582725,valid
2548,3,-1.6672115,valid
2549,3,-2.3565001,valid
2550,3,-0.4791147,valid
2551,3,-3.8951867,valid
2552,3,-2.3396926,valid
2553,3,0.25994068,valid
2554,3,-4.1452413,valid
2555,3,-2.424751,valid
2556,3,-3.8096366,valid
2557,3,-1.9806732,valid
2558,3,0.32859704,valid
2559,3,-6.615909,valid
2560,3,-2.2036774,valid
2561,3,-3.4671807,valid
2562,3,-2.3258035,valid
2563,3,-2.992658,valid
2564,3,-1.4930638,valid
2565,3,2.6742651,valid
2566,3,-1.0825865,valid
2567,3,-1.0608902,valid
2568,3,-3.271781,valid
2569,3,0.4124611,valid
2570,3,-4.4780903,valid
2571,3,-1.3036579,valid
2572,3,-4.720631,valid
2573,3,-1.8655081,valid
2574,3,-1.035823,valid
2575,3,-5.104353,valid
2576,3,-0.51210785,valid
2577,3,-0.37934107,valid
2578,3,-0.29340768,valid
2579,3,-1.7955651,valid
2580,3,-1.8801899,valid
2581,3,-3.0131903,valid
2582,3,-2.5887654,valid
2583,3,-5.362292,valid
2584,3,-2.943305,valid
2585,3,-4.4607,valid
2586,3,-3.2128177,valid
2587,3,-2.866352,valid
2588,3,-1.9623123,valid
2589,3,-0.78162324,valid
2590,3,-3.6098616,valid
2591,3,-2.8423269,valid
2592,3,0.8506412,valid
2593,3,-3.4166389,valid
2594,3,-1.7322232,valid
2595,3,-3.0613992,valid
2596,3,-2.092307,valid
2597,3,-4.0376525,valid
2598,3,-0.6606312,valid
2599,3,1.3039193,valid
2600,3,-4.2636905,valid
2601,3,-4.223386,valid
2602,3,-1.768937,valid
2603,3,-8.223525,valid
2604,3,-3.512806,valid
2605,3,-2.7712755,valid
2606,3,-4.8687143,valid
2607,3,-3.05384,valid
2608,3,-2.8613014,valid
2609,3,-4.215965,valid
2610,3,-3.7487833,valid
2611,3,-2.9715624,valid
2612,3,-3.973963,valid
2613,3,-4.4894004,valid
2614,3,-2.663547,valid
2615,3,-5.6034017,valid
2616,3,-5.080784,valid
2617,3,-3.3232622,valid
2618,3,-3.6291926,valid
2619,3,-1.8735871,valid
2620,3,-3.182703,valid
2621,3,-1.092116,valid
2622,3,-4.9554243,valid
2623,3,-4.487358,valid
2624,3,-2.6911266,valid
2625,3,-2.8233314,valid
2626,3,-1.8797882,valid
2627,3,-3.6991637,valid
2628,3,-3.0272756,valid
2629,3,-6.073868,valid
2630,3,-1.9508438,valid
2631,3,-3.0343857,valid
2632,3,0.2596356,valid
2633,3,-0.86336714,valid
2634,3,-3.1906934,valid
2635,3,-2.603939,valid
2636,3,-1.8356746,valid
2637,3,-4.711441,valid
2638,3,-1.4876984,valid
2639,3,-2.9977412,valid
2640,3,-2.2809978,valid
2641,3,-4.1782503,valid
2642,3,-3.5624526,valid
2643,3,-3.9041,valid
2644,3,-2.736136,valid
2645,3,-0.4962439,valid
2646,3,-2.0715358,valid
2647,3,-3.970731,valid
2648,3,-3.9952939,valid
2649,3,-4.154029,valid
2650,3,-4.054672,valid
2651,3,-3.358849,valid
2652,3,-2.1713614,valid
2653,3,-0.3565354,valid
2654,3,-3.073208,valid
2655,3,-3.0236251,valid
2656,3,-3.1887734,valid
2657,3,-5.0016108,valid
2658,3,-3.5648847,valid
2659,3,-4.6269274,valid
2660,3,-2.7264452,valid
2661,3,-3.1117516,valid
2662,3,-1.9913998,valid
2663,3,-2.4114466,valid
2664,3,-2.0235136,valid
2665,3,-6.170385,valid
2666,3,-5.0132694,valid
2667,3,-6.3769884,valid
2668,3,-2.2951856,valid
2669,3,-0.45119685,valid
2670,3,-2.652008,valid
2671,3,-1.2016267,valid
2672,3,-5.287612,valid
2673,3,-6.1930456,valid
2674,3,-0.6223594,valid
2675,3,-1.7778023,valid
2676,3,-5.7601995,valid
2677,3,-1.485242,valid
2678,3,-5.864688,valid
2679,3,-1.0934702,valid
2680,3,1.349979,valid
2681,3,-4.23913,valid
2682,3,-2.8618116,valid
2683,3,-5.8111157,valid
2684,3,-7.129417,valid
2685,3,-2.8676362,valid
2686,3,-4.023344,valid
2687,3,-4.5802784,valid
2688,3,-2.133024,valid
2689,3,-4.793934,valid
2690,3,-3.7894478,valid
2691,3,-4.4740124,valid
2692,3,-2.27309,valid
2693,3,-5.4488277,valid
2694,3,-4.1447945,valid
2695,3,-2.706206,valid
2696,3,-3.461863,valid
2697,3,-3.0108852,valid
2698,3,-1.5738504,valid
2699,3,-3.5017946,valid
2700,3,-0.5167505,valid
2701,3,-6.095375,valid
2702,3,-0.71735495,valid
2703,3,-2.6126437,valid
2704,3,-2.1612122,valid
2705,3,-2.7692347,valid
2706,3,-1.9240166,valid
2707,3,-3.7387419,valid
2708,3,-3.8391168,valid
2709,3,-1.3749399,valid
2710,3,-1.8501354,valid
2711,3,-0.8185461,valid
2712,3,-3.0843198,valid
2713,3,1.4130846,valid
2714,3,-5.9691367,valid
2715,3,-4.511508,valid
2716,3,-6.112983,valid
2717,3,-2.6981537,valid
2718,3,-2.7742112,valid
2719,3,-2.9148269,valid
2720,3,-3.3658361,valid
2721,3,-3.3288436,valid
2722,3,-1.4221023,valid
2723,3,-1.6239895,valid
2724,3,-5.5759974,valid
2725,3,-2.349318,valid
2726,3,-1.6124327,valid
2727,3,-1.4930638,valid
2728,3,-1.0861549,valid
2729,3,-4.245907,valid
2730,3,-2.361676,valid
2731,3,-1.5642396,valid
2732,3,-4.998682,valid
2733,3,-2.0480547,valid
2734,3,-3.5841498,valid
2735,3,-3.9562645,valid
2736,3,-5.4840727,valid
2737,3,-2.436077,valid
2738,3,-2.4216943,valid
2739,3,-5.6765146,valid
2740,3,-4.1053267,valid
2741,3,-4.022607,valid
2742,3,-1.0645591,valid
2743,3,-4.24377,valid
2744,3,0.92622304,valid
2745,3,-1.9510921,valid
2746,3,-4.6466093,valid
2747,3,-4.428033,valid
2748,3,-3.2379336,valid
2749,3,-1.1850139,valid
2750,3,-6.8983603,valid
2751,3,-5.2167654,valid
2752,3,-2.1509378,valid
2753,3,-2.4116905,valid
2754,3,-4.064737,valid
2755,3,-1.5738237,valid
2756,3,-0.45669895,valid
2757,3,-5.884245,valid
2758,3,-3.4218462,valid
2759,3,-5.690755,valid
2760,3,-2.7699087,valid
2761,3,-3.1933947,valid
2762,3,-4.0107346,valid
2763,3,0.15381423,valid
2764,3,-2.6606345,valid
2765,3,-3.2595196,valid
2766,3,-1.6090462,valid
2767,3,-2.186318,valid
2768,3,-0.8364799,valid
2769,3,-3.9905608,valid
2770,3,-3.3530028,valid
2771,3,-1.2253991,valid
2772,3,-3.6481051,valid
2773,3,-3.7697024,valid
2774,3,-2.6701345,valid
2775,3,-3.0239449,valid
2776,3,-1.9578027,valid
2777,3,-0.45703626,valid
2778,3,-0.6852958,valid
2779,3,-1.7255951,valid
2780,3,-1.1193111,valid
2781,3,-3.0277522,valid
2782,3,-1.7337345,valid
2783,3,-5.578558,valid
2784,3,-4.2632494,valid
2785,3,-1.8557945,valid
2786,3,-4.718984,valid
2787,3,-5.5609026,valid
2788,3,-1.55487,valid
2789,3,-4.3172903,valid
2790,3,-3.659568,valid
2791,3,-4.814019,valid
2792,3,-3.385203,valid
2793,3,-4.4425015,valid
2794,3,0.65916157,valid
2795,3,-0.0770104,valid
2796,3,-3.8293076,valid
2797,3,-4.124041,valid
2798,3,-4.5064583,valid
2799,3,-3.3095784,valid
2800,3,-1.4822811,valid
2801,3,-2.1196551,valid
2802,3,-4.7896547,valid
2803,3,-2.0702567,valid
2804,3,-3.0098324,valid
2805,3,-2.9643419,valid
2806,3,-1.5098206,valid
2807,3,-2.4405928,valid
2808,3,-2.5371895,valid
2809,3,-3.4940572,valid
2810,3,-2.5375454,valid
2811,3,-2.3796413,valid
2812,3,-3.351416,valid
2813,3,-5.875984,valid
2814,3,-2.386056,valid
2815,3,-2.5140443,valid
2816,3,-3.360183,valid
2817,3,-2.9896803,valid
2818,3,-3.0333834,valid
2819,3,-6.8244944,valid
2820,3,-4.8218737,valid
2821,3,-1.0762624,valid
2822,3,-0.50951153,valid
2823,3,-4.0742016,valid
2824,3,-2.0672803,valid
2825,3,-5.983867,valid
2826,3,-1.4986972,valid
2827,3,-3.134783,valid
2828,3,-3.7108674,valid
2829,3,-3.5488176,valid
2830,3,-5.6180763,valid
2831,3,-1.4991457,valid
2832,3,-3.6419218,valid
2833,3,-1.5389224,valid
2834,3,-2.6592464,valid
2835,3,-2.2791176,valid
2836,3,-2.726711,valid
2837,3,-4.0545683,valid
2838,3,-2.7438517,valid
2839,3,-6.2297735,valid
2840,3,-3.9663978,valid
2841,3,-3.7300303,valid
2842,3,-2.8889387,valid
2843,3,-3.6486895,valid
2844,3,-3.9109647,valid
2845,3,-3.391813,valid
2846,3,-5.155402,valid
2847,3,-4.2392874,valid
2848,3,-1.8996851,valid
2849,3,-1.9195062,valid
2850,3,-4.5411415,valid
2851,3,-4.449126,valid
2852,3,-0.56654525,valid
2853,3,-2.8719845,valid
2854,3,-1.2102479,valid
2855,3,-2.2247324,valid
2856,3,-0.94570524,valid
2857,3,-4.568028,valid
2858,3,-4.522794,valid
2859,3,-3.6050246,valid
2860,3,1.1177142,valid
2861,3,-4.016826,valid
2862,3,-2.4208627,valid
2863,3,-3.2943635,valid
2864,3,-4.2232604,valid
2865,3,-1.7011548,valid
2866,3,-2.5388887,valid
2867,3,-3.3050888,valid
2868,3,-3.9470067,valid
2869,3,-4.7106004,valid
2870,3,-1.9977876,valid
2871,3,-4.82325,valid
2872,3,-3.6678274,valid
2873,3,-2.3515754,valid
2874,3,-2.9796748,valid
2875,3,-3.4795058,valid
2876,3,-8.171325,valid
2877,3,-4.4247293,valid
2878,3,-3.1936224,valid
2879,3,-3.509988,valid
2880,3,-2.6620212,valid
2881,3,-3.0098321,valid
2882,3,-4.137284,valid
2883,3,-2.1367397,valid
2884,3,1.0900525,valid
2885,3,-5.099476,valid
2886,3,-4.340868,valid
2887,3,-3.9574351,valid
2888,3,-3.6847901,valid
2889,3,-6.871964,valid
2890,3,-3.3211293,valid
2891,3,-1.3434114,valid
2892,3,-3.1336336,valid
2893,3,-4.4698615,valid
2894,3,-6.8749022,valid
2895,3,-1.5428792,valid
2896,3,-1.5962896,valid
2897,3,-3.5221703,valid
2898,3,-4.672117,valid
2899,3,-1.0089916,valid
2900,3,-1.9728146,valid
2901,3,-3.3576088,valid
2902,3,-3.299556,valid
2903,3,-2.3874724,valid
2904,3,-4.3034143,valid
2905,3,-5.13678,valid
2906,3,-2.5025315,valid
2907,3,-4.934914,valid
2908,3,-5.156378,valid
2909,3,-3.3288555,valid
2910,3,-3.0239449,valid
2911,3,0.7585765,valid
2912,3,-5.221448,valid
2913,3,-4.023317,valid
2914,3,-0.9563684,valid
2915,3,-1.0702454,valid
2916,3,-1.5588022,valid
2917,3,-2.3071651,valid
2918,3,-6.9190145,valid
2919,3,-2.7209635,valid
2920,3,-7.642196,valid
2921,3,-1.7238724,valid
2922,3,-2.617826,valid
2923,3,-2.0637648,valid
2924,3,0.24806418,valid
2925,3,-1.1134195,valid
2926,3,-3.4462173,valid
2927,3,-4.283759,valid
2928,3,-0.35681427,valid
2929,3,-3.9696093,valid
2930,3,-1.468721,valid
2931,3,-1.779462,valid
2932,3,-4.3101397,valid
2933,3,-1.4277321,valid
2934,3,-2.936557,valid
2935,3,-6.6853485,valid
2936,3,-7.3063602,valid
2937,3,-2.2985637,valid
2938,3,-3.8881192,valid
2939,3,-5.3273306,valid
2940,3,-1.8412341,valid
2941,3,-4.2261295,valid
2942,3,-4.0778255,valid
2943,3,-2.7867966,valid
2944,3,-1.5098205,valid
2945,3,-3.4458153,valid
2946,3,-2.748447,valid
2947,3,-6.4201727,valid
2948,3,-4.849186,valid
2949,3,-3.1114175,valid
2950,3,-2.1330495,valid
2951,3,-6.2896585,valid
2952,3,-3.2689247,valid
2953,3,-0.05489414,valid
2954,3,0.28452474,valid
2955,3,-1.7853063,valid
2956,3,-3.5207956,valid
2957,3,-3.6506186,valid
2958,3,-1.0716413,valid
2959,3,-2.2553082,valid
2960,3,-1.6776034,valid
2961,3,-4.2117,valid
2962,3,-7.4814024,valid
2963,3,-3.559474,valid
2964,3,-2.9236755,valid
2965,3,-3.4437945,valid
2966,3,-2.8072724,valid
2967,3,-3.941616,valid
2968,3,-3.8839748,valid
2969,3,-2.5945497,valid
2970,3,-2.9093492,valid
2971,3,-5.369003,valid
2972,3,-4.6511264,valid
2973,3,-4.8044424,valid
2974,3,-3.0939467,valid
2975,3,-2.5654707,valid
2976,3,-3.1515093,valid
2977,3,-3.2334044,valid
2978,3,-3.163072,valid
2979,3,0.5211334,valid
2980,3,-3.9388647,valid
2981,3,-1.3143526,valid
2982,3,-4.3920956,valid
2983,3,-2.970871,valid
2984,3,-0.82241166,valid
2985,3,-3.1810641,valid
2986,3,-8.046099,valid
2987,3,-3.0955508,valid
2988,3,-2.6971045,valid
2989,3,-3.2645967,valid
2990,3,-1.3254412,valid
2991,3,-0.6114364,valid
2992,3,-3.2514741,valid
2993,3,-2.245735,valid
2994,4,0.33006793,valid
2995,4,-1.1886659,valid
2996,4,-4.14342,valid
2997,4,-3.1679955,valid
2998,4,-3.635225,valid
2999,4,-4.0795317,valid
3000,4,-2.3480873,valid
3001,4,-3.6799836,valid
3002,4,-2.4510179,valid
3003,4,-3.8460228,valid
3004,4,-3.8575485,valid
3005,4,-4.813564,valid
3006,4,-3.2100983,valid
3007,4,-4.0495462,valid
3008,4,-2.790571,valid
3009,4,-3.5863557,valid
3010,4,0.4796504,valid
3011,4,1.6137383,valid
3012,4,-2.5691464,valid
3013,4,-3.7525067,valid
3014,4,0.14164391,valid
3015,4,0.79321176,valid
3016,4,-4.8630514,valid
3017,4,-2.3266652,valid
3018,4,-2.4778686,valid
3019,4,-1.7010866,valid
3020,4,-3.7438183,valid
3021,4,-1.8922434,valid
3022,4,-2.6099133,valid
3023,4,-2.2932012,valid
3024,4,-1.5392869,valid
3025,4,-0.37003455,valid
3026,4,-3.7220259,valid
3027,4,-1.1695976,valid
3028,4,-2.41691,valid
3029,4,-6.5016623,valid
3030,4,-1.7813387,valid
3031,4,-2.3049622,valid
3032,4,-4.4911027,valid
3033,4,-3.044936,valid
3034,4,-5.3390927,valid
3035,4,2.2531457,valid
3036,4,-2.6783285,valid
3037,4,0.8245136,valid
3038,4,-5.4689918,valid
3039,4,-4.4825315,valid
3040,4,-2.7454512,valid
3041,4,0.7247758,valid
3042,4,0.4796503,valid
3043,4,-7.430352,valid
3044,4,-3.2868733,valid
3045,4,-1.446683,valid
3046,4,-2.4178138,valid
3047,4,-1.0771217,valid
3048,4,-3.7007694,valid
3049,4,-6.0398912,valid
3050,4,-3.9359078,valid
3051,4,-4.6552076,valid
3052,4,-0.2410256,valid
3053,4,-1.7032459,valid
3054,4,-1.3258429,valid
3055,4,-7.0501976,valid
3056,4,-4.0287843,valid
3057,4,-2.9208946,valid
3058,4,-1.9193285,valid
3059,4,-2.8426166,valid
3060,4,-3.9606633,valid
3061,4,-5.208837,valid
3062,4,-3.06258,valid
3063,4,-2.355722,valid
3064,4,-2.0249753,valid
3065,4,-3.9863977,valid
3066,4,-2.362121,valid
3067,4,1.3191019,valid
3068,4,-4.1876955,valid
3069,4,-3.7691374,valid
3070,4,-4.5419617,valid
3071,4,-1.301955,valid
3072,4,-3.982497,valid
3073,4,-3.5517764,valid
3074,4,-3.9903882,valid
3075,4,-0.9916221,valid
3076,4,-5.7338743,valid
3077,4,-5.3270006,valid
3078,4,-3.5205383,valid
3079,4,-0.64172125,valid
3080,4,-6.149307,valid
3081,4,-2.0965552,valid
3082,4,-2.3996243,valid
3083,4,-3.889657,valid
3084,4,-2.4456677,valid
3085,4,-3.6671267,valid
3086,4,-2.8733997,valid
3087,4,-3.966197,valid
3088,4,-0.98715943,valid
3089,4,-1.2257262,valid
3090,4,-5.929647,valid
3091,4,-2.6567955,valid
3092,4,1.8224596,valid
3093,4,-3.0499556,valid
3094,4,0.05737426,valid
3095,4,-0.833179,valid
3096,4,-4.2693033,valid
3097,4,-3.0945482,valid
3098,4,-6.247317,valid
3099,4,-3.5975285,valid
3100,4,-4.4467783,valid
3101,4,-0.8442503,valid
3102,4,-3.7810075,valid
3103,4,-7.458437,valid
3104,4,-2.8226998,valid
3105,4,-3.6572187,valid
3106,4,0.716683,valid
3107,4,-2.9067159,valid
3108,4,-4.132745,valid
3109,4,-2.7775865,valid
3110,4,-1.9820863,valid
3111,4,-1.6339396,valid
3112,4,0.5854906,valid
3113,4,0.37885857,valid
3114,4,-1.2260432,valid
3115,4,-2.5507984,valid
3116,4,1.1303701,valid
3117,4,-6.88217,valid
3118,4,-5.128084,valid
3119,4,0.296294,valid
3120,4,-4.2643642,valid
3121,4,-3.6695027,valid
3122,4,-2.784336,valid
3123,4,-0.5864384,valid
3124,4,-1.8322175,valid
3125,4,-4.9745975,valid
3126,4,-5.639812,valid
3127,4,-3.6113555,valid
3128,4,-2.731823,valid
3129,4,-3.3716748,valid
3130,4,1.5558496,valid
3131,4,-4.18756,valid
3132,4,0.017856091,valid
3133,4,-1.4569227,valid
3134,4,-3.2946262,valid
3135,4,-4.4789953,valid
3136,4,0.12011116,valid
3137,4,-4.6297007,valid
3138,4,-2.8309362,valid
3139,4,0.8420019,valid
3140,4,-5.5321236,valid
3141,4,-4.8992343,valid
3142,4,-2.8140063,valid
3143,4,-1.2676771,valid
3144,4,-2.5766253,valid
3145,4,-0.74527735,valid
3146,4,-4.7301946,valid
3147,4,-3.448575,valid
3148,4,-1.3971426,valid
3149,4,-2.9091392,valid
3150,4,0.1255444,valid
3151,4,-1.3129278,valid
3152,4,-1.9493885,valid
3153,4,-6.2641153,valid
3154,4,0.4796503,valid
3155,4,-0.81262004,valid
3156,4,-2.4551277,valid
3157,4,-2.5706525,valid
3158,4,-1.2709223,valid
3159,4,-1.4519467,valid
3160,4,1.1454711,valid
3161,4,-1.3897333,valid
3162,4,-4.8591022,valid
3163,4,-4.517586,valid
3164,4,-2.2721946,valid
3165,4,-4.269741,valid
3166,4,-4.853401,valid
3167,4,-2.5745146,valid
3168,4,-5.006147,valid
3169,4,-4.3271413,valid
3170,4,-2.9930136,valid
3171,4,-4.670759,valid
3172,4,-5.9439664,valid
3173,4,-1.7975771,valid
3174,4,-4.315123,valid
3175,4,-2.9810433,valid
3176,4,-4.093232,valid
3177,4,-2.7097664,valid
3178,4,0.32673332,valid
3179,4,-2.7169313,valid
3180,4,-3.3674014,valid
3181,4,-4.819695,valid
3182,4,-3.5648413,valid
3183,4,-4.5824046,valid
3184,4,-4.23409,valid
3185,4,-2.6450958,valid
3186,4,-7.1270766,valid
3187,4,-4.4956903,valid
3188,4,-7.3103266,valid
3189,4,-0.06799189,valid
3190,4,-3.6508515,valid
3191,4,0.9912696,valid
3192,4,-2.408063,valid
3193,4,-4.1176023,valid
3194,4,-2.443221,valid
3195,4,-4.1443157,valid
3196,4,-4.817757,valid
3197,4,-0.5233598,valid
3198,4,-5.489974,valid
3199,4,-2.8922296,valid
3200,4,-3.7290149,valid
3201,4,-1.7159147,valid
3202,4,-4.256656,valid
3203,4,-2.684338,valid
3204,4,-2.4486792,valid
3205,4,-3.7205424,valid
3206,4,-3.9222589,valid
3207,4,-5.347273,valid
3208,4,-4.7714987,valid
3209,4,-0.9539755,valid
3210,4,-3.0395088,valid
3211,4,-2.0043106,valid
3212,4,-2.7476985,valid
3213,4,0.41046712,valid
3214,4,-4.5856733,valid
3215,4,-3.4196072,valid
3216,4,0.43614173,valid
3217,4,-5.8004007,valid
3218,4,-2.0556684,valid
3219,4,0.47965035,valid
3220,4,-4.1768184,valid
3221,4,-1.9088916,valid
3222,4,-2.7738445,valid
3223,4,-0.9892627,valid
3224,4,-2.3516088,valid
3225,4,-3.5196507,valid
3226,4,-3.524577,valid
3227,4,-0.66913915,valid
3228,4,-5.084405,valid
3229,4,-4.063125,valid
3230,4,-4.631862,valid
3231,4,-0.43350026,valid
3232,4,-3.1009312,valid
3233,4,-3.5499585,valid
3234,4,-4.995618,valid
3235,4,-1.9024725,valid
3236,4,-3.0546396,valid
3237,4,-3.1077929,valid
3238,4,-1.8534281,valid
3239,4,-2.3695145,valid
3240,4,-3.218021,valid
3241,4,-4.7823086,valid
3242,4,-4.192116,valid
3243,4,-2.7716184,valid
3244,4,-7.3068433,valid
3245,4,-3.2571392,valid
3246,4,-1.1830513,valid
3247,4,-1.1375589,valid
3248,4,-7.152789,valid
3249,4,-2.486917,valid
3250,4,-3.0546067,valid
3251,4,-4.377757,valid
3252,4,-2.6571875,valid
3253,4,-3.8211346,valid
3254,4,-2.3984683,valid
3255,4,-2.510538,valid
3256,4,-1.310827,valid
3257,4,-3.767015,valid
3258,4,-2.619155,valid
3259,4,0.99531364,valid
3260,4,-3.1425536,valid
3261,4,0.26893142,valid
3262,4,-6.617096,valid
3263,4,-7.359302,valid
3264,4,-3.3919559,valid
3265,4,-4.232814,valid
3266,4,-0.47261223,valid
3267,4,-2.1077514,valid
3268,4,-3.681801,valid
3269,4,-8.216795,valid
3270,4,-3.170997,valid
3271,4,-2.3753002,valid
3272,4,-4.586378,valid
3273,4,-4.6688685,valid
3274,4,-4.667238,valid
3275,4,0.93585217,valid
3276,4,-0.91033,valid
3277,4,-4.8881073,valid
3278,4,-1.309512,valid
3279,4,-0.013774242,valid
3280,4,-3.8086863,valid
3281,4,-2.864318,valid
3282,4,-4.038488,valid
3283,4,-0.5212827,valid
3284,4,-4.6216936,valid
3285,4,-3.71554,valid
3286,4,-2.7942915,valid
3287,4,1.1582006,valid
3288,4,-5.020687,valid
3289,4,-4.0269547,valid
3290,4,-4.264615,valid
3291,4,-3.8835473,valid
3292,4,0.2077932,valid
3293,4,-4.242826,valid
3294,4,-3.9404218,valid
3295,4,-4.4825478,valid
3296,4,-0.8906058,valid
3297,4,-6.3498454,valid
3298,4,-1.5742071,valid
3299,4,-2.3296266,valid
3300,4,-2.0536776,valid
3301,4,-2.946464,valid
3302,4,-5.895385,valid
3303,4,-6.874579,valid
3304,4,-2.4281206,valid
3305,4,-2.3462813,valid
3306,4,-2.728249,valid
3307,4,-3.0453215,valid
3308,4,-4.232499,valid
3309,4,-5.3263435,valid
3310,4,-5.148492,valid
3311,4,-4.7601633,valid
3312,4,-1.6718584,valid
3313,4,-4.7184463,valid
3314,4,-4.013531,valid
3315,4,-7.686425,valid
3316,4,-3.7376442,valid
3317,4,-6.2470546,valid
3318,4,-0.84519416,valid
3319,4,-1.7666816,valid
3320,4,-6.4457,valid
3321,4,-2.5752203,valid
3322,4,-4.3485823,valid
3323,4,-4.8883915,valid
3324,4,-4.2811875,valid
3325,4,-2.2950351,valid
3326,4,0.4796503,valid
3327,4,-2.3997805,valid
3328,4,-3.636487,valid
3329,4,0.13465479,valid
3330,4,-3.751574,valid
3331,4,-2.7886283,valid
3332,4,-1.8528225,valid
3333,4,-2.2920077,valid
3334,4,-1.4095001,valid
3335,4,-3.769635,valid
3336,4,-3.68415,valid
3337,4,-7.6216683,valid
3338,4,-4.0078244,valid
3339,4,-1.8955832,valid
3340,4,-5.88034,valid
3341,4,-3.1665025,valid
3342,4,-2.681,valid
3343,4,-4.026276,valid
3344,4,-2.6399279,valid
3345,4,-4.176607,valid
3346,4,-4.9312773,valid
3347,4,-4.8839703,valid
3348,4,-2.735463,valid
3349,4,-1.8687986,valid
3350,4,0.45998415,valid
3351,4,-2.1674523,valid
3352,4,-3.5821576,valid
3353,4,-0.48074245,valid
3354,4,-0.5740283,valid
3355,4,-4.3271413,valid
3356,4,-0.07497736,valid
3357,4,0.4796503,valid
3358,4,-2.5557942,valid
3359,4,-0.551617,valid
3360,4,-0.8927754,valid
3361,4,0.50991994,valid
3362,4,-2.802182,valid
3363,4,-7.0808887,valid
3364,4,-1.7849203,valid
3365,4,-4.941889,valid
3366,4,-3.6124034,valid
3367,4,-8.726858,valid
3368,4,-8.464802,valid
3369,4,-3.3985395,valid
3370,4,-4.4588985,valid
3371,4,-2.872334,valid
3372,4,-2.798153,valid
3373,4,0.016178705,valid
3374,4,-3.4199014,valid
3375,4,-5.1382127,valid
3376,4,-1.1867276,valid
3377,4,-3.5686975,valid
3378,4,-1.459004,valid
3379,4,-4.902505,valid
3380,4,-3.9739099,valid
3381,4,-8.482477,valid
3382,4,-2.8127205,valid
3383,4,-5.94129,valid
3384,4,-2.880381,valid
3385,4,-4.8742275,valid
3386,4,-0.6941508,valid
3387,4,-2.6611047,valid
3388,4,-0.5251184,valid
3389,4,-4.0162745,valid
3390,4,-2.0166128,valid
3391,4,-1.9245079,valid
3392,4,-3.8129973,valid
3393,4,-5.9744363,valid
3394,4,-2.6011517,valid
3395,4,-4.052393,valid
3396,4,-2.8330793,valid
3397,4,-3.0549917,valid
3398,4,-4.0575285,valid
3399,4,-0.21120429,valid
3400,4,-6.4720826,valid
3401,4,-4.624853,valid
3402,4,-4.4330044,valid
3403,4,-1.5416389,valid
3404,4,-0.08224285,valid
3405,4,-0.93234634,valid
3406,4,-2.6462903,valid
3407,4,-1.9069517,valid
3408,4,-1.7764246,valid
3409,4,-2.223581,valid
3410,4,-1.8722725,valid
3411,4,-3.694653,valid
3412,4,-0.46718967,valid
3413,4,-2.6845837,valid
3414,4,0.47965035,valid
3415,4,-2.09261,valid
3416,4,-0.6672857,valid
3417,4,-2.553695,valid
3418,4,-4.931409,valid
3419,4,-4.1313252,valid
3420,4,-2.8499222,valid
3421,4,-3.6931834,valid
3422,4,-3.277716,valid
3423,4,-2.6018586,valid
3424,4,-0.64151865,valid
3425,4,-1.6879438,valid
3426,4,-2.056139,valid
3427,4,-4.366997,valid
3428,4,-5.8443456,valid
3429,4,-3.7016058,valid
3430,4,-5.196013,valid
3431,4,-6.2740808,valid
3432,4,0.4796503,valid
3433,4,-3.9894323,valid
3434,4,-6.4907503,valid
3435,4,-5.5873847,valid
3436,4,-3.567853,valid
3437,4,-0.63569224,valid
3438,4,-0.34652013,valid
3439,4,-8.26067,valid
3440,4,0.6122924,valid
3441,4,-7.32848,valid
3442,4,-4.043206,valid
3443,4,-1.4480264,valid
3444,4,-1.7177318,valid
3445,4,-4.506628,valid
3446,4,-3.3961403,valid
3447,4,0.8310971,valid
3448,4,-3.5408916,valid
3449,4,1.9516965,valid
3450,4,-1.9091852,valid
3451,4,-3.0890307,valid
3452,4,-3.533753,valid
3453,4,-4.719036,valid
3454,4,-0.20721164,valid
3455,4,-3.9223886,valid
3456,4,-3.0173955,valid
3457,4,-3.2807717,valid
3458,4,-3.0846496,valid
3459,4,-3.6859078,valid
3460,4,-1.9247872,valid
3461,4,-1.7945206,valid
3462,4,-2.9840302,valid
3463,4,-3.7680075,valid
3464,4,-6.833985,valid
3465,4,-5.4151363,valid
3466,4,-3.14151,valid
3467,4,-1.1808945,valid
3468,4,-3.8029482,valid
3469,4,-4.6939893,valid
3470,4,-3.8965077,valid
3471,4,-6.39602,valid
3472,4,-1.9204924,valid
3473,4,-1.8089757,valid
3474,4,-2.6122885,valid
3475,4,-3.827427,valid
3476,4,-2.9186068,valid
3477,4,-3.4142878,valid
3478,4,-3.4741201,valid
3479,4,-2.637793,valid
3480,4,-3.0807495,valid
3481,4,-4.6097555,valid
3482,4,-2.1874719,valid
3483,4,-2.233801,valid
3484,4,-1.5868968,valid
3485,4,-3.9668648,valid
3486,4,-4.3808665,valid
3487,4,-1.0181425,valid
3488,4,-2.800493,valid
3489,4,-2.0822663,valid
3490,4,-2.6605191,valid
3491,4,-3.851676,valid
3492,4,-5.1253176,valid
3493,4,-0.6916646,valid
3494,4,-3.3870237,valid
3495,4,-2.5550277,valid
3496,4,-2.6761708,valid
3497,4,-1.4055088,valid
3498,4,-3.3597288,valid
3499,4,-2.7060437,valid
3500,4,0.5752609,valid
3501,4,-2.271951,valid
3502,4,-4.4511013,valid
3503,4,-4.996928,valid
3504,4,-2.6805902,valid
3505,4,-2.647072,valid
3506,4,-4.173608,valid
3507,4,-1.8660232,valid
3508,4,-4.3268943,valid
3509,4,-6.614154,valid
3510,4,-4.011855,valid
3511,4,-7.7300944,valid
3512,4,0.88110715,valid
3513,4,0.29100582,valid
3514,4,-2.5000339,valid
3515,4,-3.2656555,valid
3516,4,-5.0238647,valid
3517,4,-2.9554284,valid
3518,4,-3.69386,valid
3519,4,-3.2550445,valid
3520,4,-3.9730008,valid
3521,4,-1.7314037,valid
3522,4,-2.2154756,valid
3523,4,-2.5409188,valid
3524,4,-2.0904875,valid
3525,4,-0.89796185,valid
3526,4,-4.929962,valid
3527,4,-2.0981748,valid
3528,4,-3.9759917,valid
3529,4,-2.8495183,valid
3530,4,0.03462199,valid
3531,4,-2.4522688,valid
3532,4,-2.837418,valid
3533,4,-2.693759,valid
3534,4,-5.1105328,valid
3535,4,-2.0790565,valid
3536,4,-3.075235,valid
3537,4,-0.1691548,valid
3538,4,-3.4941278,valid
3539,4,0.84382975,valid
3540,4,-0.8843555,valid
3541,4,-4.04405,valid
3542,4,-5.0889897,valid
3543,4,-4.5535297,valid
3544,4,-2.039759,valid
3545,4,-4.3666334,valid
3546,4,-1.6005577,valid
3547,4,-2.380553,valid
3548,4,-0.5147668,valid
3549,4,-4.521182,valid
3550,4,-2.316159,valid
3551,4,0.7032266,valid
3552,4,-4.3734903,valid
3553,4,-2.664369,valid
3554,4,-4.0587745,valid
3555,4,-1.987542,valid
3556,4,0.49224326,valid
3557,4,-6.918675,valid
3558,4,-2.6802282,valid
3559,4,-3.3973925,valid
3560,4,-2.0398023,valid
3561,4,-3.2327404,valid
3562,4,-1.2707083,valid
3563,4,2.627427,valid
3564,4,-0.877965,valid
3565,4,-1.0888486,valid
3566,4,-3.513328,valid
3567,4,0.8741486,valid
3568,4,-4.641327,valid
3569,4,-1.2953783,valid
3570,4,-5.253077,valid
3571,4,-2.0426385,valid
3572,4,-1.0620115,valid
3573,4,-5.8590355,valid
3574,4,-0.45632225,valid
3575,4,-0.5520413,valid
3576,4,-0.50372744,valid
3577,4,-1.5994092,valid
3578,4,-1.9552329,valid
3579,4,-3.491938,valid
3580,4,-2.9550335,valid
3581,4,-5.4154224,valid
3582,4,-2.959027,valid
3583,4,-4.795948,valid
3584,4,-3.5423965,valid
3585,4,-2.9085648,valid
3586,4,-1.7525176,valid
3587,4,-0.39253104,valid
3588,4,-3.940308,valid
3589,4,-2.7985342,valid
3590,4,1.2939835,valid
3591,4,-3.9690762,valid
3592,4,-1.628742,valid
3593,4,-2.964315,valid
3594,4,-2.5550714,valid
3595,4,-4.2509136,valid
3596,4,-0.3788494,valid
3597,4,1.1454711,valid
3598,4,-4.6119246,valid
3599,4,-4.057152,valid
3600,4,-2.1002915,valid
3601,4,-8.364536,valid
3602,4,-3.7793036,valid
3603,4,-2.7268708,valid
3604,4,-5.7675905,valid
3605,4,-3.4520767,valid
3606,4,-3.1057773,valid
3607,4,-4.808919,valid
3608,4,-4.1808977,valid
3609,4,-2.7487457,valid
3610,4,-4.1148787,valid
3611,4,-4.7147837,valid
3612,4,-2.8436847,valid
3613,4,-5.681568,valid
3614,4,-5.5173807,valid
3615,4,-3.8990505,valid
3616,4,-3.9273782,valid
3617,4,-1.8966042,valid
3618,4,-3.2273345,valid
3619,4,-0.88123703,valid
3620,4,-5.7482185,valid
3621,4,-5.0636005,valid
3622,4,-2.720111,valid
3623,4,-2.9882936,valid
3624,4,-2.2136407,valid
3625,4,-3.874303,valid
3626,4,-3.2344184,valid
3627,4,-7.1241064,valid
3628,4,-2.0078795,valid
3629,4,-3.0865576,valid
3630,4,0.59442425,valid
3631,4,-0.47489998,valid
3632,4,-3.2563767,valid
3633,4,-2.611632,valid
3634,4,-1.8554616,valid
3635,4,-5.4865923,valid
3636,4,-1.6133872,valid
3637,4,-3.0564156,valid
3638,4,-1.9088916,valid
3639,4,-4.4072347,valid
3640,4,-3.944426,valid
3641,4,-4.2853475,valid
3642,4,-2.8662243,valid
3643,4,-0.4288537,valid
3644,4,-2.2268906,valid
3645,4,-3.8177533,valid
3646,4,-4.337536,valid
3647,4,-4.1500187,valid
3648,4,-4.853618,valid
3649,4,-3.7963858,valid
3650,4,-2.0523133,valid
3651,4,-0.08998117,valid
3652,4,-3.1542234,valid
3653,4,-3.5497005,valid
3654,4,-3.6398761,valid
3655,4,-4.8930044,valid
3656,4,-4.0522175,valid
3657,4,-4.9766607,valid
3658,4,-2.970222,valid
3659,4,-3.422113,valid
3660,4,-1.7564086,valid
3661,4,-2.7519274,valid
3662,4,-1.6905656,valid
3663,4,-5.8831005,valid
3664,4,-5.4208117,valid
3665,4,-6.5690928,valid
3666,4,-2.447727,valid
3667,4,-0.2630797,valid
3668,4,-2.4542973,valid
3669,4,-0.916679,valid
3670,4,-6.091046,valid
3671,4,-6.254302,valid
3672,4,-0.50383466,valid
3673,4,-1.7952325,valid
3674,4,-6.685458,valid
3675,4,-1.2544614,valid
3676,4,-6.1319504,valid
3677,4,-1.0086334,valid
3678,4,1.3114431,valid
3679,4,-4.8394547,valid
3680,4,-2.9971147,valid
3681,4,-6.582813,valid
3682,4,-7.4139423,valid
3683,4,-3.3852944,valid
3684,4,-4.432754,valid
3685,4,-4.7749376,valid
3686,4,-2.2744215,valid
3687,4,-4.867438,valid
3688,4,-3.942855,valid
3689,4,-4.8725395,valid
3690,4,-2.04089,valid
3691,4,-6.0581236,valid
3692,4,-4.546839,valid
3693,4,-2.879836,valid
3694,4,-3.7706707,valid
3695,4,-3.1637585,valid
3696,4,-1.8450744,valid
3697,4,-3.949029,valid
3698,4,-0.57739043,valid
3699,4,-6.601659,valid
3700,4,-1.0899534,valid
3701,4,-2.8529944,valid
3702,4,-2.2141488,valid
3703,4,-3.2041667,valid
3704,4,-2.2787552,valid
3705,4,-4.3864317,valid
3706,4,-4.2405715,valid
3707,4,-1.3294103,valid
3708,4,-1.5368488,valid
3709,4,-1.1331943,valid
3710,4,-3.3437593,valid
3711,4,1.9074908,valid
3712,4,-5.766156,valid
3713,4,-4.78555,valid
3714,4,-6.631735,valid
3715,4,-3.379894,valid
3716,4,-2.6046777,valid
3717,4,-2.9957972,valid
3718,4,-3.7339976,valid
3719,4,-3.5792127,valid
3720,4,-1.390909,valid
3721,4,-1.7104434,valid
3722,4,-5.559316,valid
3723,4,-2.404946,valid
3724,4,-1.5466301,valid
3725,4,-1.2707083,valid
3726,4,-1.037966,valid
3727,4,-4.4369516,valid
3728,4,-2.6823936,valid
3729,4,-1.852992,valid
3730,4,-5.6662617,valid
3731,4,-2.016476,valid
3732,4,-3.9574137,valid
3733,4,-4.063096,valid
3734,4,-6.280568,valid
3735,4,-2.6003747,valid
3736,4,-3.0882008,valid
3737,4,-6.6594906,valid
3738,4,-4.717292,valid
3739,4,-4.1698923,valid
3740,4,-1.1049465,valid
3741,4,-4.6897216,valid
3742,4,1.0164218,valid
3743,4,-2.0228238,valid
3744,4,-4.995971,valid
3745,4,-4.4831047,valid
3746,4,-3.0530276,valid
3747,4,-0.8898035,valid
3748,4,-7.094881,valid
3749,4,-5.5962186,valid
3750,4,-2.2855587,valid
3751,4,-2.070504,valid
3752,4,-4.448442,valid
3753,4,-1.3717552,valid
3754,4,-0.4515799,valid
3755,4,-5.7118692,valid
3756,4,-3.3090034,valid
3757,4,-6.4412165,valid
3758,4,-2.981725,valid
3759,4,-3.4291508,valid
3760,4,-4.084557,valid
3761,4,0.124496795,valid
3762,4,-2.9444332,valid
3763,4,-3.0723186,valid
3764,4,-1.329259,valid
3765,4,-1.8183029,valid
3766,4,-0.40866372,valid
3767,4,-4.635837,valid
3768,4,-3.6376994,valid
3769,4,-1.2525101,valid
3770,4,-3.7331042,valid
3771,4,-4.045045,valid
3772,4,-2.8207653,valid
3773,4,-3.386534,valid
3774,4,-1.686609,valid
3775,4,0.04772772,valid
3776,4,-0.23164934,valid
3777,4,-1.5648031,valid
3778,4,-1.1747233,valid
3779,4,-3.0577881,valid
3780,4,-1.4855201,valid
3781,4,-6.3550262,valid
3782,4,-4.116312,valid
3783,4,-2.2642505,valid
3784,4,-5.1522007,valid
3785,4,-6.4154453,valid
3786,4,-1.8177459,valid
3787,4,-4.71687,valid
3788,4,-4.019447,valid
3789,4,-5.735273,valid
3790,4,-3.4662857,valid
3791,4,-4.508972,valid
3792,4,0.89339995,valid
3793,4,0.3639764,valid
3794,4,-3.9353805,valid
3795,4,-4.591344,valid
3796,4,-4.8706384,valid
3797,4,-3.5000138,valid
3798,4,-1.2428896,valid
3799,4,-2.1718566,valid
3800,4,-5.5369835,valid
3801,4,-2.2485108,valid
3802,4,-3.0782573,valid
3803,4,-3.1060047,valid
3804,4,-1.6973654,valid
3805,4,-2.8551445,valid
3806,4,-2.7766404,valid
3807,4,-3.750964,valid
3808,4,-2.5371737,valid
3809,4,-2.6663527,valid
3810,4,-3.5075746,valid
3811,4,-6.82954,valid
3812,4,-2.94528,valid
3813,4,-2.5134509,valid
3814,4,-3.1440637,valid
3815,4,-2.9775114,valid
3816,4,-3.1934295,valid
3817,4,-6.976818,valid
3818,4,-5.558845,valid
3819,4,-0.92720926,valid
3820,4,-0.4722864,valid
3821,4,-4.3467617,valid
3822,4,-2.5942054,valid
3823,4,-6.8938456,valid
3824,4,-1.1715962,valid
3825,4,-3.7358215,valid
3826,4,-4.3010883,valid
3827,4,-4.1942334,valid
3828,4,-5.6726336,valid
3829,4,-1.4745209,valid
3830,4,-4.099004,valid
3831,4,-1.2968291,valid
3832,4,-3.1039453,valid
3833,4,-1.9153557,valid
3834,4,-3.0561702,valid
3835,4,-4.4279375,valid
3836,4,-2.7780962,valid
3837,4,-7.2844553,valid
3838,4,-4.2715898,valid
3839,4,-4.008447,valid
3840,4,-3.0255532,valid
3841,4,-3.7018113,valid
3842,4,-4.2593694,valid
3843,4,-3.7559834,valid
3844,4,-5.136166,valid
3845,4,-4.371936,valid
3846,4,-1.6377441,valid
3847,4,-1.7727319,valid
3848,4,-4.824938,valid
3849,4,-5.0413947,valid
3850,4,-0.32960168,valid
3851,4,-3.0349586,valid
3852,4,-0.5738165,valid
3853,4,-2.627866,valid
3854,4,-0.8558777,valid
3855,4,-5.2511773,valid
3856,4,-4.556611,valid
3857,4,-3.3180528,valid
3858,4,1.4193423,valid
3859,4,-4.3751116,valid
3860,4,-2.6524951,valid
3861,4,-3.840442,valid
3862,4,-4.3312416,valid
3863,4,-2.0096917,valid
3864,4,-2.395975,valid
3865,4,-3.8778493,valid
3866,4,-4.9865665,valid
3867,4,-5.0038915,valid
3868,4,-1.685477,valid
3869,4,-4.8421535,valid
3870,4,-3.889397,valid
3871,4,-2.6761708,valid
3872,4,-3.1485326,valid
3873,4,-3.6359158,valid
3874,4,-8.185558,valid
3875,4,-4.919741,valid
3876,4,-3.5971296,valid
3877,4,-3.9535003,valid
3878,4,-2.7837553,valid
3879,4,-3.0782573,valid
3880,4,-4.4750285,valid
3881,4,-1.9672627,valid
3882,4,1.1979923,valid
3883,4,-6.023062,valid
3884,4,-4.896797,valid
3885,4,-4.012282,valid
3886,4,-4.136294,valid
3887,4,-7.2118807,valid
3888,4,-3.1544192,valid
3889,4,-1.0646462,valid
3890,4,-3.411747,valid
3891,4,-4.993971,valid
3892,4,-7.2142706,valid
3893,4,-1.8159133,valid
3894,4,-1.2908267,valid
3895,4,-4.1332407,valid
3896,4,-4.53535,valid
3897,4,-0.91689193,valid
3898,4,-1.8956275,valid
3899,4,-3.7889624,valid
3900,4,-3.7517948,valid
3901,4,-2.2623036,valid
3902,4,-4.5788965,valid
3903,4,-5.317647,valid
3904,4,-2.4441357,valid
3905,4,-5.1135616,valid
3906,4,-5.308711,valid
3907,4,-3.4141297,valid
3908,4,-3.3865342,valid
3909,4,1.4080313,valid
3910,4,-5.583513,valid
3911,4,-4.3270626,valid
3912,4,-0.4572641,valid
3913,4,-1.5576589,valid
3914,4,-1.3561379,valid
3915,4,-2.3554583,valid
3916,4,-6.8747396,valid
3917,4,-2.9380083,valid
3918,4,-7.621642,valid
3919,4,-1.5544157,valid
3920,4,-3.0190742,valid
3921,4,-1.9354333,valid
3922,4,0.4796503,valid
3923,4,-1.1941144,valid
3924,4,-3.8891895,valid
3925,4,-4.093295,valid
3926,4,-0.6395034,valid
3927,4,-4.539011,valid
3928,4,-1.4588443,valid
3929,4,-2.1048508,valid
3930,4,-5.116126,valid
3931,4,-1.6445061,valid
3932,4,-3.0929065,valid
3933,4,-6.80227,valid
3934,4,-7.3355,valid
3935,4,-2.3454108,valid
3936,4,-4.370663,valid
3937,4,-6.0299377,valid
3938,4,-1.9284517,valid
3939,4,-4.663722,valid
3940,4,-4.2778826,valid
3941,4,-3.044067,valid
3942,4,-1.6973652,valid
3943,4,-2.9947767,valid
3944,4,-2.7460744,valid
3945,4,-6.6573563,valid
3946,4,-5.022726,valid
3947,4,-2.820782,valid
3948,4,-1.5728374,valid
3949,4,-6.5617113,valid
3950,4,-3.731299,valid
3951,4,-0.059883364,valid
3952,4,0.24110767,valid
3953,4,-1.7703164,valid
3954,4,-3.8225226,valid
3955,4,-3.8855433,valid
3956,4,-1.3510697,valid
3957,4,-2.2426598,valid
3958,4,-1.4822471,valid
3959,4,-4.343541,valid
3960,4,-7.6891074,valid
3961,4,-4.0862107,valid
3962,4,-3.1262002,valid
3963,4,-3.8610847,valid
3964,4,-3.0404286,valid
3965,4,-4.296651,valid
3966,4,-4.534195,valid
3967,4,-2.641438,valid
3968,4,-3.0629082,valid
3969,4,-5.399362,valid
3970,4,-4.952001,valid
3971,4,-5.524539,valid
3972,4,-3.3398628,valid
3973,4,-2.7495832,valid
3974,4,-3.2049618,valid
3975,4,-3.1586945,valid
3976,4,-3.2656555,valid
3977,4,0.76082194,valid
3978,4,-4.4763346,valid
3979,4,-1.0550258,valid
3980,4,-4.820668,valid
3981,4,-3.439226,valid
3982,4,-0.5332378,valid
3983,4,-3.4993176,valid
3984,4,-8.061592,valid
3985,4,-3.5265448,valid
3986,4,-2.8155003,valid
3987,4,-3.3627775,valid
3988,4,-1.0486643,valid
3989,4,-0.5591724,valid
3990,4,-3.4228816,valid
3991,4,-1.9727439,valid
3992,5,-0.8551334,valid
3993,5,-0.97899354,valid
3994,5,-4.355848,valid
3995,5,-3.0352123,valid
3996,5,-3.6285021,valid
3997,5,-4.3919454,valid
3998,5,-1.9233521,valid
3999,5,-3.6913931,valid
4000,5,-2.6127806,valid
4001,5,-3.7088444,valid
4002,5,-3.4208272,valid
4003,5,-4.781521,valid
4004,5,-2.9835832,valid
4005,5,-3.8003738,valid
4006,5,-2.7103226,valid
4007,5,-3.0298264,valid
4008,5,-1.0094163,valid
4009,5,1.414794,valid
4010,5,-2.512956,valid
4011,5,-3.354468,valid
4012,5,0.6212499,valid
4013,5,0.42296237,valid
4014,5,-4.249972,valid
4015,5,-2.2059534,valid
4016,5,-2.4971917,valid
4017,5,-1.5665066,valid
4018,5,-3.7191784,valid
4019,5,-2.1498976,valid
4020,5,-2.6846232,valid
4021,5,-2.6084936,valid
4022,5,-1.4597661,valid
4023,5,-0.27869803,valid
4024,5,-3.8749995,valid
4025,5,-1.2411354,valid
4026,5,-2.180086,valid
4027,5,-7.0070167,valid
4028,5,-2.2075403,valid
4029,5,-1.8953686,valid
4030,5,-4.6393743,valid
4031,5,-2.5842996,valid
4032,5,-5.0039716,valid
4033,5,2.0972188,valid
4034,5,-2.1040354,valid
4035,5,0.52887577,valid
4036,5,-5.1553783,valid
4037,5,-4.2809496,valid
4038,5,-2.4782047,valid
4039,5,0.48430714,valid
4040,5,-1.0094161,valid
4041,5,-7.650887,valid
4042,5,-2.7814262,valid
4043,5,-1.1198874,valid
4044,5,-2.1578915,valid
4045,5,-1.1719491,valid
4046,5,-3.4498441,valid
4047,5,-5.7842803,valid
4048,5,-4.0823703,valid
4049,5,-4.3368,valid
4050,5,-0.23615173,valid
4051,5,-1.6363819,valid
4052,5,-1.1365228,valid
4053,5,-6.7426496,valid
4054,5,-3.835211,valid
4055,5,-2.8739133,valid
4056,5,-1.3017223,valid
4057,5,-2.7896545,valid
4058,5,-3.2888522,valid
4059,5,-4.9023566,valid
4060,5,-2.8942313,valid
4061,5,-2.103984,valid
4062,5,-1.5807765,valid
4063,5,-4.443871,valid
4064,5,-2.0321028,valid
4065,5,0.72581667,valid
4066,5,-5.0877542,valid
4067,5,-3.6048596,valid
4068,5,-4.5078483,valid
4069,5,-1.3200996,valid
4070,5,-3.350077,valid
4071,5,-3.2116575,valid
4072,5,-4.1071477,valid
4073,5,-0.67351913,valid
4074,5,-5.360157,valid
4075,5,-5.6777077,valid
4076,5,-3.3944228,valid
4077,5,-0.74555784,valid
4078,5,-6.1600094,valid
4079,5,-1.851703,valid
4080,5,-2.4065847,valid
4081,5,-4.0511193,valid
4082,5,-2.0083387,valid
4083,5,-3.768102,valid
4084,5,-2.6550932,valid
4085,5,-3.8320012,valid
4086,5,-0.9193863,valid
4087,5,-1.0268854,valid
4088,5,-5.592666,valid
4089,5,-2.5533059,valid
4090,5,1.5893217,valid
4091,5,-2.6476815,valid
4092,5,-0.13499656,valid
4093,5,-0.97106034,valid
4094,5,-4.1903777,valid
4095,5,-3.1320968,valid
4096,5,-5.8972864,valid
4097,5,-3.000677,valid
4098,5,-4.461881,valid
4099,5,-0.40453944,valid
4100,5,-3.4533138,valid
4101,5,-7.511584,valid
4102,5,-2.4512286,valid
4103,5,-3.011597,valid
4104,5,0.67237204,valid
4105,5,-2.3087335,valid
4106,5,-3.7065263,valid
4107,5,-2.3799696,valid
4108,5,-2.1418254,valid
4109,5,-1.1631467,valid
4110,5,0.55706567,valid
4111,5,0.3108316,valid
4112,5,-1.0394307,valid
4113,5,-2.4443793,valid
4114,5,1.1030747,valid
4115,5,-6.707829,valid
4116,5,-5.20143,valid
4117,5,0.7687159,valid
4118,5,-4.398747,valid
4119,5,-3.3780591,valid
4120,5,-2.4943092,valid
4121,5,-0.57643294,valid
4122,5,-1.8504307,valid
4123,5,-5.047032,valid
4124,5,-5.208862,valid
4125,5,-3.5595703,valid
4126,5,-2.604048,valid
4127,5,-3.079211,valid
4128,5,1.3437753,valid
4129,5,-3.9180267,valid
4130,5,-0.18772042,valid
4131,5,-1.3948915,valid
4132,5,-2.9442737,valid
4133,5,-4.491009,valid
4134,5,-0.29156134,valid
4135,5,-4.80112,valid
4136,5,-2.8058693,valid
4137,5,0.7005305,valid
4138,5,-5.121614,valid
4139,5,-5.048048,valid
4140,5,-2.773338,valid
4141,5,-1.1083347,valid
4142,5,-2.588686,valid
4143,5,-0.64873743,valid
4144,5,-4.5218987,valid
4145,5,-3.855038,valid
4146,5,-1.4979565,valid
4147,5,-2.7868412,valid
4148,5,0.42770168,valid
4149,5,-1.2208308,valid
4150,5,-2.0413973,valid
4151,5,-6.225838,valid
4152,5,-1.0094161,valid
4153,5,-1.24563,valid
4154,5,-2.0625155,valid
4155,5,-2.3128998,valid
4156,5,-1.5722811,valid
4157,5,-1.3744766,valid
4158,5,0.71110326,valid
4159,5,-1.3955094,valid
4160,5,-4.291462,valid
4161,5,-4.6684504,valid
4162,5,-2.049874,valid
4163,5,-3.9278479,valid
4164,5,-4.942791,valid
4165,5,-2.498741,valid
4166,5,-5.2092624,valid
4167,5,-4.699169,valid
4168,5,-2.856661,valid
4169,5,-4.763961,valid
4170,5,-5.85085,valid
4171,5,-1.6703038,valid
4172,5,-4.0190067,valid
4173,5,-2.6605954,valid
4174,5,-3.877175,valid
4175,5,-2.7915807,valid
4176,5,0.2378383,valid
4177,5,-2.3279698,valid
4178,5,-3.353179,valid
4179,5,-4.765691,valid
4180,5,-3.2847428,valid
4181,5,-3.9452035,valid
4182,5,-3.9185457,valid
4183,5,-2.6371715,valid
4184,5,-6.6655602,valid
4185,5,-4.4288716,valid
4186,5,-7.034447,valid
4187,5,-0.148286,valid
4188,5,-4.1250515,valid
4189,5,0.95566374,valid
4190,5,-2.4578853,valid
4191,5,-4.1184964,valid
4192,5,-1.7975483,valid
4193,5,-4.006861,valid
4194,5,-4.517136,valid
4195,5,-0.5257407,valid
4196,5,-6.8178973,valid
4197,5,-2.9188085,valid
4198,5,-3.613025,valid
4199,5,-2.142677,valid
4200,5,-4.3494506,valid
4201,5,-2.4456692,valid
4202,5,-2.167182,valid
4203,5,-3.4162834,valid
4204,5,-5.0697436,valid
4205,5,-4.8697133,valid
4206,5,-4.9163494,valid
4207,5,-0.37224224,valid
4208,5,-2.8938937,valid
4209,5,-2.0534098,valid
4210,5,-3.5811076,valid
4211,5,0.53303224,valid
4212,5,-4.3067784,valid
4213,5,-2.927064,valid
4214,5,0.34454143,valid
4215,5,-6.0624166,valid
4216,5,-1.9833726,valid
4217,5,-1.0094161,valid
4218,5,-3.7878878,valid
4219,5,-1.8197773,valid
4220,5,-3.0892942,valid
4221,5,-1.2451124,valid
4222,5,-2.2091572,valid
4223,5,-3.398294,valid
4224,5,-3.5675266,valid
4225,5,-0.43365625,valid
4226,5,-5.429092,valid
4227,5,-3.8888438,valid
4228,5,-3.9390092,valid
4229,5,-0.15063643,valid
4230,5,-3.0448332,valid
4231,5,-2.9722376,valid
4232,5,-4.9393716,valid
4233,5,-1.7202469,valid
4234,5,-2.9857674,valid
4235,5,-3.166322,valid
4236,5,-1.9323517,valid
4237,5,-2.565013,valid
4238,5,-2.8720336,valid
4239,5,-4.59918,valid
4240,5,-3.947324,valid
4241,5,-2.6662705,valid
4242,5,-7.486179,valid
4243,5,-3.3135068,valid
4244,5,-1.1939911,valid
4245,5,-1.0081214,valid
4246,5,-6.81784,valid
4247,5,-2.228732,valid
4248,5,-2.665774,valid
4249,5,-4.36132,valid
4250,5,-2.234209,valid
4251,5,-3.7723463,valid
4252,5,-2.6106024,valid
4253,5,-2.5412903,valid
4254,5,-1.0514708,valid
4255,5,-3.545872,valid
4256,5,-2.6805599,valid
4257,5,1.269682,valid
4258,5,-2.9687846,valid
4259,5,0.18092859,valid
4260,5,-6.605507,valid
4261,5,-7.1147,valid
4262,5,-3.2596781,valid
4263,5,-4.025909,valid
4264,5,-0.21713084,valid
4265,5,-2.4537623,valid
4266,5,-4.4044824,valid
4267,5,-7.820383,valid
4268,5,-2.893026,valid
4269,5,-2.1025295,valid
4270,5,-4.516146,valid
4271,5,-4.7199593,valid
4272,5,-4.577426,valid
4273,5,1.2930231,valid
4274,5,-1.0242904,valid
4275,5,-6.0651975,valid
4276,5,-1.3569105,valid
4277,5,0.10715894,valid
4278,5,-3.8363078,valid
4279,5,-2.8488333,valid
4280,5,-3.8510394,valid
4281,5,-0.53153175,valid
4282,5,-4.137898,valid
4283,5,-3.8493187,valid
4284,5,-2.516488,valid
4285,5,0.98570305,valid
4286,5,-5.208557,valid
4287,5,-3.6640306,valid
4288,5,-4.4001255,valid
4289,5,-3.8160653,valid
4290,5,0.20341372,valid
4291,5,-3.7616236,valid
4292,5,-3.6791804,valid
4293,5,-4.3912,valid
4294,5,-0.84502333,valid
4295,5,-6.0020347,valid
4296,5,-1.4230642,valid
4297,5,-2.0201597,valid
4298,5,-1.7459056,valid
4299,5,-2.7143588,valid
4300,5,-5.7882104,valid
4301,5,-6.7002425,valid
4302,5,-2.1949515,valid
4303,5,-2.0655515,valid
4304,5,-1.9791768,valid
4305,5,-2.6102011,valid
4306,5,-4.126598,valid
4307,5,-4.727252,valid
4308,5,-5.460767,valid
4309,5,-4.4346094,valid
4310,5,-1.6666489,valid
4311,5,-4.5754113,valid
4312,5,-4.0070496,valid
4313,5,-7.1906433,valid
4314,5,-3.741817,valid
4315,5,-6.574723,valid
4316,5,-0.66133684,valid
4317,5,-1.6325537,valid
4318,5,-6.077366,valid
4319,5,-2.3860128,valid
4320,5,-4.4126296,valid
4321,5,-4.2382016,valid
4322,5,-4.1967654,valid
4323,5,-2.5873904,valid
4324,5,-1.0094161,valid
4325,5,-2.3634038,valid
4326,5,-3.5102954,valid
4327,5,0.01528611,valid
4328,5,-3.5040092,valid
4329,5,-2.429646,valid
4330,5,-1.664281,valid
4331,5,-2.4319441,valid
4332,5,-1.5001519,valid
4333,5,-3.6963546,valid
4334,5,-3.4631357,valid
4335,5,-7.904385,valid
4336,5,-3.5148392,valid
4337,5,-1.4836276,valid
4338,5,-5.56035,valid
4339,5,-3.120237,valid
4340,5,-2.7051368,valid
4341,5,-4.2658067,valid
4342,5,-2.6680336,valid
4343,5,-3.901829,valid
4344,5,-4.358505,valid
4345,5,-4.192573,valid
4346,5,-2.4951582,valid
4347,5,-1.7578709,valid
4348,5,0.76006085,valid
4349,5,-1.9407517,valid
4350,5,-3.2725623,valid
4351,5,-0.53487647,valid
4352,5,-0.9151465,valid
4353,5,-4.699169,valid
4354,5,-0.33552906,valid
4355,5,-1.0094161,valid
4356,5,-2.8489382,valid
4357,5,-0.51887965,valid
4358,5,-0.1923593,valid
4359,5,0.656177,valid
4360,5,-2.5955317,valid
4361,5,-7.0557547,valid
4362,5,-1.7321086,valid
4363,5,-4.668604,valid
4364,5,-3.5871649,valid
4365,5,-9.353519,valid
4366,5,-8.973903,valid
4367,5,-3.1435902,valid
4368,5,-5.075698,valid
4369,5,-2.6536863,valid
4370,5,-2.27108,valid
4371,5,0.106806286,valid
4372,5,-3.2885134,valid
4373,5,-5.159212,valid
4374,5,-1.4322858,valid
4375,5,-3.479147,valid
4376,5,-1.164923,valid
4377,5,-4.0898266,valid
4378,5,-3.6648169,valid
4379,5,-9.254518,valid
4380,5,-2.3231642,valid
4381,5,-5.7627926,valid
4382,5,-2.5704415,valid
4383,5,-4.7708626,valid
4384,5,-1.0348357,valid
4385,5,-2.4926932,valid
4386,5,-0.846153,valid
4387,5,-3.7920835,valid
4388,5,-1.8902225,valid
4389,5,-1.5856085,valid
4390,5,-3.4320204,valid
4391,5,-5.482071,valid
4392,5,-2.213779,valid
4393,5,-3.8208292,valid
4394,5,-2.659305,valid
4395,5,-2.9984527,valid
4396,5,-4.208314,valid
4397,5,0.18476197,valid
4398,5,-5.9400077,valid
4399,5,-4.221603,valid
4400,5,-4.5014462,valid
4401,5,-0.9883178,valid
4402,5,-0.12735194,valid
4403,5,-1.1489526,valid
4404,5,-2.510277,valid
4405,5,-1.6655837,valid
4406,5,-1.5956457,valid
4407,5,-1.9550703,valid
4408,5,-1.7967137,valid
4409,5,-3.372317,valid
4410,5,-0.22297218,valid
4411,5,-2.1131313,valid
4412,5,-1.0094161,valid
4413,5,-2.154575,valid
4414,5,-0.6599632,valid
4415,5,-2.5658994,valid
4416,5,-5.1185575,valid
4417,5,-3.7699416,valid
4418,5,-2.8794909,valid
4419,5,-3.319592,valid
4420,5,-2.9948742,valid
4421,5,-2.6583061,valid
4422,5,-0.59705657,valid
4423,5,-1.6179531,valid
4424,5,-1.5591912,valid
4425,5,-4.180545,valid
4426,5,-5.342688,valid
4427,5,-3.6695094,valid
4428,5,-4.9180455,valid
4429,5,-6.0062814,valid
4430,5,-1.0094161,valid
4431,5,-3.6693513,valid
4432,5,-6.9195914,valid
4433,5,-4.894173,valid
4434,5,-3.5113492,valid
4435,5,-0.00907062,valid
4436,5,-0.15881434,valid
4437,5,-7.833401,valid
4438,5,0.38169137,valid
4439,5,-6.7185464,valid
4440,5,-3.7869046,valid
4441,5,-1.0961974,valid
4442,5,-1.6140081,valid
4443,5,-4.6532006,valid
4444,5,-3.3785353,valid
4445,5,0.69497305,valid
4446,5,-3.457664,valid
4447,5,1.749816,valid
4448,5,-1.9501855,valid
4449,5,-2.7345269,valid
4450,5,-3.6589668,valid
4451,5,-4.680697,valid
4452,5,0.1019003,valid
4453,5,-3.8785095,valid
4454,5,-2.8475482,valid
4455,5,-3.1547048,valid
4456,5,-2.7827866,valid
4457,5,-3.7333627,valid
4458,5,-1.8486168,valid
4459,5,-1.3983619,valid
4460,5,-2.6272478,valid
4461,5,-3.5720212,valid
4462,5,-6.337624,valid
4463,5,-5.0826464,valid
4464,5,-3.1748426,valid
4465,5,-0.9405419,valid
4466,5,-3.698888,valid
4467,5,-4.0455422,valid
4468,5,-4.03276,valid
4469,5,-6.858323,valid
4470,5,-1.5289733,valid
4471,5,-2.0622942,valid
4472,5,-2.7100563,valid
4473,5,-3.744814,valid
4474,5,-3.2423182,valid
4475,5,-3.01151,valid
4476,5,-3.45137,valid
4477,5,-2.4924476,valid
4478,5,-2.966524,valid
4479,5,-4.6152234,valid
4480,5,-2.1275818,valid
4481,5,-1.977646,valid
4482,5,-1.583894,valid
4483,5,-3.5880659,valid
4484,5,-4.0891414,valid
4485,5,-1.2814126,valid
4486,5,-2.4210973,valid
4487,5,-1.8106664,valid
4488,5,-2.6301384,valid
4489,5,-3.854164,valid
4490,5,-4.8041263,valid
4491,5,-0.3006223,valid
4492,5,-3.4921403,valid
4493,5,-2.5907664,valid
4494,5,-2.5863683,valid
4495,5,-1.1080143,valid
4496,5,-3.4716449,valid
4497,5,-2.736751,valid
4498,5,0.5173353,valid
4499,5,-1.9811363,valid
4500,5,-3.8255723,valid
4501,5,-5.1500907,valid
4502,5,-2.3530738,valid
4503,5,-2.937358,valid
4504,5,-4.4527373,valid
4505,5,-1.4778613,valid
4506,5,-4.039892,valid
4507,5,-6.2057242,valid
4508,5,-3.7137496,valid
4509,5,-7.3100963,valid
4510,5,0.07088766,valid
4511,5,0.23592421,valid
4512,5,-2.5392706,valid
4513,5,-4.0649757,valid
4514,5,-4.0384526,valid
4515,5,-2.9612231,valid
4516,5,-3.4306247,valid
4517,5,-2.5798852,valid
4518,5,-4.392613,valid
4519,5,-1.7448635,valid
4520,5,-2.0044382,valid
4521,5,-2.443357,valid
4522,5,-1.8429866,valid
4523,5,-0.70249665,valid
4524,5,-4.411711,valid
4525,5,-1.9339418,valid
4526,5,-3.715861,valid
4527,5,-2.7839801,valid
4528,5,-0.29197964,valid
4529,5,-2.0290744,valid
4530,5,-2.7626965,valid
4531,5,-2.8759496,valid
4532,5,-4.599328,valid
4533,5,-1.7134993,valid
4534,5,-2.8155975,valid
4535,5,-0.08443018,valid
4536,5,-3.4494452,valid
4537,5,1.1744148,valid
4538,5,-0.83535063,valid
4539,5,-4.1561356,valid
4540,5,-4.791227,valid
4541,5,-4.3881373,valid
4542,5,-1.7696564,valid
4543,5,-3.7746954,valid
4544,5,-1.3578818,valid
4545,5,-2.50422,valid
4546,5,-0.30985495,valid
4547,5,-3.9775484,valid
4548,5,-1.9837415,valid
4549,5,0.8244717,valid
4550,5,-4.047345,valid
4551,5,-2.5658724,valid
4552,5,-3.7341197,valid
4553,5,-1.7366903,valid
4554,5,0.4574416,valid
4555,5,-6.943834,valid
4556,5,-2.6692517,valid
4557,5,-3.0866268,valid
4558,5,-1.7610822,valid
4559,5,-3.3664358,valid
4560,5,-1.4760919,valid
4561,5,2.5724711,valid
4562,5,-0.9213561,valid
4563,5,-1.2622465,valid
4564,5,-3.3383687,valid
4565,5,0.87536114,valid
4566,5,-4.1359606,valid
4567,5,-0.97888416,valid
4568,5,-5.1086335,valid
4569,5,-2.1539977,valid
4570,5,-1.1683801,valid
4571,5,-5.4434867,valid
4572,5,0.10491773,valid
4573,5,-0.10215039,valid
4574,5,-0.9247864,valid
4575,5,-1.4664767,valid
4576,5,-1.7177701,valid
4577,5,-3.246341,valid
4578,5,-3.0166268,valid
4579,5,-5.432065,valid
4580,5,-2.8487442,valid
4581,5,-4.4888,valid
4582,5,-3.112445,valid
4583,5,-2.7818224,valid
4584,5,-1.2998637,valid
4585,5,0.12738705,valid
4586,5,-3.7793872,valid
4587,5,-2.298803,valid
4588,5,1.604342,valid
4589,5,-3.8847904,valid
4590,5,-1.2425833,valid
4591,5,-3.0761945,valid
4592,5,-2.5004215,valid
4593,5,-4.0677986,valid
4594,5,0.39497238,valid
4595,5,0.71110326,valid
4596,5,-4.585938,valid
4597,5,-3.250946,valid
4598,5,-1.8496921,valid
4599,5,-8.938084,valid
4600,5,-3.5958762,valid
4601,5,-2.6472657,valid
4602,5,-5.373825,valid
4603,5,-3.5669239,valid
4604,5,-3.3645694,valid
4605,5,-4.5727835,valid
4606,5,-3.8931665,valid
4607,5,-3.2439892,valid
4608,5,-3.6717484,valid
4609,5,-4.6330924,valid
4610,5,-2.6428893,valid
4611,5,-5.0660214,valid
4612,5,-5.0885196,valid
4613,5,-3.6818488,valid
4614,5,-3.7933908,valid
4615,5,-1.6878904,valid
4616,5,-3.1544278,valid
4617,5,-0.9587843,valid
4618,5,-5.291926,valid
4619,5,-5.0120835,valid
4620,5,-2.54946,valid
4621,5,-2.9671576,valid
4622,5,-2.4616554,valid
4623,5,-4.139918,valid
4624,5,-3.1971366,valid
4625,5,-6.648943,valid
4626,5,-1.7683014,valid
4627,5,-3.016808,valid
4628,5,0.72934824,valid
4629,5,-0.60325134,valid
4630,5,-3.1123981,valid
4631,5,-2.3499596,valid
4632,5,-1.7713577,valid
4633,5,-5.2840376,valid
4634,5,-1.8360368,valid
4635,5,-2.8356676,valid
4636,5,-1.8197773,valid
4637,5,-4.492082,valid
4638,5,-3.961806,valid
4639,5,-3.8440003,valid
4640,5,-2.8239803,valid
4641,5,-0.23673579,valid
4642,5,-1.9454442,valid
4643,5,-3.4832885,valid
4644,5,-4.317937,valid
4645,5,-3.7528026,valid
4646,5,-4.8493934,valid
4647,5,-3.8324845,valid
4648,5,-1.7210734,valid
4649,5,-0.0867621,valid
4650,5,-3.254587,valid
4651,5,-3.267238,valid
4652,5,-3.6161985,valid
4653,5,-4.715942,valid
4654,5,-4.1551385,valid
4655,5,-5.0248666,valid
4656,5,-2.689854,valid
4657,5,-3.6025236,valid
4658,5,-1.3150321,valid
4659,5,-2.2873552,valid
4660,5,-1.4665546,valid
4661,5,-6.1141562,valid
4662,5,-5.2241063,valid
4663,5,-6.1700006,valid
4664,5,-2.3166926,valid
4665,5,-0.06484408,valid
4666,5,-2.8238707,valid
4667,5,-0.8817475,valid
4668,5,-6.226064,valid
4669,5,-5.8054934,valid
4670,5,-0.38499174,valid
4671,5,-1.9547741,valid
4672,5,-6.3028092,valid
4673,5,-1.5962749,valid
4674,5,-5.923762,valid
4675,5,-0.8613127,valid
4676,5,1.1835048,valid
4677,5,-4.5247355,valid
4678,5,-2.3520026,valid
4679,5,-6.387474,valid
4680,5,-7.6338096,valid
4681,5,-3.0829055,valid
4682,5,-4.3000464,valid
4683,5,-4.3905683,valid
4684,5,-2.007031,valid
4685,5,-4.4467773,valid
4686,5,-3.3138077,valid
4687,5,-4.6371627,valid
4688,5,-2.135947,valid
4689,5,-5.432481,valid
4690,5,-4.516572,valid
4691,5,-2.7138705,valid
4692,5,-3.495871,valid
4693,5,-2.9019275,valid
4694,5,-1.9588221,valid
4695,5,-3.827574,valid
4696,5,-0.50759524,valid
4697,5,-6.100677,valid
4698,5,-1.0291773,valid
4699,5,-2.8090994,valid
4700,5,-1.8719583,valid
4701,5,-3.2580488,valid
4702,5,-2.1700623,valid
4703,5,-4.418146,valid
4704,5,-4.1208363,valid
4705,5,-1.914984,valid
4706,5,-1.5659062,valid
4707,5,-1.0757847,valid
4708,5,-3.276087,valid
4709,5,1.893728,valid
4710,5,-5.7646646,valid
4711,5,-5.02714,valid
4712,5,-8.338395,valid
4713,5,-3.819786,valid
4714,5,-2.395414,valid
4715,5,-2.7205825,valid
4716,5,-3.734306,valid
4717,5,-3.4686525,valid
4718,5,-1.1591,valid
4719,5,-1.7788088,valid
4720,5,-4.8273616,valid
4721,5,-1.9532499,valid
4722,5,-1.5704641,valid
4723,5,-1.4760919,valid
4724,5,-0.8591989,valid
4725,5,-4.1581025,valid
4726,5,-2.5594747,valid
4727,5,-1.5247257,valid
4728,5,-5.2514777,valid
4729,5,-1.5191615,valid
4730,5,-3.8599408,valid
4731,5,-3.6000059,valid
4732,5,-5.7677703,valid
4733,5,-2.297628,valid
4734,5,-3.7318714,valid
4735,5,-6.2554417,valid
4736,5,-4.6232257,valid
4737,5,-4.1469765,valid
4738,5,-1.4203105,valid
4739,5,-4.7565775,valid
4740,5,0.766074,valid
4741,5,-1.8877662,valid
4742,5,-5.1655307,valid
4743,5,-4.1029115,valid
4744,5,-2.3302476,valid
4745,5,-0.35351238,valid
4746,5,-7.2283235,valid
4747,5,-5.8642993,valid
4748,5,-2.1042309,valid
4749,5,-1.8007473,valid
4750,5,-4.7490773,valid
4751,5,-1.5232172,valid
4752,5,-0.4486259,valid
4753,5,-5.5428867,valid
4754,5,-2.924982,valid
4755,5,-6.3994374,valid
4756,5,-2.6089962,valid
4757,5,-3.0283468,valid
4758,5,-3.5840547,valid
4759,5,0.31431052,valid
4760,5,-2.74077,valid
4761,5,-2.5475366,valid
4762,5,-1.2366297,valid
4763,5,-1.4033946,valid
4764,5,-0.35021386,valid
4765,5,-4.612428,valid
4766,5,-3.5827157,valid
4767,5,-0.82973677,valid
4768,5,-3.7646625,valid
4769,5,-3.8775375,valid
4770,5,-2.884869,valid
4771,5,-3.431562,valid
4772,5,-1.680718,valid
4773,5,-0.1361438,valid
4774,5,0.2194683,valid
4775,5,-1.6801145,valid
4776,5,-1.05883,valid
4777,5,-2.8069415,valid
4778,5,-0.92769736,valid
4779,5,-5.649621,valid
4780,5,-3.3386366,valid
4781,5,-2.3079374,valid
4782,5,-5.175388,valid
4783,5,-6.377656,valid
4784,5,-1.6574602,valid
4785,5,-4.640843,valid
4786,5,-3.9453242,valid
4787,5,-5.3495426,valid
4788,5,-3.1470947,valid
4789,5,-4.1415806,valid
4790,5,0.7943327,valid
4791,5,0.41836938,valid
4792,5,-3.5348067,valid
4793,5,-4.639034,valid
4794,5,-5.3104076,valid
4795,5,-3.017307,valid
4796,5,-0.9039974,valid
4797,5,-1.8407518,valid
4798,5,-5.426553,valid
4799,5,-2.3617263,valid
4800,5,-3.2089753,valid
4801,5,-2.784527,valid
4802,5,-1.4787214,valid
4803,5,-2.689824,valid
4804,5,-2.7679431,valid
4805,5,-3.6094124,valid
4806,5,-2.3691027,valid
4807,5,-2.5402822,valid
4808,5,-3.1878245,valid
4809,5,-6.4456124,valid
4810,5,-2.9417477,valid
4811,5,-2.2963855,valid
4812,5,-2.4847682,valid
4813,5,-2.7222323,valid
4814,5,-2.979434,valid
4815,5,-6.8061433,valid
4816,5,-6.811398,valid
4817,5,-0.8232829,valid
4818,5,-0.5070083,valid
4819,5,-3.8635018,valid
4820,5,-2.2185993,valid
4821,5,-6.4923253,valid
4822,5,-1.1324072,valid
4823,5,-3.8699224,valid
4824,5,-4.361846,valid
4825,5,-4.019845,valid
4826,5,-6.1479826,valid
4827,5,-1.1688552,valid
4828,5,-4.3706455,valid
4829,5,-1.0763253,valid
4830,5,-3.2956455,valid
4831,5,-1.8856297,valid
4832,5,-3.183075,valid
4833,5,-4.2789245,valid
4834,5,-2.7008533,valid
4835,5,-6.890945,valid
4836,5,-4.390884,valid
4837,5,-3.9554408,valid
4838,5,-2.8441994,valid
4839,5,-4.0151005,valid
4840,5,-3.9826958,valid
4841,5,-3.5743375,valid
4842,5,-4.3231053,valid
4843,5,-4.217836,valid
4844,5,-1.2239909,valid
4845,5,-1.5085202,valid
4846,5,-4.389759,valid
4847,5,-4.9022083,valid
4848,5,-0.29117823,valid
4849,5,-3.2503407,valid
4850,5,-0.32656872,valid
4851,5,-2.712003,valid
4852,5,-0.5436847,valid
4853,5,-5.3380446,valid
4854,5,-4.577894,valid
4855,5,-3.0049102,valid
4856,5,1.2893432,valid
4857,5,-4.4375367,valid
4858,5,-2.782725,valid
4859,5,-3.6309159,valid
4860,5,-4.2401195,valid
4861,5,-1.4612415,valid
4862,5,-2.4122112,valid
4863,5,-3.6769693,valid
4864,5,-5.31996,valid
4865,5,-4.7673025,valid
4866,5,-1.436215,valid
4867,5,-4.240362,valid
4868,5,-3.923216,valid
4869,5,-2.5863683,valid
4870,5,-3.2265623,valid
4871,5,-3.5307367,valid
4872,5,-8.577903,valid
4873,5,-4.7539344,valid
4874,5,-3.2826135,valid
4875,5,-3.7091033,valid
4876,5,-2.5413873,valid
4877,5,-3.2089748,valid
4878,5,-4.320103,valid
4879,5,-1.6963778,valid
4880,5,1.5789018,valid
4881,5,-5.7142158,valid
4882,5,-6.059584,valid
4883,5,-3.4697907,valid
4884,5,-4.2045064,valid
4885,5,-6.6855106,valid
4886,5,-2.4542792,valid
4887,5,-1.1252838,valid
4888,5,-2.811275,valid
4889,5,-4.9503064,valid
4890,5,-6.6881433,valid
4891,5,-1.8589025,valid
4892,5,-1.023826,valid
4893,5,-4.019699,valid
4894,5,-4.0191727,valid
4895,5,-0.8861145,valid
4896,5,-1.7377448,valid
4897,5,-3.5616868,valid
4898,5,-3.2641382,valid
4899,5,-2.1033018,valid
4900,5,-4.0190835,valid
4901,5,-4.886068,valid
4902,5,-2.525968,valid
4903,5,-5.258207,valid
4904,5,-5.6128325,valid
4905,5,-3.3116,valid
4906,5,-3.4315622,valid
4907,5,1.6817956,valid
4908,5,-5.5100713,valid
4909,5,-3.8872116,valid
4910,5,-0.2681643,valid
4911,5,-1.4972699,valid
4912,5,-1.2795243,valid
4913,5,-2.3664896,valid
4914,5,-6.8406777,valid
4915,5,-2.846697,valid
4916,5,-7.8161397,valid
4917,5,-1.0420071,valid
4918,5,-2.7422078,valid
4919,5,-1.4759315,valid
4920,5,-1.0094161,valid
4921,5,-1.151146,valid
4922,5,-3.6975467,valid
4923,5,-4.3156037,valid
4924,5,-0.69094783,valid
4925,5,-4.489757,valid
4926,5,-1.9452791,valid
4927,5,-2.1637971,valid
4928,5,-4.7202244,valid
4929,5,-2.1279697,valid
4930,5,-3.179807,valid
4931,5,-6.9296117,valid
4932,5,-7.387713,valid
4933,5,-2.241588,valid
4934,5,-4.036544,valid
4935,5,-5.480172,valid
4936,5,-1.9611658,valid
4937,5,-4.6985674,valid
4938,5,-3.6907053,valid
4939,5,-2.9716024,valid
4940,5,-1.4787216,valid
4941,5,-3.1031888,valid
4942,5,-2.5702298,valid
4943,5,-6.6250367,valid
4944,5,-5.985357,valid
4945,5,-2.903886,valid
4946,5,-1.5058367,valid
4947,5,-5.979717,valid
4948,5,-3.5403988,valid
4949,5,-0.39889646,valid
4950,5,0.56796914,valid
4951,5,-1.2729231,valid
4952,5,-3.7804606,valid
4953,5,-3.903324,valid
4954,5,-1.3245044,valid
4955,5,-1.698476,valid
4956,5,-1.1440017,valid
4957,5,-4.3906255,valid
4958,5,-8.013169,valid
4959,5,-3.9754593,valid
4960,5,-3.0192444,valid
4961,5,-3.9628034,valid
4962,5,-2.8862627,valid
4963,5,-4.4038734,valid
4964,5,-4.4308376,valid
4965,5,-3.5557163,valid
4966,5,-2.6081412,valid
4967,5,-4.538582,valid
4968,5,-4.8154063,valid
4969,5,-5.265621,valid
4970,5,-3.184789,valid
4971,5,-2.6222372,valid
4972,5,-2.9810388,valid
4973,5,-2.5798314,valid
4974,5,-4.0649757,valid
4975,5,0.75109273,valid
4976,5,-4.2220135,valid
4977,5,-1.3711467,valid
4978,5,-4.884098,valid
4979,5,-3.4112716,valid
4980,5,-0.16019559,valid
4981,5,-3.5951183,valid
4982,5,-8.394204,valid
4983,5,-3.010784,valid
4984,5,-2.804671,valid
4985,5,-3.1914725,valid
4986,5,-1.1223447,valid
4987,5,-0.63769966,valid
4988,5,-3.5039527,valid
4989,5,-1.891252,valid
4990,6,-0.8398138,valid
4991,6,-0.6569234,valid
4992,6,-4.5412917,valid
4993,6,-2.9432077,valid
4994,6,-3.76902,valid
4995,6,-4.6194463,valid
4996,6,-1.9989686,valid
4997,6,-3.6588447,valid
4998,6,-2.4487405,valid
4999,6,-3.7561197,valid
5000,6,-3.4574685,valid
5001,6,-4.4225435,valid
5002,6,-2.672358,valid
5003,6,-3.5000424,valid
5004,6,-2.5116544,valid
5005,6,-2.808031,valid
5006,6,-0.855347,valid
5007,6,1.5710506,valid
5008,6,-2.6994143,valid
5009,6,-3.1787107,valid
5010,6,0.90350896,valid
5011,6,0.6420242,valid
5012,6,-4.2827344,valid
5013,6,-1.97886,valid
5014,6,-2.6811953,valid
5015,6,-1.3909941,valid
5016,6,-3.7180085,valid
5017,6,-2.0796025,valid
5018,6,-2.6010506,valid
5019,6,-2.6268294,valid
5020,6,-1.2236223,valid
5021,6,-0.1822017,valid
5022,6,-3.9104705,valid
5023,6,-1.2450725,valid
5024,6,-2.2134967,valid
5025,6,-7.045794,valid
5026,6,-2.0787816,valid
5027,6,-2.1549313,valid
5028,6,-4.703093,valid
5029,6,-2.4082756,valid
5030,6,-5.1118956,valid
5031,6,1.9276053,valid
5032,6,-3.0878663,valid
5033,6,0.7602204,valid
5034,6,-5.2764206,valid
5035,6,-4.092571,valid
5036,6,-2.5306208,valid
5037,6,0.4392436,valid
5038,6,-0.85534686,valid
5039,6,-7.522081,valid
5040,6,-2.2819676,valid
5041,6,-0.815671,valid
5042,6,-2.1809015,valid
5043,6,-1.332602,valid
5044,6,-3.8616376,valid
5045,6,-5.4863133,valid
5046,6,-3.9381595,valid
5047,6,-4.399924,valid
5048,6,0.3666544,valid
5049,6,-1.8059068,valid
5050,6,-0.81851727,valid
5051,6,-6.928101,valid
5052,6,-3.6427069,valid
5053,6,-2.8990936,valid
5054,6,-0.9372759,valid
5055,6,-2.9202218,valid
5056,6,-3.484486,valid
5057,6,-4.7991753,valid
5058,6,-2.8583791,valid
5059,6,-1.9794766,valid
5060,6,-1.5864241,valid
5061,6,-4.2776313,valid
5062,6,-1.7214978,valid
5063,6,0.7771535,valid
5064,6,-4.7507405,valid
5065,6,-3.6583898,valid
5066,6,-4.7375436,valid
5067,6,-1.0715113,valid
5068,6,-3.0899558,valid
5069,6,-3.2674842,valid
5070,6,-4.357609,valid
5071,6,-0.46303648,valid
5072,6,-5.4478946,valid
5073,6,-5.5765915,valid
5074,6,-3.479196,valid
5075,6,-0.53520083,valid
5076,6,-6.093332,valid
5077,6,-1.9352437,valid
5078,6,-2.717708,valid
5079,6,-4.156223,valid
5080,6,-1.6366687,valid
5081,6,-3.4715016,valid
5082,6,-2.1880686,valid
5083,6,-3.9236753,valid
5084,6,-1.1016444,valid
5085,6,-1.5260857,valid
5086,6,-5.8828926,valid
5087,6,-2.1330218,valid
5088,6,1.6868352,valid
5089,6,-2.6447191,valid
5090,6,-0.15107566,valid
5091,6,-1.2439818,valid
5092,6,-3.889,valid
5093,6,-2.959523,valid
5094,6,-6.046101,valid
5095,6,-3.1192124,valid
5096,6,-4.2558064,valid
5097,6,-0.23454303,valid
5098,6,-3.466952,valid
5099,6,-7.349196,valid
5100,6,-2.6917045,valid
5101,6,-3.0468314,valid
5102,6,0.76586574,valid
5103,6,-1.9503062,valid
5104,6,-3.3038507,valid
5105,6,-2.4975111,valid
5106,6,-1.7316393,valid
5107,6,-1.0471929,valid
5108,6,0.6553411,valid
5109,6,0.46845883,valid
5110,6,-0.91735893,valid
5111,6,-2.2619045,valid
5112,6,1.1386608,valid
5113,6,-6.4605594,valid
5114,6,-4.9851522,valid
5115,6,0.9442334,valid
5116,6,-4.4946246,valid
5117,6,-3.396414,valid
5118,6,-2.0862432,valid
5119,6,-0.7344642,valid
5120,6,-1.7279052,valid
5121,6,-4.7200465,valid
5122,6,-4.697504,valid
5123,6,-3.4803636,valid
5124,6,-2.97472,valid
5125,6,-2.8667831,valid
5126,6,1.4918368,valid
5127,6,-4.114366,valid
5128,6,0.17371012,valid
5129,6,-1.7388053,valid
5130,6,-3.0311043,valid
5131,6,-4.697923,valid
5132,6,-0.0561106,valid
5133,6,-4.6807394,valid
5134,6,-2.547246,valid
5135,6,0.7164758,valid
5136,6,-4.790855,valid
5137,6,-5.158483,valid
5138,6,-2.4005878,valid
5139,6,-0.9940092,valid
5140,6,-2.4233782,valid
5141,6,-0.792694,valid
5142,6,-4.219957,valid
5143,6,-3.3526967,valid
5144,6,-1.2422659,valid
5145,6,-2.365922,valid
5146,6,0.2957428,valid
5147,6,-1.0037075,valid
5148,6,-1.9495997,valid
5149,6,-6.0390635,valid
5150,6,-0.85534686,valid
5151,6,-1.0054196,valid
5152,6,-1.9553818,valid
5153,6,-2.419745,valid
5154,6,-1.5838464,valid
5155,6,-1.2773323,valid
5156,6,0.97094375,valid
5157,6,-1.3861687,valid
5158,6,-4.3096647,valid
5159,6,-4.560648,valid
5160,6,-2.1382222,valid
5161,6,-3.7836254,valid
5162,6,-4.996916,valid
5163,6,-2.4889114,valid
5164,6,-4.9292994,valid
5165,6,-5.0409045,valid
5166,6,-2.8726892,valid
5167,6,-4.858445,valid
5168,6,-5.8336887,valid
5169,6,-2.2728066,valid
5170,6,-3.9878244,valid
5171,6,-2.716584,valid
5172,6,-3.8714712,valid
5173,6,-2.7159562,valid
5174,6,0.2711746,valid
5175,6,-2.2506247,valid
5176,6,-2.9253516,valid
5177,6,-4.501411,valid
5178,6,-3.2085586,valid
5179,6,-3.7477074,valid
5180,6,-3.9262724,valid
5181,6,-2.601835,valid
5182,6,-6.614897,valid
5183,6,-4.0439377,valid
5184,6,-7.288379,valid
5185,6,-0.0029083118,valid
5186,6,-3.9447038,valid
5187,6,1.1024238,valid
5188,6,-2.2809567,valid
5189,6,-4.149692,valid
5190,6,-1.4096272,valid
5191,6,-4.227308,valid
5192,6,-4.513612,valid
5193,6,-0.42020583,valid
5194,6,-6.3685994,valid
5195,6,-2.8469324,valid
5196,6,-3.7692366,valid
5197,6,-1.8767056,valid
5198,6,-4.326514,valid
5199,6,-2.2364872,valid
5200,6,-2.1898086,valid
5201,6,-3.7773511,valid
5202,6,-4.6540565,valid
5203,6,-4.7862988,valid
5204,6,-4.630563,valid
5205,6,-0.3478886,valid
5206,6,-2.8025498,valid
5207,6,-1.6422079,valid
5208,6,-2.6406693,valid
5209,6,0.7723672,valid
5210,6,-3.9905589,valid
5211,6,-2.691752,valid
5212,6,0.47315013,valid
5213,6,-5.9098287,valid
5214,6,-1.7027054,valid
5215,6,-0.85534686,valid
5216,6,-3.7998548,valid
5217,6,-1.6218208,valid
5218,6,-3.1555142,valid
5219,6,-0.7783342,valid
5220,6,-2.055543,valid
5221,6,-3.1714792,valid
5222,6,-3.6458304,valid
5223,6,-0.9772297,valid
5224,6,-5.3046412,valid
5225,6,-3.5618403,valid
5226,6,-3.780516,valid
5227,6,0.15354474,valid
5228,6,-2.878976,valid
5229,6,-2.8283067,valid
5230,6,-4.985335,valid
5231,6,-1.9512784,valid
5232,6,-3.1577072,valid
5233,6,-3.152855,valid
5234,6,-2.2349553,valid
5235,6,-2.4116068,valid
5236,6,-2.6878119,valid
5237,6,-4.15698,valid
5238,6,-3.703279,valid
5239,6,-2.3686066,valid
5240,6,-7.336668,valid
5241,6,-3.2726097,valid
5242,6,-0.9849769,valid
5243,6,-1.1493292,valid
5244,6,-7.010699,valid
5245,6,-2.053557,valid
5246,6,-3.0699031,valid
5247,6,-4.1230774,valid
5248,6,-1.8289413,valid
5249,6,-3.6235363,valid
5250,6,-2.164579,valid
5251,6,-2.644023,valid
5252,6,-1.6823945,valid
5253,6,-3.6603642,valid
5254,6,-2.5501614,valid
5255,6,1.4010005,valid
5256,6,-2.5420375,valid
5257,6,0.53349966,valid
5258,6,-6.7303376,valid
5259,6,-7.2857566,valid
5260,6,-3.0293822,valid
5261,6,-3.7074528,valid
5262,6,-0.10404709,valid
5263,6,-1.8185407,valid
5264,6,-5.0603495,valid
5265,6,-8.064279,valid
5266,6,-3.0022793,valid
5267,6,-2.17314,valid
5268,6,-4.252776,valid
5269,6,-4.799398,valid
5270,6,-4.2869897,valid
5271,6,1.4688013,valid
5272,6,-0.30215192,valid
5273,6,-5.69167,valid
5274,6,-1.5444933,valid
5275,6,0.24117677,valid
5276,6,-3.3940978,valid
5277,6,-2.800043,valid
5278,6,-3.7701256,valid
5279,6,-0.5173074,valid
5280,6,-3.7802992,valid
5281,6,-3.88768,valid
5282,6,-2.2635088,valid
5283,6,1.1215295,valid
5284,6,-4.9479804,valid
5285,6,-3.1326027,valid
5286,6,-4.469936,valid
5287,6,-3.3054261,valid
5288,6,0.3784154,valid
5289,6,-3.5248616,valid
5290,6,-3.4711175,valid
5291,6,-4.52065,valid
5292,6,-1.053186,valid
5293,6,-6.1344275,valid
5294,6,-1.7430204,valid
5295,6,-1.7256535,valid
5296,6,-1.4276075,valid
5297,6,-2.797299,valid
5298,6,-5.8079205,valid
5299,6,-6.447212,valid
5300,6,-1.9576766,valid
5301,6,-2.1306288,valid
5302,6,-1.812259,valid
5303,6,-2.192693,valid
5304,6,-3.9572206,valid
5305,6,-4.4312816,valid
5306,6,-5.5282273,valid
5307,6,-4.3207097,valid
5308,6,-1.5884095,valid
5309,6,-4.428799,valid
5310,6,-4.094156,valid
5311,6,-6.9624,valid
5312,6,-3.563173,valid
5313,6,-6.5872526,valid
5314,6,-0.54992914,valid
5315,6,-1.6515559,valid
5316,6,-6.1642475,valid
5317,6,-2.365228,valid
5318,6,-4.603781,valid
5319,6,-4.4084496,valid
5320,6,-4.072783,valid
5321,6,-1.6303716,valid
5322,6,-0.85534686,valid
5323,6,-2.9212945,valid
5324,6,-3.5457406,valid
5325,6,0.3648063,valid
5326,6,-3.0979104,valid
5327,6,-2.082401,valid
5328,6,-2.0769491,valid
5329,6,-2.472277,valid
5330,6,-1.3531245,valid
5331,6,-3.445736,valid
5332,6,-3.2413554,valid
5333,6,-7.7994237,valid
5334,6,-3.6109273,valid
5335,6,-1.4010073,valid
5336,6,-5.3096013,valid
5337,6,-2.8402634,valid
5338,6,-2.898695,valid
5339,6,-4.1995807,valid
5340,6,-2.7838936,valid
5341,6,-3.6870012,valid
5342,6,-4.238115,valid
5343,6,-4.2685924,valid
5344,6,-2.7308025,valid
5345,6,-1.8605902,valid
5346,6,1.063921,valid
5347,6,-1.6317396,valid
5348,6,-3.1812453,valid
5349,6,-0.26441205,valid
5350,6,-0.5332319,valid
5351,6,-5.0409045,valid
5352,6,-0.118643366,valid
5353,6,-0.85534686,valid
5354,6,-2.514431,valid
5355,6,-0.57066065,valid
5356,6,-0.25333697,valid
5357,6,0.8035241,valid
5358,6,-2.7489676,valid
5359,6,-6.866247,valid
5360,6,-1.6538084,valid
5361,6,-4.746345,valid
5362,6,-3.691883,valid
5363,6,-9.410577,valid
5364,6,-9.000886,valid
5365,6,-3.177287,valid
5366,6,-4.956016,valid
5367,6,-2.1723175,valid
5368,6,-2.1825624,valid
5369,6,0.5164587,valid
5370,6,-3.4719138,valid
5371,6,-5.3572106,valid
5372,6,-0.9444695,valid
5373,6,-3.3248117,valid
5374,6,-1.208863,valid
5375,6,-3.7177122,valid
5376,6,-3.8043427,valid
5377,6,-9.388311,valid
5378,6,-2.7855933,valid
5379,6,-5.30425,valid
5380,6,-2.3714705,valid
5381,6,-5.0415974,valid
5382,6,-0.6921174,valid
5383,6,-2.5572414,valid
5384,6,-0.3601095,valid
5385,6,-3.8266573,valid
5386,6,-2.048232,valid
5387,6,-1.2679334,valid
5388,6,-3.60596,valid
5389,6,-5.1253805,valid
5390,6,-1.9541041,valid
5391,6,-3.9737916,valid
5392,6,-2.5464149,valid
5393,6,-3.2345634,valid
5394,6,-3.8741035,valid
5395,6,-0.019105814,valid
5396,6,-5.914605,valid
5397,6,-4.092394,valid
5398,6,-4.50495,valid
5399,6,-0.89393985,valid
5400,6,0.06508945,valid
5401,6,-1.1050553,valid
5402,6,-2.5844138,valid
5403,6,-1.7996997,valid
5404,6,-1.6638291,valid
5405,6,-2.3362827,valid
5406,6,-1.5495355,valid
5407,6,-3.3271074,valid
5408,6,-0.082672626,valid
5409,6,-1.9340189,valid
5410,6,-0.85534686,valid
5411,6,-2.0262232,valid
5412,6,-0.6233454,valid
5413,6,-2.261255,valid
5414,6,-4.8557367,valid
5415,6,-3.353178,valid
5416,6,-3.0944517,valid
5417,6,-3.3424032,valid
5418,6,-3.2374778,valid
5419,6,-2.6115625,valid
5420,6,-1.0087548,valid
5421,6,-1.7999821,valid
5422,6,-1.255341,valid
5423,6,-3.8677886,valid
5424,6,-4.6125183,valid
5425,6,-3.4094791,valid
5426,6,-5.0900826,valid
5427,6,-6.0996857,valid
5428,6,-0.85534686,valid
5429,6,-3.8562953,valid
5430,6,-6.8115835,valid
5431,6,-5.077315,valid
5432,6,-3.1279922,valid
5433,6,0.2748999,valid
5434,6,-0.00034953654,valid
5435,6,-7.9811816,valid
5436,6,0.41515553,valid
5437,6,-6.3508797,valid
5438,6,-3.8136435,valid
5439,6,-1.5066295,valid
5440,6,-1.5502161,valid
5441,6,-4.552968,valid
5442,6,-3.2320638,valid
5443,6,0.59146595,valid
5444,6,-3.144136,valid
5445,6,1.904012,valid
5446,6,-1.9420432,valid
5447,6,-2.526565,valid
5448,6,-3.6414428,valid
5449,6,-4.778819,valid
5450,6,0.13202186,valid
5451,6,-3.7360237,valid
5452,6,-2.6709552,valid
5453,6,-3.1591558,valid
5454,6,-2.559769,valid
5455,6,-3.9011283,valid
5456,6,-1.9788259,valid
5457,6,-1.4300518,valid
5458,6,-2.2725468,valid
5459,6,-3.6747663,valid
5460,6,-6.5468025,valid
5461,6,-4.6888824,valid
5462,6,-2.989996,valid
5463,6,-0.82606924,valid
5464,6,-3.6272156,valid
5465,6,-3.782957,valid
5466,6,-4.096177,valid
5467,6,-6.8011355,valid
5468,6,-1.3047423,valid
5469,6,-2.0365868,valid
5470,6,-2.662148,valid
5471,6,-3.755529,valid
5472,6,-2.381406,valid
5473,6,-2.8418236,valid
5474,6,-3.6012967,valid
5475,6,-2.6027303,valid
5476,6,-2.8255725,valid
5477,6,-4.5877624,valid
5478,6,-1.8778162,valid
5479,6,-1.7069646,valid
5480,6,-1.3482842,valid
5481,6,-4.024234,valid
5482,6,-3.8199222,valid
5483,6,-1.027933,valid
5484,6,-2.4331338,valid
5485,6,-1.4972073,valid
5486,6,-2.549096,valid
5487,6,-3.7046714,valid
5488,6,-4.6200795,valid
5489,6,-0.33009982,valid
5490,6,-3.4714406,valid
5491,6,-2.4099095,valid
5492,6,-2.388843,valid
5493,6,-0.8960954,valid
5494,6,-3.5622811,valid
5495,6,-3.0258524,valid
5496,6,0.56260806,valid
5497,6,-2.2307963,valid
5498,6,-3.4531727,valid
5499,6,-5.051582,valid
5500,6,-2.0697088,valid
5501,6,-2.826862,valid
5502,6,-4.590406,valid
5503,6,-1.4054945,valid
5504,6,-3.9420094,valid
5505,6,-6.2275867,valid
5506,6,-3.171615,valid
5507,6,-7.482208,valid
5508,6,-0.102629066,valid
5509,6,0.3513676,valid
5510,6,-2.455068,valid
5511,6,-4.639849,valid
5512,6,-3.5766063,valid
5513,6,-3.0740838,valid
5514,6,-3.589226,valid
5515,6,-2.1200626,valid
5516,6,-4.1973815,valid
5517,6,-1.6696914,valid
5518,6,-1.98271,valid
5519,6,-2.3911602,valid
5520,6,-1.7642964,valid
5521,6,-0.92236793,valid
5522,6,-4.175242,valid
5523,6,-2.0142157,valid
5524,6,-3.3701816,valid
5525,6,-2.7282655,valid
5526,6,-0.02198729,valid
5527,6,-1.913785,valid
5528,6,-2.7494016,valid
5529,6,-2.8417726,valid
5530,6,-4.5370064,valid
5531,6,-1.5173264,valid
5532,6,-2.7698514,valid
5533,6,0.292598,valid
5534,6,-3.5587096,valid
5535,6,1.1307876,valid
5536,6,-1.1794788,valid
5537,6,-4.1008897,valid
5538,6,-4.576274,valid
5539,6,-4.2489834,valid
5540,6,-1.8834337,valid
5541,6,-3.7030258,valid
5542,6,-1.888332,valid
5543,6,-2.1504953,valid
5544,6,-0.52337384,valid
5545,6,-3.8776739,valid
5546,6,-1.8033466,valid
5547,6,1.2404222,valid
5548,6,-3.884744,valid
5549,6,-2.217561,valid
5550,6,-3.4561958,valid
5551,6,-1.5584655,valid
5552,6,0.5971917,valid
5553,6,-6.7308106,valid
5554,6,-2.4812562,valid
5555,6,-3.3808186,valid
5556,6,-1.7114418,valid
5557,6,-2.98483,valid
5558,6,-0.8632305,valid
5559,6,2.716838,valid
5560,6,-0.7437431,valid
5561,6,-1.1150236,valid
5562,6,-3.4717803,valid
5563,6,0.93940204,valid
5564,6,-3.8341503,valid
5565,6,-0.9000618,valid
5566,6,-4.959478,valid
5567,6,-1.7707336,valid
5568,6,-0.97432345,valid
5569,6,-5.5711236,valid
5570,6,0.2716421,valid
5571,6,-0.24454103,valid
5572,6,-0.8817294,valid
5573,6,-0.8161858,valid
5574,6,-1.6761003,valid
5575,6,-2.9534447,valid
5576,6,-2.7445295,valid
5577,6,-4.9735827,valid
5578,6,-2.709056,valid
5579,6,-4.521856,valid
5580,6,-2.950593,valid
5581,6,-3.018455,valid
5582,6,-1.1750324,valid
5583,6,0.14443403,valid
5584,6,-3.7500784,valid
5585,6,-2.0973914,valid
5586,6,1.7252414,valid
5587,6,-3.9512453,valid
5588,6,-0.9869184,valid
5589,6,-2.7572253,valid
5590,6,-2.7153883,valid
5591,6,-3.925624,valid
5592,6,0.39592874,valid
5593,6,0.97094375,valid
5594,6,-4.5328593,valid
5595,6,-3.187492,valid
5596,6,-1.6354806,valid
5597,6,-8.942525,valid
5598,6,-3.5277004,valid
5599,6,-2.8322058,valid
5600,6,-5.5028505,valid
5601,6,-3.5829659,valid
5602,6,-3.0810628,valid
5603,6,-4.653351,valid
5604,6,-3.8496826,valid
5605,6,-2.5276816,valid
5606,6,-3.2801452,valid
5607,6,-4.5977135,valid
5608,6,-2.5333338,valid
5609,6,-4.649885,valid
5610,6,-4.5432315,valid
5611,6,-3.7499874,valid
5612,6,-3.5443532,valid
5613,6,-1.3647116,valid
5614,6,-3.4342499,valid
5615,6,-0.82257503,valid
5616,6,-5.555258,valid
5617,6,-5.205185,valid
5618,6,-2.2639596,valid
5619,6,-3.0431006,valid
5620,6,-2.4424477,valid
5621,6,-4.201385,valid
5622,6,-3.5049946,valid
5623,6,-6.816423,valid
5624,6,-1.864496,valid
5625,6,-3.037766,valid
5626,6,0.76760787,valid
5627,6,-0.4422983,valid
5628,6,-3.1416907,valid
5629,6,-2.2187796,valid
5630,6,-1.5363787,valid
5631,6,-5.371071,valid
5632,6,-1.7347696,valid
5633,6,-2.4014256,valid
5634,6,-1.6218208,valid
5635,6,-4.3478456,valid
5636,6,-3.9361398,valid
5637,6,-3.6367807,valid
5638,6,-2.8020847,valid
5639,6,-0.45807767,valid
5640,6,-1.7899666,valid
5641,6,-3.1189454,valid
5642,6,-4.1350083,valid
5643,6,-3.7535083,valid
5644,6,-5.1432962,valid
5645,6,-3.8467054,valid
5646,6,-1.7701604,valid
5647,6,0.21871977,valid
5648,6,-3.2830217,valid
5649,6,-3.3921325,valid
5650,6,-3.2897024,valid
5651,6,-4.717327,valid
5652,6,-4.213631,valid
5653,6,-4.9972715,valid
5654,6,-2.5907533,valid
5655,6,-3.2838569,valid
5656,6,-0.7300222,valid
5657,6,-1.6959261,valid
5658,6,-1.9632208,valid
5659,6,-5.943586,valid
5660,6,-4.760449,valid
5661,6,-5.7717867,valid
5662,6,-2.3674793,valid
5663,6,0.019967265,valid
5664,6,-2.5963333,valid
5665,6,-0.62800574,valid
5666,6,-6.5434985,valid
5667,6,-5.5235295,valid
5668,6,-0.30649537,valid
5669,6,-1.9736574,valid
5670,6,-6.469337,valid
5671,6,-1.3381925,valid
5672,6,-5.6458106,valid
5673,6,-0.1708007,valid
5674,6,1.2289776,valid
5675,6,-4.541519,valid
5676,6,-1.8543261,valid
5677,6,-6.4999876,valid
5678,6,-7.496694,valid
5679,6,-2.8909419,valid
5680,6,-4.3653493,valid
5681,6,-4.4530787,valid
5682,6,-2.0344687,valid
5683,6,-4.4891295,valid
5684,6,-2.93441,valid
5685,6,-4.274343,valid
5686,6,-2.0646806,valid
5687,6,-5.561777,valid
5688,6,-4.5826797,valid
5689,6,-2.8018534,valid
5690,6,-3.3935325,valid
5691,6,-2.6377912,valid
5692,6,-1.705134,valid
5693,6,-3.606572,valid
5694,6,-0.4924984,valid
5695,6,-5.6414633,valid
5696,6,-0.972062,valid
5697,6,-2.3810296,valid
5698,6,-2.0252242,valid
5699,6,-3.07281,valid
5700,6,-2.370208,valid
5701,6,-4.5194902,valid
5702,6,-4.233941,valid
5703,6,-1.2637379,valid
5704,6,-1.4926026,valid
5705,6,-1.0420412,valid
5706,6,-3.226777,valid
5707,6,1.9781418,valid
5708,6,-5.9919624,valid
5709,6,-4.9847007,valid
5710,6,-8.207578,valid
5711,6,-3.3101575,valid
5712,6,-2.4071991,valid
5713,6,-2.435986,valid
5714,6,-3.5745687,valid
5715,6,-3.1892529,valid
5716,6,-0.9190812,valid
5717,6,-2.0181086,valid
5718,6,-4.4250617,valid
5719,6,-1.7259088,valid
5720,6,-1.1028888,valid
5721,6,-0.8632305,valid
5722,6,-0.7035987,valid
5723,6,-4.0008,valid
5724,6,-2.5963054,valid
5725,6,-1.8801031,valid
5726,6,-5.350967,valid
5727,6,-1.2351944,valid
5728,6,-3.5132623,valid
5729,6,-3.5597546,valid
5730,6,-5.9359517,valid
5731,6,-2.4464312,valid
5732,6,-3.3950121,valid
5733,6,-6.3132052,valid
5734,6,-4.685478,valid
5735,6,-4.003774,valid
5736,6,-1.4267498,valid
5737,6,-4.8832574,valid
5738,6,0.92283565,valid
5739,6,-1.5705884,valid
5740,6,-5.0417185,valid
5741,6,-3.9383502,valid
5742,6,-2.2239947,valid
5743,6,0.06485249,valid
5744,6,-7.07713,valid
5745,6,-5.73675,valid
5746,6,-1.76554,valid
5747,6,-1.6349444,valid
5748,6,-4.7227044,valid
5749,6,-1.382158,valid
5750,6,-0.35817385,valid
5751,6,-5.087173,valid
5752,6,-3.0621667,valid
5753,6,-6.5451074,valid
5754,6,-2.507372,valid
5755,6,-3.1220927,valid
5756,6,-3.249231,valid
5757,6,0.4109686,valid
5758,6,-2.4204574,valid
5759,6,-2.60752,valid
5760,6,-1.2121086,valid
5761,6,-1.4634651,valid
5762,6,-0.12531598,valid
5763,6,-4.7286115,valid
5764,6,-3.5144377,valid
5765,6,-0.94921833,valid
5766,6,-3.5171933,valid
5767,6,-3.5388424,valid
5768,6,-2.8913896,valid
5769,6,-3.5219405,valid
5770,6,-1.6908269,valid
5771,6,-0.00639325,valid
5772,6,0.19842625,valid
5773,6,-1.5368193,valid
5774,6,-0.86656964,valid
5775,6,-2.9769225,valid
5776,6,-0.71793294,valid
5777,6,-5.266595,valid
5778,6,-3.2691605,valid
5779,6,-2.3189092,valid
5780,6,-5.025915,valid
5781,6,-6.4391127,valid
5782,6,-1.6494575,valid
5783,6,-4.627688,valid
5784,6,-3.84213,valid
5785,6,-5.584966,valid
5786,6,-2.8551667,valid
5787,6,-3.992425,valid
5788,6,0.924858,valid
5789,6,0.61045665,valid
5790,6,-3.6029963,valid
5791,6,-4.416423,valid
5792,6,-5.000375,valid
5793,6,-3.0654929,valid
5794,6,-1.3075998,valid
5795,6,-1.5991056,valid
5796,6,-5.3646727,valid
5797,6,-1.945455,valid
5798,6,-3.0419636,valid
5799,6,-2.6682744,valid
5800,6,-1.2003746,valid
5801,6,-2.4605474,valid
5802,6,-2.5249104,valid
5803,6,-3.6066055,valid
5804,6,-2.225488,valid
5805,6,-2.395942,valid
5806,6,-2.9667823,valid
5807,6,-6.6180043,valid
5808,6,-3.0710673,valid
5809,6,-2.4391878,valid
5810,6,-2.3988335,valid
5811,6,-2.9106426,valid
5812,6,-2.8731506,valid
5813,6,-6.5312324,valid
5814,6,-6.637152,valid
5815,6,-0.29938883,valid
5816,6,-0.39519703,valid
5817,6,-3.9633605,valid
5818,6,-2.4254777,valid
5819,6,-6.6182895,valid
5820,6,-0.7489742,valid
5821,6,-3.9975076,valid
5822,6,-4.492108,valid
5823,6,-4.121023,valid
5824,6,-6.058407,valid
5825,6,-1.6310894,valid
5826,6,-4.530704,valid
5827,6,-1.1249745,valid
5828,6,-3.1482387,valid
5829,6,-1.8073497,valid
5830,6,-3.2851071,valid
5831,6,-3.9346042,valid
5832,6,-3.287838,valid
5833,6,-7.0997477,valid
5834,6,-4.4468613,valid
5835,6,-3.9101644,valid
5836,6,-2.8461437,valid
5837,6,-3.9546347,valid
5838,6,-3.7930064,valid
5839,6,-3.7557862,valid
5840,6,-4.139437,valid
5841,6,-3.8234694,valid
5842,6,-1.2205243,valid
5843,6,-1.5853696,valid
5844,6,-3.957608,valid
5845,6,-4.6519046,valid
5846,6,-0.24236286,valid
5847,6,-3.1758785,valid
5848,6,-2.1010637e-05,valid
5849,6,-2.5259886,valid
5850,6,-0.5724683,valid
5851,6,-5.3641696,valid
5852,6,-4.794121,valid
5853,6,-2.9723673,valid
5854,6,1.4866203,valid
5855,6,-4.14508,valid
5856,6,-2.6371455,valid
5857,6,-3.4284134,valid
5858,6,-4.488118,valid
5859,6,-2.080191,valid
5860,6,-2.6244736,valid
5861,6,-3.797397,valid
5862,6,-5.1030216,valid
5863,6,-4.601703,valid
5864,6,-0.7432729,valid
5865,6,-4.07956,valid
5866,6,-3.5574527,valid
5867,6,-2.388843,valid
5868,6,-3.17494,valid
5869,6,-3.424482,valid
5870,6,-8.554187,valid
5871,6,-4.8472157,valid
5872,6,-3.233455,valid
5873,6,-3.8343015,valid
5874,6,-2.509592,valid
5875,6,-3.0419638,valid
5876,6,-4.037763,valid
5877,6,-1.7306639,valid
5878,6,1.629755,valid
5879,6,-5.6330194,valid
5880,6,-5.8270617,valid
5881,6,-3.1379976,valid
5882,6,-3.853561,valid
5883,6,-6.6035395,valid
5884,6,-2.2422183,valid
5885,6,-0.89821446,valid
5886,6,-3.0524201,valid
5887,6,-5.028526,valid
5888,6,-6.606156,valid
5889,6,-1.4833877,valid
5890,6,-1.1015491,valid
5891,6,-4.0222545,valid
5892,6,-3.4892375,valid
5893,6,-0.5100459,valid
5894,6,-1.694195,valid
5895,6,-3.6645007,valid
5896,6,-3.344025,valid
5897,6,-1.9858625,valid
5898,6,-3.5360262,valid
5899,6,-4.9099035,valid
5900,6,-2.2927914,valid
5901,6,-5.4116406,valid
5902,6,-5.531836,valid
5903,6,-3.3947675,valid
5904,6,-3.5219405,valid
5905,6,1.8025459,valid
5906,6,-5.0754085,valid
5907,6,-3.7914894,valid
5908,6,-0.026599793,valid
5909,6,-1.5125138,valid
5910,6,-1.1423979,valid
5911,6,-2.1302962,valid
5912,6,-6.6955066,valid
5913,6,-2.977159,valid
5914,6,-7.707018,valid
5915,6,-1.0733713,valid
5916,6,-2.5158715,valid
5917,6,-1.5122101,valid
5918,6,-0.85534686,valid
5919,6,-0.47427702,valid
5920,6,-3.6093228,valid
5921,6,-4.418399,valid
5922,6,-0.5459458,valid
5923,6,-4.5218105,valid
5924,6,-1.9043679,valid
5925,6,-1.5430694,valid
5926,6,-4.7729,valid
5927,6,-1.8978944,valid
5928,6,-2.8202746,valid
5929,6,-6.824862,valid
5930,6,-7.2109485,valid
5931,6,-2.086876,valid
5932,6,-4.0645943,valid
5933,6,-5.410594,valid
5934,6,-1.6709661,valid
5935,6,-4.7307005,valid
5936,6,-3.3347578,valid
5937,6,-3.289825,valid
5938,6,-1.2003748,valid
5939,6,-3.352684,valid
5940,6,-2.636264,valid
5941,6,-6.394414,valid
5942,6,-5.553476,valid
5943,6,-3.2274663,valid
5944,6,-1.186907,valid
5945,6,-5.831254,valid
5946,6,-3.0717275,valid
5947,6,-0.19179837,valid
5948,6,0.53954715,valid
5949,6,-1.6103073,valid
5950,6,-3.562851,valid
5951,6,-4.0750737,valid
5952,6,-1.3249738,valid
5953,6,-1.7345927,valid
5954,6,-0.8675478,valid
5955,6,-4.049802,valid
5956,6,-7.91351,valid
5957,6,-4.33769,valid
5958,6,-2.820716,valid
5959,6,-3.9484339,valid
5960,6,-2.724419,valid
5961,6,-3.9461699,valid
5962,6,-4.462378,valid
5963,6,-4.0090985,valid
5964,6,-2.6262121,valid
5965,6,-4.164854,valid
5966,6,-4.688443,valid
5967,6,-5.384783,valid
5968,6,-3.2572656,valid
5969,6,-2.8950613,valid
5970,6,-2.914275,valid
5971,6,-2.3610122,valid
5972,6,-4.639849,valid
5973,6,1.0164483,valid
5974,6,-4.0377135,valid
5975,6,-0.7846558,valid
5976,6,-4.87882,valid
5977,6,-3.426357,valid
5978,6,0.36162126,valid
5979,6,-3.5759416,valid
5980,6,-8.350038,valid
5981,6,-3.1338482,valid
5982,6,-2.567595,valid
5983,6,-3.3579879,valid
5984,6,-0.9253604,valid
5985,6,-0.2829352,valid
5986,6,-3.3627217,valid
5987,6,-2.1357543,valid
5988,7,-0.372152,valid
5989,7,-0.6160933,valid
5990,7,-4.7014117,valid
5991,7,-2.9170125,valid
5992,7,-3.8527055,valid
5993,7,-4.7593293,valid
5994,7,-1.8968213,valid
5995,7,-3.8383596,valid
5996,7,-2.4403021,valid
5997,7,-3.5986872,valid
5998,7,-3.2381482,valid
5999,7,-4.489347,valid
6000,7,-2.6964447,valid
6001,7,-3.4494421,valid
6002,7,-2.56028,valid
6003,7,-2.7964525,valid
6004,7,-0.47221282,valid
6005,7,1.4710302,valid
6006,7,-2.5959556,valid
6007,7,-3.502208,valid
6008,7,0.94934285,valid
6009,7,0.5122136,valid
6010,7,-3.9499216,valid
6011,7,-1.6983984,valid
6012,7,-2.816287,valid
6013,7,-1.3815026,valid
6014,7,-3.3496056,valid
6015,7,-1.5592546,valid
6016,7,-2.606173,valid
6017,7,-2.8582668,valid
6018,7,-1.285497,valid
6019,7,-0.11426178,valid
6020,7,-4.023067,valid
6021,7,-0.9979272,valid
6022,7,-1.9281107,valid
6023,7,-7.632816,valid
6024,7,-1.8865225,valid
6025,7,-1.8818426,valid
6026,7,-4.960113,valid
6027,7,-2.3446057,valid
6028,7,-4.5739717,valid
6029,7,3.2331777,valid
6030,7,-2.4586444,valid
6031,7,0.6400503,valid
6032,7,-5.2557073,valid
6033,7,-4.238985,valid
6034,7,-2.4581435,valid
6035,7,0.50824183,valid
6036,7,-0.47221285,valid
6037,7,-7.4353848,valid
6038,7,-2.1678033,valid
6039,7,-0.8850942,valid
6040,7,-2.2047658,valid
6041,7,-1.3930092,valid
6042,7,-3.6346807,valid
6043,7,-5.431526,valid
6044,7,-4.0640364,valid
6045,7,-4.4160533,valid
6046,7,0.21335095,valid
6047,7,-1.8307166,valid
6048,7,-0.87869227,valid
6049,7,-6.150441,valid
6050,7,-3.7126498,valid
6051,7,-2.8565469,valid
6052,7,-0.86657864,valid
6053,7,-3.1634674,valid
6054,7,-3.163638,valid
6055,7,-4.728791,valid
6056,7,-2.8120253,valid
6057,7,-1.7802342,valid
6058,7,-1.5103258,valid
6059,7,-4.185165,valid
6060,7,-1.7220197,valid
6061,7,0.61304164,valid
6062,7,-4.569573,valid
6063,7,-3.730943,valid
6064,7,-4.5191975,valid
6065,7,-1.4492055,valid
6066,7,-2.983089,valid
6067,7,-3.1351905,valid
6068,7,-4.3071938,valid
6069,7,-0.031501174,valid
6070,7,-4.703022,valid
6071,7,-5.630185,valid
6072,7,-3.2964315,valid
6073,7,-0.48727325,valid
6074,7,-6.0759664,valid
6075,7,-1.9866872,valid
6076,7,-2.546453,valid
6077,7,-4.2554245,valid
6078,7,-1.614239,valid
6079,7,-3.3973103,valid
6080,7,-2.165694,valid
6081,7,-3.642831,valid
6082,7,-0.9326536,valid
6083,7,-1.2932473,valid
6084,7,-5.6629133,valid
6085,7,-2.259992,valid
6086,7,1.8541995,valid
6087,7,-2.2660017,valid
6088,7,-0.20268275,valid
6089,7,-1.0383132,valid
6090,7,-3.8381605,valid
6091,7,-3.105403,valid
6092,7,-5.3510737,valid
6093,7,-2.7743425,valid
6094,7,-4.6426115,valid
6095,7,-0.15514061,valid
6096,7,-2.8371468,valid
6097,7,-7.2120028,valid
6098,7,-2.5297825,valid
6099,7,-2.7193327,valid
6100,7,0.8356541,valid
6101,7,-1.7906926,valid
6102,7,-3.220986,valid
6103,7,-2.3672233,valid
6104,7,-1.7334206,valid
6105,7,-0.9844117,valid
6106,7,0.57395345,valid
6107,7,0.36972472,valid
6108,7,-1.0695817,valid
6109,7,-2.4124966,valid
6110,7,1.3550223,valid
6111,7,-6.32407,valid
6112,7,-5.0421395,valid
6113,7,0.81543946,valid
6114,7,-4.3204474,valid
6115,7,-2.9078343,valid
6116,7,-1.8050969,valid
6117,7,-0.8514472,valid
6118,7,-1.9047737,valid
6119,7,-4.6731453,valid
6120,7,-4.630606,valid
6121,7,-3.4648428,valid
6122,7,-2.7255666,valid
6123,7,-2.8465424,valid
6124,7,1.4024317,valid
6125,7,-3.768765,valid
6126,7,0.054543987,valid
6127,7,-1.7861893,valid
6128,7,-2.8378866,valid
6129,7,-4.2675533,valid
6130,7,-0.3808132,valid
6131,7,-5.144497,valid
6132,7,-2.7347705,valid
6133,7,1.1131953,valid
6134,7,-4.777457,valid
6135,7,-4.8731146,valid
6136,7,-1.8789649,valid
6137,7,-1.1237137,valid
6138,7,-2.667256,valid
6139,7,-0.7413291,valid
6140,7,-4.101819,valid
6141,7,-3.3166292,valid
6142,7,-1.3371849,valid
6143,7,-2.467551,valid
6144,7,0.3972665,valid
6145,7,-1.2766348,valid
6146,7,-1.9808432,valid
6147,7,-6.0035396,valid
6148,7,-0.47221276,valid
6149,7,-1.0350934,valid
6150,7,-1.9217561,valid
6151,7,-2.2400613,valid
6152,7,-1.7844541,valid
6153,7,-1.2953928,valid
6154,7,0.8097658,valid
6155,7,-1.3634434,valid
6156,7,-3.698655,valid
6157,7,-4.7939434,valid
6158,7,-2.333025,valid
6159,7,-3.9994385,valid
6160,7,-4.9361973,valid
6161,7,-2.472476,valid
6162,7,-5.0841513,valid
6163,7,-5.4918814,valid
6164,7,-2.9124875,valid
6165,7,-4.435335,valid
6166,7,-5.4624114,valid
6167,7,-2.1438885,valid
6168,7,-3.4490871,valid
6169,7,-2.664831,valid
6170,7,-3.84856,valid
6171,7,-2.65189,valid
6172,7,0.55016243,valid
6173,7,-2.192236,valid
6174,7,-2.7449136,valid
6175,7,-4.50758,valid
6176,7,-2.7595077,valid
6177,7,-3.6523929,valid
6178,7,-3.440676,valid
6179,7,-2.653573,valid
6180,7,-6.469926,valid
6181,7,-4.130393,valid
6182,7,-6.5219536,valid
6183,7,0.14387007,valid
6184,7,-3.900231,valid
6185,7,1.5049121,valid
6186,7,-2.4198751,valid
6187,7,-3.744752,valid
6188,7,-1.5362837,valid
6189,7,-4.118458,valid
6190,7,-4.2117043,valid
6191,7,-0.5988117,valid
6192,7,-6.0489726,valid
6193,7,-2.9246905,valid
6194,7,-3.7445993,valid
6195,7,-1.5366633,valid
6196,7,-4.4462028,valid
6197,7,-2.3679106,valid
6198,7,-2.171918,valid
6199,7,-3.5330229,valid
6200,7,-4.5637674,valid
6201,7,-4.387104,valid
6202,7,-4.477789,valid
6203,7,-0.13963656,valid
6204,7,-2.9031465,valid
6205,7,-1.8899012,valid
6206,7,-2.6319766,valid
6207,7,0.8655688,valid
6208,7,-3.9528928,valid
6209,7,-2.7827334,valid
6210,7,0.99722505,valid
6211,7,-5.587682,valid
6212,7,-1.5641603,valid
6213,7,-0.47221282,valid
6214,7,-3.0634,valid
6215,7,-1.9159274,valid
6216,7,-3.2668843,valid
6217,7,-0.7384883,valid
6218,7,-2.1735883,valid
6219,7,-3.3410525,valid
6220,7,-3.4285061,valid
6221,7,-0.812176,valid
6222,7,-5.101683,valid
6223,7,-3.6835332,valid
6224,7,-3.1888285,valid
6225,7,-0.13676809,valid
6226,7,-3.1215816,valid
6227,7,-2.7188556,valid
6228,7,-4.4933863,valid
6229,7,-1.7705922,valid
6230,7,-3.151894,valid
6231,7,-2.7557278,valid
6232,7,-2.3086414,valid
6233,7,-2.4188998,valid
6234,7,-2.5714455,valid
6235,7,-3.8278773,valid
6236,7,-3.7531123,valid
6237,7,-2.364004,valid
6238,7,-7.21036,valid
6239,7,-3.129508,valid
6240,7,-1.148784,valid
6241,7,-1.3679194,valid
6242,7,-6.1242056,valid
6243,7,-2.0688365,valid
6244,7,-2.7665238,valid
6245,7,-4.0567284,valid
6246,7,-1.5618076,valid
6247,7,-3.5795565,valid
6248,7,-1.9805996,valid
6249,7,-2.6834643,valid
6250,7,-1.3881339,valid
6251,7,-3.6206927,valid
6252,7,-2.4161158,valid
6253,7,1.5993214,valid
6254,7,-2.6984916,valid
6255,7,0.40178928,valid
6256,7,-6.3889313,valid
6257,7,-6.4914484,valid
6258,7,-2.8341804,valid
6259,7,-3.7911148,valid
6260,7,-0.0050810967,valid
6261,7,-1.9273905,valid
6262,7,-4.1475005,valid
6263,7,-7.076802,valid
6264,7,-2.8364477,valid
6265,7,-2.2828972,valid
6266,7,-4.296062,valid
6267,7,-4.5307336,valid
6268,7,-4.334118,valid
6269,7,1.5007617,valid
6270,7,-0.4722899,valid
6271,7,-5.4004455,valid
6272,7,-1.6825424,valid
6273,7,0.14736627,valid
6274,7,-3.451908,valid
6275,7,-2.8995018,valid
6276,7,-3.8022425,valid
6277,7,-0.58526635,valid
6278,7,-3.4547656,valid
6279,7,-3.8788877,valid
6280,7,-2.3677738,valid
6281,7,1.0297676,valid
6282,7,-5.2027006,valid
6283,7,-3.160402,valid
6284,7,-4.141063,valid
6285,7,-3.2127156,valid
6286,7,0.17601502,valid
6287,7,-3.7047093,valid
6288,7,-3.491736,valid
6289,7,-4.5578036,valid
6290,7,-0.99615353,valid
6291,7,-5.357105,valid
6292,7,-1.632678,valid
6293,7,-1.7244632,valid
6294,7,-1.3912349,valid
6295,7,-2.7300348,valid
6296,7,-5.7692347,valid
6297,7,-6.343,valid
6298,7,-1.9252237,valid
6299,7,-1.9753563,valid
6300,7,-1.577654,valid
6301,7,-2.0992403,valid
6302,7,-4.0728025,valid
6303,7,-4.570778,valid
6304,7,-5.9295645,valid
6305,7,-4.14145,valid
6306,7,-1.5084538,valid
6307,7,-4.331417,valid
6308,7,-3.7269223,valid
6309,7,-6.8115544,valid
6310,7,-3.604937,valid
6311,7,-6.3561077,valid
6312,7,-0.67518806,valid
6313,7,-1.6474091,valid
6314,7,-5.8501782,valid
6315,7,-2.2530851,valid
6316,7,-4.600528,valid
6317,7,-4.0399227,valid
6318,7,-4.2125125,valid
6319,7,-1.3516691,valid
6320,7,-0.47221285,valid
6321,7,-2.8377743,valid
6322,7,-3.5759153,valid
6323,7,0.19046456,valid
6324,7,-2.9321764,valid
6325,7,-2.0418038,valid
6326,7,-1.8352466,valid
6327,7,-2.458255,valid
6328,7,-1.3405297,valid
6329,7,-3.6653519,valid
6330,7,-3.3760672,valid
6331,7,-7.6596985,valid
6332,7,-3.462028,valid
6333,7,-1.364903,valid
6334,7,-5.4339867,valid
6335,7,-3.000004,valid
6336,7,-2.9068854,valid
6337,7,-4.379831,valid
6338,7,-2.7856858,valid
6339,7,-3.806675,valid
6340,7,-4.3476796,valid
6341,7,-3.7666764,valid
6342,7,-2.5420835,valid
6343,7,-1.7764468,valid
6344,7,0.9854882,valid
6345,7,-1.6847326,valid
6346,7,-3.378797,valid
6347,7,-0.450453,valid
6348,7,-0.66969573,valid
6349,7,-5.4918814,valid
6350,7,-0.18834013,valid
6351,7,-0.47221285,valid
6352,7,-2.6205988,valid
6353,7,-0.773355,valid
6354,7,-0.18597691,valid
6355,7,0.68063366,valid
6356,7,-2.4541416,valid
6357,7,-6.699341,valid
6358,7,-1.6820167,valid
6359,7,-4.152061,valid
6360,7,-3.1236637,valid
6361,7,-9.105991,valid
6362,7,-8.725721,valid
6363,7,-2.7420015,valid
6364,7,-5.0166726,valid
6365,7,-1.9932201,valid
6366,7,-2.1096065,valid
6367,7,0.45805982,valid
6368,7,-3.4948688,valid
6369,7,-4.834155,valid
6370,7,-0.83736324,valid
6371,7,-3.1429024,valid
6372,7,-1.0851264,valid
6373,7,-3.6899726,valid
6374,7,-3.6957526,valid
6375,7,-9.10992,valid
6376,7,-2.50782,valid
6377,7,-5.1263003,valid
6378,7,-2.4370003,valid
6379,7,-4.7698812,valid
6380,7,-0.49093378,valid
6381,7,-2.4664507,valid
6382,7,-0.40175527,valid
6383,7,-3.4203708,valid
6384,7,-1.8968138,valid
6385,7,-1.350306,valid
6386,7,-3.3333383,valid
6387,7,-5.0034537,valid
6388,7,-1.9095644,valid
6389,7,-3.8779788,valid
6390,7,-2.6253786,valid
6391,7,-3.2921863,valid
6392,7,-3.9293,valid
6393,7,0.13280436,valid
6394,7,-5.3559594,valid
6395,7,-4.0765266,valid
6396,7,-4.495859,valid
6397,7,-1.1587205,valid
6398,7,-0.09154082,valid
6399,7,-1.0419536,valid
6400,7,-2.5901036,valid
6401,7,-1.7647159,valid
6402,7,-1.4551826,valid
6403,7,-2.1430645,valid
6404,7,-1.5925617,valid
6405,7,-3.0758605,valid
6406,7,-0.031073267,valid
6407,7,-1.8930932,valid
6408,7,-0.47221282,valid
6409,7,-2.2091813,valid
6410,7,-0.31142965,valid
6411,7,-2.3874974,valid
6412,7,-4.7345247,valid
6413,7,-3.630193,valid
6414,7,-3.0165367,valid
6415,7,-2.85641,valid
6416,7,-3.1668506,valid
6417,7,-2.6231577,valid
6418,7,-0.95406836,valid
6419,7,-1.9120759,valid
6420,7,-1.2278119,valid
6421,7,-3.9415364,valid
6422,7,-4.32479,valid
6423,7,-3.6958203,valid
6424,7,-4.4909625,valid
6425,7,-5.5073843,valid
6426,7,-0.47221285,valid
6427,7,-3.6423395,valid
6428,7,-6.5806985,valid
6429,7,-4.3401785,valid
6430,7,-3.4339068,valid
6431,7,0.4284615,valid
6432,7,-0.089770876,valid
6433,7,-7.0294375,valid
6434,7,0.4978175,valid
6435,7,-6.1651297,valid
6436,7,-3.5719733,valid
6437,7,-1.3476663,valid
6438,7,-1.503018,valid
6439,7,-4.7775645,valid
6440,7,-3.500691,valid
6441,7,0.36333504,valid
6442,7,-3.215351,valid
6443,7,1.8178614,valid
6444,7,-2.002443,valid
6445,7,-2.615746,valid
6446,7,-3.7820854,valid
6447,7,-4.342267,valid
6448,7,0.09343614,valid
6449,7,-3.9078262,valid
6450,7,-2.8361053,valid
6451,7,-2.805735,valid
6452,7,-2.701839,valid
6453,7,-3.8511627,valid
6454,7,-1.9278891,valid
6455,7,-1.1731973,valid
6456,7,-2.1994553,valid
6457,7,-3.5225992,valid
6458,7,-5.6583834,valid
6459,7,-4.465632,valid
6460,7,-3.145142,valid
6461,7,-0.97101736,valid
6462,7,-3.5721831,valid
6463,7,-3.7364156,valid
6464,7,-3.8164952,valid
6465,7,-6.3266597,valid
6466,7,-1.252227,valid
6467,7,-1.6257557,valid
6468,7,-2.6524289,valid
6469,7,-3.2493248,valid
6470,7,-2.100856,valid
6471,7,-2.8066092,valid
6472,7,-3.3108878,valid
6473,7,-2.3783011,valid
6474,7,-2.8337831,valid
6475,7,-4.164899,valid
6476,7,-2.0536575,valid
6477,7,-1.8112513,valid
6478,7,-1.0407717,valid
6479,7,-3.6202965,valid
6480,7,-3.9283295,valid
6481,7,-0.29535142,valid
6482,7,-2.5087807,valid
6483,7,-1.6614085,valid
6484,7,-2.5502014,valid
6485,7,-3.867114,valid
6486,7,-4.804453,valid
6487,7,-0.2063879,valid
6488,7,-3.394098,valid
6489,7,-2.47079,valid
6490,7,-2.327105,valid
6491,7,-0.9625418,valid
6492,7,-3.2343562,valid
6493,7,-3.0433283,valid
6494,7,0.54347384,valid
6495,7,-2.0032313,valid
6496,7,-3.474661,valid
6497,7,-5.163472,valid
6498,7,-1.9506989,valid
6499,7,-2.6502202,valid
6500,7,-4.3811054,valid
6501,7,-1.1882552,valid
6502,7,-4.1734285,valid
6503,7,-5.5150948,valid
6504,7,-2.9514465,valid
6505,7,-6.527721,valid
6506,7,-0.8121412,valid
6507,7,0.86545205,valid
6508,7,-2.435472,valid
6509,7,-3.7799716,valid
6510,7,-3.418617,valid
6511,7,-3.359251,valid
6512,7,-3.3929036,valid
6513,7,-2.0088325,valid
6514,7,-4.0735254,valid
6515,7,-1.6624311,valid
6516,7,-1.9068104,valid
6517,7,-2.146082,valid
6518,7,-1.6487708,valid
6519,7,-0.55183053,valid
6520,7,-4.338524,valid
6521,7,-1.8138925,valid
6522,7,-3.1882749,valid
6523,7,-3.0110085,valid
6524,7,0.23992053,valid
6525,7,-1.8938308,valid
6526,7,-2.7962103,valid
6527,7,-2.8569415,valid
6528,7,-4.6393347,valid
6529,7,-1.428345,valid
6530,7,-2.655345,valid
6531,7,0.19699794,valid
6532,7,-3.3914971,valid
6533,7,1.3298051,valid
6534,7,-0.7769487,valid
6535,7,-4.161494,valid
6536,7,-4.6287975,valid
6537,7,-4.406249,valid
6538,7,-1.5435214,valid
6539,7,-3.5286052,valid
6540,7,-1.7240163,valid
6541,7,-2.429289,valid
6542,7,-0.5240366,valid
6543,7,-3.1595874,valid
6544,7,-1.7509005,valid
6545,7,1.1459398,valid
6546,7,-3.8689394,valid
6547,7,-2.3068488,valid
6548,7,-3.5750952,valid
6549,7,-1.4808702,valid
6550,7,0.6582839,valid
6551,7,-6.672184,valid
6552,7,-2.4378438,valid
6553,7,-3.238739,valid
6554,7,-1.7447574,valid
6555,7,-3.1394331,valid
6556,7,-0.84803927,valid
6557,7,2.5932477,valid
6558,7,-0.7399399,valid
6559,7,-1.201028,valid
6560,7,-3.1351054,valid
6561,7,0.9159409,valid
6562,7,-3.8019886,valid
6563,7,-0.8924493,valid
6564,7,-5.399276,valid
6565,7,-1.9969215,valid
6566,7,-0.7824626,valid
6567,7,-4.85981,valid
6568,7,0.42640528,valid
6569,7,-0.072935075,valid
6570,7,-1.2003536,valid
6571,7,-0.90392303,valid
6572,7,-1.6347554,valid
6573,7,-3.1731079,valid
6574,7,-2.542275,valid
6575,7,-4.8486032,valid
6576,7,-2.779007,valid
6577,7,-4.3688574,valid
6578,7,-2.9873471,valid
6579,7,-2.7904093,valid
6580,7,-1.2406219,valid
6581,7,0.22656688,valid
6582,7,-3.7532437,valid
6583,7,-1.9853565,valid
6584,7,1.5706604,valid
6585,7,-3.7421076,valid
6586,7,-0.9246318,valid
6587,7,-3.121831,valid
6588,7,-2.4761622,valid
6589,7,-3.8570137,valid
6590,7,0.55037475,valid
6591,7,0.8097658,valid
6592,7,-4.6725802,valid
6593,7,-2.895354,valid
6594,7,-1.6633477,valid
6595,7,-8.705088,valid
6596,7,-3.7079873,valid
6597,7,-2.6209183,valid
6598,7,-4.700994,valid
6599,7,-3.3193314,valid
6600,7,-2.5100906,valid
6601,7,-4.432577,valid
6602,7,-3.6628945,valid
6603,7,-2.5063634,valid
6604,7,-3.2911139,valid
6605,7,-4.5739565,valid
6606,7,-2.466844,valid
6607,7,-4.5342026,valid
6608,7,-4.281523,valid
6609,7,-3.4229016,valid
6610,7,-3.5494313,valid
6611,7,-1.4400638,valid
6612,7,-3.4042249,valid
6613,7,-0.8511074,valid
6614,7,-4.9128056,valid
6615,7,-4.8085747,valid
6616,7,-2.2604854,valid
6617,7,-2.8108616,valid
6618,7,-1.9592868,valid
6619,7,-4.458766,valid
6620,7,-3.471199,valid
6621,7,-5.9046803,valid
6622,7,-1.9476322,valid
6623,7,-2.7978568,valid
6624,7,0.8643341,valid
6625,7,-0.4346399,valid
6626,7,-2.908601,valid
6627,7,-2.1101081,valid
6628,7,-1.6040618,valid
6629,7,-4.71342,valid
6630,7,-1.9542111,valid
6631,7,-1.915342,valid
6632,7,-1.9159274,valid
6633,7,-4.446496,valid
6634,7,-4.0359516,valid
6635,7,-3.666904,valid
6636,7,-2.8434079,valid
6637,7,-0.27408922,valid
6638,7,-1.9701015,valid
6639,7,-2.9322462,valid
6640,7,-4.3901567,valid
6641,7,-3.5936782,valid
6642,7,-4.5191116,valid
6643,7,-3.9574795,valid
6644,7,-1.4575821,valid
6645,7,0.72142994,valid
6646,7,-3.3355708,valid
6647,7,-2.8897932,valid
6648,7,-3.382738,valid
6649,7,-4.5281777,valid
6650,7,-3.986654,valid
6651,7,-5.0639877,valid
6652,7,-2.6687133,valid
6653,7,-3.3370826,valid
6654,7,-0.66406983,valid
6655,7,-1.5926106,valid
6656,7,-1.7559513,valid
6657,7,-5.64764,valid
6658,7,-4.8520966,valid
6659,7,-5.659201,valid
6660,7,-2.3077013,valid
6661,7,0.10775211,valid
6662,7,-2.569101,valid
6663,7,-0.8181294,valid
6664,7,-6.424149,valid
6665,7,-5.424223,valid
6666,7,-0.10697424,valid
6667,7,-1.8326685,valid
6668,7,-5.6388335,valid
6669,7,-0.7844348,valid
6670,7,-5.6293592,valid
6671,7,-0.28104183,valid
6672,7,1.6026081,valid
6673,7,-4.2223954,valid
6674,7,-1.3731674,valid
6675,7,-6.0539217,valid
6676,7,-7.399825,valid
6677,7,-2.7009718,valid
6678,7,-3.9953015,valid
6679,7,-4.229613,valid
6680,7,-1.9948066,valid
6681,7,-4.6750183,valid
6682,7,-2.6857765,valid
6683,7,-4.0680537,valid
6684,7,-2.1277244,valid
6685,7,-4.895319,valid
6686,7,-4.703553,valid
6687,7,-2.7470512,valid
6688,7,-3.2072012,valid
6689,7,-2.7207067,valid
6690,7,-1.7393079,valid
6691,7,-3.551315,valid
6692,7,-0.4934056,valid
6693,7,-5.390476,valid
6694,7,-1.0018183,valid
6695,7,-2.4032445,valid
6696,7,-1.8926374,valid
6697,7,-3.2919466,valid
6698,7,-2.260356,valid
6699,7,-4.0149665,valid
6700,7,-4.3287,valid
6701,7,-1.4740527,valid
6702,7,-1.4471254,valid
6703,7,-1.0435655,valid
6704,7,-3.2136369,valid
6705,7,1.9247427,valid
6706,7,-5.6458073,valid
6707,7,-4.958395,valid
6708,7,-8.412804,valid
6709,7,-2.217441,valid
6710,7,-2.3924947,valid
6711,7,-2.468048,valid
6712,7,-3.5291016,valid
6713,7,-3.1741977,valid
6714,7,-0.8310406,valid
6715,7,-1.6450232,valid
6716,7,-4.28304,valid
6717,7,-1.7496209,valid
6718,7,-0.7359613,valid
6719,7,-0.84803927,valid
6720,7,-0.6861695,valid
6721,7,-3.986704,valid
6722,7,-1.9333324,valid
6723,7,-1.675642,valid
6724,7,-4.6855927,valid
6725,7,-1.2339809,valid
6726,7,-3.7816858,valid
6727,7,-3.5127168,valid
6728,7,-5.217539,valid
6729,7,-2.379013,valid
6730,7,-2.0410595,valid
6731,7,-5.4761124,valid
6732,7,-4.1173525,valid
6733,7,-4.167271,valid
6734,7,-1.6876223,valid
6735,7,-4.641959,valid
6736,7,0.77581614,valid
6737,7,-1.6299201,valid
6738,7,-5.130826,valid
6739,7,-3.7724547,valid
6740,7,-1.9921157,valid
6741,7,-0.027395045,valid
6742,7,-6.9479375,valid
6743,7,-5.8117695,valid
6744,7,-1.7908546,valid
6745,7,-1.5670538,valid
6746,7,-5.0025983,valid
6747,7,-1.4236615,valid
6748,7,-0.19714966,valid
6749,7,-4.8534584,valid
6750,7,-2.913626,valid
6751,7,-6.2363524,valid
6752,7,-2.3501422,valid
6753,7,-2.9034772,valid
6754,7,-3.3500361,valid
6755,7,0.513136,valid
6756,7,-2.383916,valid
6757,7,-2.4165235,valid
6758,7,-1.1309471,valid
6759,7,-1.4526422,valid
6760,7,-0.16108032,valid
6761,7,-4.196584,valid
6762,7,-3.6548572,valid
6763,7,-0.7436815,valid
6764,7,-3.5988748,valid
6765,7,-3.6557155,valid
6766,7,-2.9567397,valid
6767,7,-3.1538646,valid
6768,7,-1.5606781,valid
6769,7,0.06930978,valid
6770,7,0.22906128,valid
6771,7,-1.6851482,valid
6772,7,-0.83448607,valid
6773,7,-2.8759856,valid
6774,7,-0.66569877,valid
6775,7,-5.106533,valid
6776,7,-2.9821906,valid
6777,7,-2.225433,valid
6778,7,-5.260251,valid
6779,7,-6.0935006,valid
6780,7,-1.650768,valid
6781,7,-4.239646,valid
6782,7,-3.8660426,valid
6783,7,-5.003924,valid
6784,7,-2.951359,valid
6785,7,-3.843973,valid
6786,7,0.9172802,valid
6787,7,0.5331552,valid
6788,7,-3.559373,valid
6789,7,-4.6019964,valid
6790,7,-5.194423,valid
6791,7,-2.978735,valid
6792,7,-1.0995152,valid
6793,7,-1.3273308,valid
6794,7,-5.2892256,valid
6795,7,-1.9889252,valid
6796,7,-2.9379992,valid
6797,7,-2.4998,valid
6798,7,-1.1679277,valid
6799,7,-2.4027526,valid
6800,7,-2.534753,valid
6801,7,-3.7027228,valid
6802,7,-2.0104864,valid
6803,7,-1.6082659,valid
6804,7,-2.934808,valid
6805,7,-5.7706985,valid
6806,7,-3.088313,valid
6807,7,-2.1194267,valid
6808,7,-2.1797466,valid
6809,7,-2.9389393,valid
6810,7,-2.9599805,valid
6811,7,-6.4226437,valid
6812,7,-6.40428,valid
6813,7,-0.43501934,valid
6814,7,-0.18618378,valid
6815,7,-3.5084949,valid
6816,7,-2.229886,valid
6817,7,-5.875101,valid
6818,7,-0.86421394,valid
6819,7,-3.61186,valid
6820,7,-3.9577637,valid
6821,7,-3.5352273,valid
6822,7,-5.8957314,valid
6823,7,-1.415976,valid
6824,7,-4.70824,valid
6825,7,-1.2733144,valid
6826,7,-2.572648,valid
6827,7,-1.841003,valid
6828,7,-3.431246,valid
6829,7,-4.0374527,valid
6830,7,-3.046761,valid
6831,7,-6.1850615,valid
6832,7,-4.2502346,valid
6833,7,-3.6086245,valid
6834,7,-2.6322584,valid
6835,7,-4.0727806,valid
6836,7,-3.878568,valid
6837,7,-3.4052947,valid
6838,7,-3.9486966,valid
6839,7,-3.6808457,valid
6840,7,-1.1254448,valid
6841,7,-1.6644363,valid
6842,7,-4.1022563,valid
6843,7,-4.4497633,valid
6844,7,-0.17580105,valid
6845,7,-3.1689363,valid
6846,7,-0.35112658,valid
6847,7,-2.4785852,valid
6848,7,-0.5050168,valid
6849,7,-5.585249,valid
6850,7,-4.6221423,valid
6851,7,-3.0562973,valid
6852,7,1.3090916,valid
6853,7,-4.387063,valid
6854,7,-2.8295786,valid
6855,7,-3.6785576,valid
6856,7,-4.3104086,valid
6857,7,-1.5177262,valid
6858,7,-2.5656087,valid
6859,7,-3.4288886,valid
6860,7,-4.293858,valid
6861,7,-4.573788,valid
6862,7,-0.73382425,valid
6863,7,-4.173851,valid
6864,7,-3.5991018,valid
6865,7,-2.327105,valid
6866,7,-3.2904801,valid
6867,7,-3.6262424,valid
6868,7,-8.325815,valid
6869,7,-5.068764,valid
6870,7,-3.0010285,valid
6871,7,-3.3441362,valid
6872,7,-2.5681427,valid
6873,7,-2.9379995,valid
6874,7,-4.100774,valid
6875,7,-1.527569,valid
6876,7,1.7798601,valid
6877,7,-5.239293,valid
6878,7,-5.5375733,valid
6879,7,-3.0618286,valid
6880,7,-3.9083483,valid
6881,7,-6.618573,valid
6882,7,-2.0823398,valid
6883,7,-1.0813419,valid
6884,7,-2.7884636,valid
6885,7,-4.884468,valid
6886,7,-6.620641,valid
6887,7,-1.4106879,valid
6888,7,-0.9039786,valid
6889,7,-3.579936,valid
6890,7,-3.3160446,valid
6891,7,-0.6814365,valid
6892,7,-1.5802715,valid
6893,7,-3.8048978,valid
6894,7,-3.0787792,valid
6895,7,-2.0091467,valid
6896,7,-3.341198,valid
6897,7,-4.893294,valid
6898,7,-2.3935878,valid
6899,7,-5.014125,valid
6900,7,-5.436156,valid
6901,7,-3.3209624,valid
6902,7,-3.1538644,valid
6903,7,2.1236334,valid
6904,7,-4.9989567,valid
6905,7,-3.913564,valid
6906,7,-0.23933525,valid
6907,7,-1.3702922,valid
6908,7,-1.3896792,valid
6909,7,-2.178585,valid
6910,7,-6.5014153,valid
6911,7,-3.0204651,valid
6912,7,-7.488837,valid
6913,7,-0.85763043,valid
6914,7,-2.3897514,valid
6915,7,-1.2798282,valid
6916,7,-0.47221285,valid
6917,7,-0.7234662,valid
6918,7,-3.7104654,valid
6919,7,-4.0657606,valid
6920,7,0.0507034,valid
6921,7,-4.018353,valid
6922,7,-1.9263923,valid
6923,7,-1.5857304,valid
6924,7,-4.1895804,valid
6925,7,-1.9262538,valid
6926,7,-2.9686759,valid
6927,7,-6.7022266,valid
6928,7,-7.048486,valid
6929,7,-2.1769762,valid
6930,7,-3.5892272,valid
6931,7,-4.938791,valid
6932,7,-1.8436368,valid
6933,7,-4.515999,valid
6934,7,-3.2388844,valid
6935,7,-3.0736752,valid
6936,7,-1.1679277,valid
6937,7,-3.0875838,valid
6938,7,-2.8494892,valid
6939,7,-6.328454,valid
6940,7,-5.6343756,valid
6941,7,-3.011525,valid
6942,7,-1.6183556,valid
6943,7,-5.8383746,valid
6944,7,-3.0761688,valid
6945,7,0.18685496,valid
6946,7,0.6402029,valid
6947,7,-1.3899319,valid
6948,7,-3.6942387,valid
6949,7,-3.703764,valid
6950,7,-1.2872345,valid
6951,7,-1.3874842,valid
6952,7,-0.9213278,valid
6953,7,-3.9686637,valid
6954,7,-7.773929,valid
6955,7,-4.045144,valid
6956,7,-2.7147303,valid
6957,7,-4.0894966,valid
6958,7,-2.8690915,valid
6959,7,-3.795889,valid
6960,7,-3.934508,valid
6961,7,-3.2286785,valid
6962,7,-2.502603,valid
6963,7,-4.053917,valid
6964,7,-4.782557,valid
6965,7,-4.8118935,valid
6966,7,-3.2988718,valid
6967,7,-2.7349668,valid
6968,7,-3.2158506,valid
6969,7,-2.521339,valid
6970,7,-3.7799716,valid
6971,7,1.0412664,valid
6972,7,-4.126068,valid
6973,7,-0.8357968,valid
6974,7,-4.904399,valid
6975,7,-3.0655751,valid
6976,7,0.14938352,valid
6977,7,-3.8152602,valid
6978,7,-8.101594,valid
6979,7,-2.8497663,valid
6980,7,-2.400529,valid
6981,7,-3.1882162,valid
6982,7,-1.1400154,valid
6983,7,-0.32673088,valid
6984,7,-3.4653547,valid
6985,7,-2.0120938,valid
6986,8,-0.8913881,valid
6987,8,-0.7864391,valid
6988,8,-4.7707596,valid
6989,8,-3.190338,valid
6990,8,-4.07353,valid
6991,8,-4.8522615,valid
6992,8,-2.0075226,valid
6993,8,-4.014007,valid
6994,8,-2.673377,valid
6995,8,-3.873864,valid
6996,8,-3.3814197,valid
6997,8,-4.705401,valid
6998,8,-2.7300136,valid
6999,8,-3.545863,valid
7000,8,-2.9190347,valid
7001,8,-2.8577511,valid
7002,8,-1.1071393,valid
7003,8,1.3095328,valid
7004,8,-2.6888173,valid
7005,8,-3.6670144,valid
7006,8,0.6200177,valid
7007,8,0.40968388,valid
7008,8,-3.9069815,valid
7009,8,-1.8661666,valid
7010,8,-2.7514043,valid
7011,8,-1.4951245,valid
7012,8,-3.4735968,valid
7013,8,-2.0886714,valid
7014,8,-2.7907717,valid
7015,8,-3.2040021,valid
7016,8,-1.4286821,valid
7017,8,-0.26434022,valid
7018,8,-4.229347,valid
7019,8,-1.3595647,valid
7020,8,-2.2189524,valid
7021,8,-7.9650216,valid
7022,8,-2.4345398,valid
7023,8,-2.4109828,valid
7024,8,-5.2160177,valid
7025,8,-2.3289878,valid
7026,8,-4.7561207,valid
7027,8,2.5254853,valid
7028,8,-2.2717602,valid
7029,8,0.5534673,valid
7030,8,-5.267255,valid
7031,8,-4.213426,valid
7032,8,-2.5041354,valid
7033,8,0.27403212,valid
7034,8,-1.1071392,valid
7035,8,-7.5331917,valid
7036,8,-2.1885664,valid
7037,8,-0.9605874,valid
7038,8,-2.2931879,valid
7039,8,-1.8975062,valid
7040,8,-3.6879985,valid
7041,8,-5.47164,valid
7042,8,-4.57926,valid
7043,8,-4.5245166,valid
7044,8,0.15288943,valid
7045,8,-2.037951,valid
7046,8,-0.9348206,valid
7047,8,-6.271431,valid
7048,8,-3.7251165,valid
7049,8,-2.9836123,valid
7050,8,-0.93335044,valid
7051,8,-3.3872006,valid
7052,8,-3.2354379,valid
7053,8,-4.840082,valid
7054,8,-2.9748623,valid
7055,8,-2.1406925,valid
7056,8,-1.3532898,valid
7057,8,-5.0448675,valid
7058,8,-1.7501868,valid
7059,8,0.45304412,valid
7060,8,-4.9092755,valid
7061,8,-3.8927941,valid
7062,8,-4.791725,valid
7063,8,-1.5545021,valid
7064,8,-3.0008314,valid
7065,8,-3.538334,valid
7066,8,-4.3346906,valid
7067,8,-0.31870303,valid
7068,8,-4.8130636,valid
7069,8,-5.715554,valid
7070,8,-3.578948,valid
7071,8,-0.6101622,valid
7072,8,-6.127661,valid
7073,8,-2.029688,valid
7074,8,-2.880156,valid
7075,8,-4.4802923,valid
7076,8,-1.63437,valid
7077,8,-4.0775194,valid
7078,8,-2.540531,valid
7079,8,-4.0022564,valid
7080,8,-1.1967028,valid
7081,8,-1.3767705,valid
7082,8,-5.8028755,valid
7083,8,-2.4181888,valid
7084,8,1.5023587,valid
7085,8,-2.5295453,valid
7086,8,-0.25959054,valid
7087,8,-1.1183131,valid
7088,8,-3.9070063,valid
7089,8,-3.27026,valid
7090,8,-5.50058,valid
7091,8,-2.9858134,valid
7092,8,-5.1118155,valid
7093,8,-0.13343608,valid
7094,8,-3.3012097,valid
7095,8,-7.307049,valid
7096,8,-2.474297,valid
7097,8,-2.8459504,valid
7098,8,0.7914648,valid
7099,8,-1.8470536,valid
7100,8,-3.2682364,valid
7101,8,-2.687514,valid
7102,8,-2.1049771,valid
7103,8,-1.0441389,valid
7104,8,0.4104024,valid
7105,8,0.5226159,valid
7106,8,-0.83447415,valid
7107,8,-2.375468,valid
7108,8,0.92039967,valid
7109,8,-6.3729005,valid
7110,8,-5.1806254,valid
7111,8,0.91193354,valid
7112,8,-4.8056984,valid
7113,8,-3.3110235,valid
7114,8,-2.2978692,valid
7115,8,-0.8870893,valid
7116,8,-2.1735425,valid
7117,8,-5.028721,valid
7118,8,-4.6028495,valid
7119,8,-3.4765992,valid
7120,8,-2.779291,valid
7121,8,-2.9450266,valid
7122,8,1.2573816,valid
7123,8,-4.007282,valid
7124,8,-0.054616563,valid
7125,8,-1.769541,valid
7126,8,-2.8322327,valid
7127,8,-4.7455034,valid
7128,8,-0.20803909,valid
7129,8,-5.49885,valid
7130,8,-2.7754776,valid
7131,8,0.6673253,valid
7132,8,-4.775451,valid
7133,8,-5.418638,valid
7134,8,-2.4483063,valid
7135,8,-1.3594497,valid
7136,8,-3.050205,valid
7137,8,-0.8119108,valid
7138,8,-4.282069,valid
7139,8,-4.031516,valid
7140,8,-1.3485492,valid
7141,8,-2.7631505,valid
7142,8,0.23190714,valid
7143,8,-1.5210443,valid
7144,8,-2.2606866,valid
7145,8,-6.027544,valid
7146,8,-1.1071392,valid
7147,8,-1.2417444,valid
7148,8,-2.14846,valid
7149,8,-2.6113112,valid
7150,8,-2.0651124,valid
7151,8,-1.2464756,valid
7152,8,0.6807633,valid
7153,8,-1.5587046,valid
7154,8,-3.7152712,valid
7155,8,-4.938076,valid
7156,8,-2.6195333,valid
7157,8,-4.077809,valid
7158,8,-5.4108276,valid
7159,8,-2.5596695,valid
7160,8,-5.5102363,valid
7161,8,-4.991044,valid
7162,8,-3.23587,valid
7163,8,-4.949565,valid
7164,8,-5.615115,valid
7165,8,-2.1592531,valid
7166,8,-3.5463448,valid
7167,8,-2.9122083,valid
7168,8,-3.8890293,valid
7169,8,-2.974938,valid
7170,8,0.55482286,valid
7171,8,-2.4485142,valid
7172,8,-3.1560168,valid
7173,8,-4.7614827,valid
7174,8,-2.8625274,valid
7175,8,-3.5556946,valid
7176,8,-3.6326687,valid
7177,8,-2.6707067,valid
7178,8,-6.4459,valid
7179,8,-4.3404922,valid
7180,8,-6.5993876,valid
7181,8,-0.053252958,valid
7182,8,-4.683247,valid
7183,8,1.0449864,valid
7184,8,-2.6572669,valid
7185,8,-4.002958,valid
7186,8,-1.8521174,valid
7187,8,-4.4227705,valid
7188,8,-4.3509912,valid
7189,8,-0.82597375,valid
7190,8,-7.1513634,valid
7191,8,-3.0187957,valid
7192,8,-3.802547,valid
7193,8,-2.2470043,valid
7194,8,-4.5773044,valid
7195,8,-2.432121,valid
7196,8,-2.3363926,valid
7197,8,-3.6917613,valid
7198,8,-5.4660454,valid
7199,8,-4.470149,valid
7200,8,-4.586088,valid
7201,8,-0.18587877,valid
7202,8,-2.9878926,valid
7203,8,-2.2866616,valid
7204,8,-3.2540934,valid
7205,8,0.8377442,valid
7206,8,-4.1093216,valid
7207,8,-2.7831116,valid
7208,8,0.38446486,valid
7209,8,-5.8906918,valid
7210,8,-1.8273562,valid
7211,8,-1.1071395,valid
7212,8,-3.5494561,valid
7213,8,-2.2632523,valid
7214,8,-2.9846702,valid
7215,8,-1.0495241,valid
7216,8,-2.360447,valid
7217,8,-3.3087308,valid
7218,8,-3.824778,valid
7219,8,-0.9859272,valid
7220,8,-5.68092,valid
7221,8,-3.826216,valid
7222,8,-3.2975295,valid
7223,8,-0.18768941,valid
7224,8,-3.1894841,valid
7225,8,-2.724174,valid
7226,8,-4.880211,valid
7227,8,-1.9479414,valid
7228,8,-3.1812665,valid
7229,8,-3.2487323,valid
7230,8,-2.1894097,valid
7231,8,-2.9075618,valid
7232,8,-2.6588123,valid
7233,8,-4.392385,valid
7234,8,-3.8349476,valid
7235,8,-2.5360682,valid
7236,8,-7.3609576,valid
7237,8,-3.497159,valid
7238,8,-1.4442841,valid
7239,8,-1.0684342,valid
7240,8,-6.20049,valid
7241,8,-2.3509476,valid
7242,8,-3.37461,valid
7243,8,-4.110546,valid
7244,8,-1.8544796,valid
7245,8,-3.7940142,valid
7246,8,-2.4286714,valid
7247,8,-2.8216586,valid
7248,8,-1.4586278,valid
7249,8,-3.744663,valid
7250,8,-2.831232,valid
7251,8,1.4615084,valid
7252,8,-2.7786624,valid
7253,8,0.284408,valid
7254,8,-6.619122,valid
7255,8,-6.6647444,valid
7256,8,-3.2184782,valid
7257,8,-3.953306,valid
7258,8,-0.13884437,valid
7259,8,-2.3033564,valid
7260,8,-4.642131,valid
7261,8,-7.1632614,valid
7262,8,-3.049918,valid
7263,8,-2.2758136,valid
7264,8,-4.5058756,valid
7265,8,-4.7699876,valid
7266,8,-4.5477076,valid
7267,8,1.3305576,valid
7268,8,-0.72025234,valid
7269,8,-6.4430175,valid
7270,8,-1.7010983,valid
7271,8,-0.15348671,valid
7272,8,-3.6671147,valid
7273,8,-3.2214284,valid
7274,8,-3.832881,valid
7275,8,-0.68075645,valid
7276,8,-3.7322314,valid
7277,8,-4.166944,valid
7278,8,-2.4485238,valid
7279,8,0.94700474,valid
7280,8,-5.4373136,valid
7281,8,-3.6313128,valid
7282,8,-4.529589,valid
7283,8,-3.7204247,valid
7284,8,-0.0052625295,valid
7285,8,-3.8696778,valid
7286,8,-3.5304332,valid
7287,8,-4.8233843,valid
7288,8,-1.1082232,valid
7289,8,-5.4280734,valid
7290,8,-1.5992688,valid
7291,8,-1.7883245,valid
7292,8,-1.497457,valid
7293,8,-2.8301063,valid
7294,8,-5.849936,valid
7295,8,-6.393548,valid
7296,8,-2.0580409,valid
7297,8,-2.3420398,valid
7298,8,-1.5594826,valid
7299,8,-2.395223,valid
7300,8,-4.207934,valid
7301,8,-4.5726314,valid
7302,8,-6.316046,valid
7303,8,-4.185875,valid
7304,8,-1.7448268,valid
7305,8,-4.3553004,valid
7306,8,-3.9824123,valid
7307,8,-6.8682847,valid
7308,8,-3.6640413,valid
7309,8,-6.522442,valid
7310,8,-0.96537393,valid
7311,8,-1.7989142,valid
7312,8,-6.046444,valid
7313,8,-2.4921577,valid
7314,8,-5.1611204,valid
7315,8,-4.084041,valid
7316,8,-4.3249006,valid
7317,8,-1.7632807,valid
7318,8,-1.1071392,valid
7319,8,-3.052859,valid
7320,8,-3.6569602,valid
7321,8,0.044201583,valid
7322,8,-3.028781,valid
7323,8,-2.4372184,valid
7324,8,-1.852769,valid
7325,8,-2.6986153,valid
7326,8,-1.5297219,valid
7327,8,-3.7879913,valid
7328,8,-3.6623232,valid
7329,8,-7.834665,valid
7330,8,-3.5343378,valid
7331,8,-1.3757206,valid
7332,8,-5.4196773,valid
7333,8,-3.1129568,valid
7334,8,-3.106501,valid
7335,8,-4.5220757,valid
7336,8,-3.2366211,valid
7337,8,-3.9082983,valid
7338,8,-4.408211,valid
7339,8,-3.786917,valid
7340,8,-2.5868115,valid
7341,8,-1.9190453,valid
7342,8,0.88284034,valid
7343,8,-2.019822,valid
7344,8,-3.4478133,valid
7345,8,-0.622703,valid
7346,8,-0.8926112,valid
7347,8,-4.991044,valid
7348,8,-0.50771004,valid
7349,8,-1.1071392,valid
7350,8,-2.949968,valid
7351,8,-0.92993605,valid
7352,8,-0.1698937,valid
7353,8,0.45258072,valid
7354,8,-2.7084754,valid
7355,8,-6.8388243,valid
7356,8,-1.980692,valid
7357,8,-4.329113,valid
7358,8,-3.6391082,valid
7359,8,-9.429763,valid
7360,8,-9.00569,valid
7361,8,-2.805542,valid
7362,8,-5.368026,valid
7363,8,-1.8828646,valid
7364,8,-2.335212,valid
7365,8,0.10269205,valid
7366,8,-3.8233104,valid
7367,8,-5.3700643,valid
7368,8,-1.124662,valid
7369,8,-3.57958,valid
7370,8,-1.2128682,valid
7371,8,-3.6389673,valid
7372,8,-3.826024,valid
7373,8,-9.683145,valid
7374,8,-3.115205,valid
7375,8,-5.2065434,valid
7376,8,-2.627777,valid
7377,8,-5.180017,valid
7378,8,-0.618883,valid
7379,8,-2.6394494,valid
7380,8,-0.63635224,valid
7381,8,-3.779373,valid
7382,8,-2.2742426,valid
7383,8,-1.4867605,valid
7384,8,-3.4231122,valid
7385,8,-4.987864,valid
7386,8,-1.9548182,valid
7387,8,-4.3137703,valid
7388,8,-2.9581854,valid
7389,8,-3.3918927,valid
7390,8,-4.2059216,valid
7391,8,0.1507203,valid
7392,8,-5.3870573,valid
7393,8,-4.14222,valid
7394,8,-4.588699,valid
7395,8,-0.76908857,valid
7396,8,-0.23091179,valid
7397,8,-1.3090824,valid
7398,8,-2.990516,valid
7399,8,-2.0734315,valid
7400,8,-1.6536819,valid
7401,8,-1.9058973,valid
7402,8,-1.7114097,valid
7403,8,-3.3270543,valid
7404,8,-0.15218516,valid
7405,8,-1.8769715,valid
7406,8,-1.1071395,valid
7407,8,-2.530367,valid
7408,8,-0.54938596,valid
7409,8,-2.5476024,valid
7410,8,-4.897622,valid
7411,8,-3.7187252,valid
7412,8,-3.1252964,valid
7413,8,-3.305246,valid
7414,8,-3.490053,valid
7415,8,-2.6585972,valid
7416,8,-1.1019809,valid
7417,8,-1.9266837,valid
7418,8,-1.2455155,valid
7419,8,-4.227334,valid
7420,8,-4.6273327,valid
7421,8,-3.8395011,valid
7422,8,-4.684708,valid
7423,8,-5.7496796,valid
7424,8,-1.1071392,valid
7425,8,-3.7143495,valid
7426,8,-6.8165593,valid
7427,8,-4.3628654,valid
7428,8,-3.6966107,valid
7429,8,0.05278007,valid
7430,8,-0.2594254,valid
7431,8,-7.2039223,valid
7432,8,0.12563899,valid
7433,8,-6.2220473,valid
7434,8,-3.8072245,valid
7435,8,-1.2421459,valid
7436,8,-1.6210026,valid
7437,8,-4.929456,valid
7438,8,-3.757732,valid
7439,8,0.2148424,valid
7440,8,-3.5271223,valid
7441,8,1.620623,valid
7442,8,-2.3019114,valid
7443,8,-2.6397252,valid
7444,8,-4.1136727,valid
7445,8,-4.8409286,valid
7446,8,0.04378026,valid
7447,8,-3.9950202,valid
7448,8,-2.8534257,valid
7449,8,-2.9074275,valid
7450,8,-2.9526923,valid
7451,8,-4.022862,valid
7452,8,-2.0137455,valid
7453,8,-1.2590464,valid
7454,8,-2.2455804,valid
7455,8,-3.654298,valid
7456,8,-5.7701497,valid
7457,8,-4.6375976,valid
7458,8,-3.5716708,valid
7459,8,-1.2112228,valid
7460,8,-3.7439828,valid
7461,8,-3.6478631,valid
7462,8,-4.3331213,valid
7463,8,-6.8946414,valid
7464,8,-1.3478521,valid
7465,8,-2.3655517,valid
7466,8,-3.1791565,valid
7467,8,-3.361461,valid
7468,8,-2.288046,valid
7469,8,-2.7810073,valid
7470,8,-3.7407458,valid
7471,8,-2.6928828,valid
7472,8,-3.09084,valid
7473,8,-4.5783114,valid
7474,8,-2.2252598,valid
7475,8,-1.8397741,valid
7476,8,-1.0358504,valid
7477,8,-4.2073317,valid
7478,8,-3.9566224,valid
7479,8,-1.0779126,valid
7480,8,-2.581217,valid
7481,8,-1.9136719,valid
7482,8,-2.7715414,valid
7483,8,-4.009812,valid
7484,8,-4.86922,valid
7485,8,-0.3688275,valid
7486,8,-3.7909083,valid
7487,8,-2.5290341,valid
7488,8,-2.5837288,valid
7489,8,-1.0601631,valid
7490,8,-3.709325,valid
7491,8,-3.1291025,valid
7492,8,0.3339255,valid
7493,8,-2.2806876,valid
7494,8,-3.4308472,valid
7495,8,-5.5076766,valid
7496,8,-2.0782778,valid
7497,8,-3.2576394,valid
7498,8,-5.0252175,valid
7499,8,-1.208424,valid
7500,8,-4.2653966,valid
7501,8,-5.7120523,valid
7502,8,-3.1904423,valid
7503,8,-6.6163383,valid
7504,8,-1.1301821,valid
7505,8,0.25448492,valid
7506,8,-2.724656,valid
7507,8,-4.2886324,valid
7508,8,-3.302207,valid
7509,8,-3.5100312,valid
7510,8,-3.7628934,valid
7511,8,-2.0433068,valid
7512,8,-4.369177,valid
7513,8,-1.7831861,valid
7514,8,-2.1204982,valid
7515,8,-2.2145693,valid
7516,8,-1.8330983,valid
7517,8,-0.861732,valid
7518,8,-4.371796,valid
7519,8,-2.080159,valid
7520,8,-3.3612757,valid
7521,8,-3.359729,valid
7522,8,-0.21607588,valid
7523,8,-1.9604005,valid
7524,8,-3.0138133,valid
7525,8,-3.005098,valid
7526,8,-4.7078967,valid
7527,8,-1.5081482,valid
7528,8,-2.6913745,valid
7529,8,0.19068913,valid
7530,8,-3.6009963,valid
7531,8,1.2911617,valid
7532,8,-0.8985576,valid
7533,8,-4.321523,valid
7534,8,-4.714114,valid
7535,8,-4.4618526,valid
7536,8,-1.618806,valid
7537,8,-3.4502873,valid
7538,8,-1.6698917,valid
7539,8,-2.8604205,valid
7540,8,-0.6562696,valid
7541,8,-3.209051,valid
7542,8,-1.8831066,valid
7543,8,1.1925329,valid
7544,8,-3.941435,valid
7545,8,-2.4475405,valid
7546,8,-3.5878506,valid
7547,8,-1.5738226,valid
7548,8,0.5463838,valid
7549,8,-6.741521,valid
7550,8,-2.6190891,valid
7551,8,-3.194415,valid
7552,8,-1.9838781,valid
7553,8,-3.256483,valid
7554,8,-0.9440607,valid
7555,8,2.4328454,valid
7556,8,-0.85040367,valid
7557,8,-1.1335398,valid
7558,8,-3.4189959,valid
7559,8,0.6834297,valid
7560,8,-3.7278636,valid
7561,8,-0.9435214,valid
7562,8,-5.5385103,valid
7563,8,-2.411564,valid
7564,8,-1.0306572,valid
7565,8,-4.9319663,valid
7566,8,0.43860352,valid
7567,8,-0.22138987,valid
7568,8,-0.8618695,valid
7569,8,-1.388494,valid
7570,8,-1.7732297,valid
7571,8,-3.211961,valid
7572,8,-2.9722152,valid
7573,8,-4.9101524,valid
7574,8,-2.8201816,valid
7575,8,-4.6240954,valid
7576,8,-3.3280616,valid
7577,8,-3.3125083,valid
7578,8,-1.4326873,valid
7579,8,0.20341581,valid
7580,8,-3.8300197,valid
7581,8,-1.9807433,valid
7582,8,1.5125061,valid
7583,8,-3.8846476,valid
7584,8,-1.017805,valid
7585,8,-3.4921699,valid
7586,8,-2.6071618,valid
7587,8,-4.229418,valid
7588,8,0.60852724,valid
7589,8,0.6807633,valid
7590,8,-4.999065,valid
7591,8,-2.7395952,valid
7592,8,-1.7312913,valid
7593,8,-8.979158,valid
7594,8,-3.8048584,valid
7595,8,-2.7423544,valid
7596,8,-4.7913904,valid
7597,8,-3.8654895,valid
7598,8,-3.3960407,valid
7599,8,-4.4485807,valid
7600,8,-3.810784,valid
7601,8,-2.943295,valid
7602,8,-3.348026,valid
7603,8,-3.9056838,valid
7604,8,-2.586158,valid
7605,8,-4.4999075,valid
7606,8,-4.5574393,valid
7607,8,-3.791126,valid
7608,8,-3.7859206,valid
7609,8,-1.5938174,valid
7610,8,-3.5104098,valid
7611,8,-0.98787695,valid
7612,8,-5.112751,valid
7613,8,-5.132062,valid
7614,8,-2.3811512,valid
7615,8,-3.1054103,valid
7616,8,-2.7289898,valid
7617,8,-4.6555514,valid
7618,8,-3.5183394,valid
7619,8,-5.926893,valid
7620,8,-1.9834386,valid
7621,8,-3.0577958,valid
7622,8,0.72490984,valid
7623,8,-0.82512254,valid
7624,8,-3.150684,valid
7625,8,-2.2415586,valid
7626,8,-1.756771,valid
7627,8,-4.826774,valid
7628,8,-2.3510613,valid
7629,8,-2.0131347,valid
7630,8,-2.2632523,valid
7631,8,-4.558694,valid
7632,8,-4.356637,valid
7633,8,-3.7303813,valid
7634,8,-2.8541324,valid
7635,8,-0.30495507,valid
7636,8,-2.017178,valid
7637,8,-3.0799887,valid
7638,8,-4.366678,valid
7639,8,-3.6996052,valid
7640,8,-4.976656,valid
7641,8,-4.116029,valid
7642,8,-2.0010147,valid
7643,8,0.092863664,valid
7644,8,-3.4445305,valid
7645,8,-3.341759,valid
7646,8,-3.599787,valid
7647,8,-4.954747,valid
7648,8,-4.4961157,valid
7649,8,-5.189568,valid
7650,8,-2.7389715,valid
7651,8,-3.7300923,valid
7652,8,-0.88125193,valid
7653,8,-1.9752786,valid
7654,8,-1.7205789,valid
7655,8,-5.905051,valid
7656,8,-4.976199,valid
7657,8,-5.634742,valid
7658,8,-2.4175422,valid
7659,8,-0.058410116,valid
7660,8,-2.9878955,valid
7661,8,-1.0063866,valid
7662,8,-6.556141,valid
7663,8,-5.428053,valid
7664,8,-0.15007968,valid
7665,8,-2.0107834,valid
7666,8,-5.6877713,valid
7667,8,-1.4073857,valid
7668,8,-5.6489367,valid
7669,8,-0.7754204,valid
7670,8,1.0842364,valid
7671,8,-4.3278675,valid
7672,8,-1.6026281,valid
7673,8,-6.246458,valid
7674,8,-7.4971924,valid
7675,8,-2.7076628,valid
7676,8,-4.269455,valid
7677,8,-4.529521,valid
7678,8,-2.2400274,valid
7679,8,-4.8041906,valid
7680,8,-2.856601,valid
7681,8,-4.4944777,valid
7682,8,-2.46887,valid
7683,8,-4.9159784,valid
7684,8,-4.8354445,valid
7685,8,-3.1234202,valid
7686,8,-3.5453215,valid
7687,8,-2.6992965,valid
7688,8,-2.369149,valid
7689,8,-3.6352174,valid
7690,8,-0.7083707,valid
7691,8,-5.528204,valid
7692,8,-1.1783441,valid
7693,8,-2.7627065,valid
7694,8,-1.9977692,valid
7695,8,-3.54796,valid
7696,8,-2.6100428,valid
7697,8,-4.512249,valid
7698,8,-4.6277575,valid
7699,8,-1.8906816,valid
7700,8,-1.7579685,valid
7701,8,-1.2716501,valid
7702,8,-3.434507,valid
7703,8,1.7151939,valid
7704,8,-5.817213,valid
7705,8,-5.1393943,valid
7706,8,-9.412098,valid
7707,8,-3.1479638,valid
7708,8,-2.504511,valid
7709,8,-2.7598803,valid
7710,8,-3.8945992,valid
7711,8,-3.2454693,valid
7712,8,-1.0645248,valid
7713,8,-1.9672345,valid
7714,8,-4.2200356,valid
7715,8,-1.9283978,valid
7716,8,-1.0119982,valid
7717,8,-0.9440607,valid
7718,8,-0.74898183,valid
7719,8,-4.118243,valid
7720,8,-2.4298084,valid
7721,8,-1.8099791,valid
7722,8,-4.6930685,valid
7723,8,-1.3348316,valid
7724,8,-3.9083977,valid
7725,8,-3.6322994,valid
7726,8,-5.4232283,valid
7727,8,-2.496803,valid
7728,8,-2.9950984,valid
7729,8,-5.5608277,valid
7730,8,-4.5014133,valid
7731,8,-4.3258963,valid
7732,8,-1.3932651,valid
7733,8,-5.1038494,valid
7734,8,0.61270803,valid
7735,8,-1.7527927,valid
7736,8,-5.251557,valid
7737,8,-4.033729,valid
7738,8,-1.942371,valid
7739,8,-0.41531897,valid
7740,8,-7.0860896,valid
7741,8,-5.9631968,valid
7742,8,-1.8585639,valid
7743,8,-2.0198421,valid
7744,8,-5.3129816,valid
7745,8,-1.6632948,valid
7746,8,-0.30900142,valid
7747,8,-4.9837213,valid
7748,8,-2.9425797,valid
7749,8,-6.4772854,valid
7750,8,-2.469185,valid
7751,8,-3.3114445,valid
7752,8,-3.4856582,valid
7753,8,0.46089238,valid
7754,8,-2.4546206,valid
7755,8,-2.377622,valid
7756,8,-1.2925898,valid
7757,8,-1.5384642,valid
7758,8,-0.34068283,valid
7759,8,-4.682513,valid
7760,8,-3.7058113,valid
7761,8,-0.863167,valid
7762,8,-3.6897914,valid
7763,8,-3.7598913,valid
7764,8,-2.975415,valid
7765,8,-3.6191504,valid
7766,8,-1.8534917,valid
7767,8,-0.15989012,valid
7768,8,0.15656109,valid
7769,8,-1.9325339,valid
7770,8,-1.1133112,valid
7771,8,-2.9448771,valid
7772,8,-0.8465547,valid
7773,8,-5.090664,valid
7774,8,-2.8315504,valid
7775,8,-2.5208185,valid
7776,8,-5.5572505,valid
7777,8,-6.318378,valid
7778,8,-1.7401597,valid
7779,8,-4.406111,valid
7780,8,-4.0957847,valid
7781,8,-5.1962337,valid
7782,8,-2.9301953,valid
7783,8,-4.1146445,valid
7784,8,0.7774345,valid
7785,8,0.41764492,valid
7786,8,-3.667367,valid
7787,8,-4.6914244,valid
7788,8,-5.4915094,valid
7789,8,-3.3521104,valid
7790,8,-1.0322734,valid
7791,8,-1.7382423,valid
7792,8,-5.444244,valid
7793,8,-2.4055393,valid
7794,8,-3.1118999,valid
7795,8,-2.7276347,valid
7796,8,-1.2902243,valid
7797,8,-2.6340044,valid
7798,8,-2.6629584,valid
7799,8,-3.8648386,valid
7800,8,-2.4787872,valid
7801,8,-2.200871,valid
7802,8,-3.0541592,valid
7803,8,-5.8200364,valid
7804,8,-3.4250867,valid
7805,8,-2.3375978,valid
7806,8,-2.1949914,valid
7807,8,-2.9842448,valid
7808,8,-2.9702494,valid
7809,8,-6.464101,valid
7810,8,-7.3848767,valid
7811,8,-0.8669922,valid
7812,8,-0.3787442,valid
7813,8,-3.4137905,valid
7814,8,-2.286629,valid
7815,8,-5.97824,valid
7816,8,-1.1861714,valid
7817,8,-4.099309,valid
7818,8,-4.495135,valid
7819,8,-3.9846728,valid
7820,8,-6.1282787,valid
7821,8,-1.290506,valid
7822,8,-4.765793,valid
7823,8,-1.2112943,valid
7824,8,-3.1374838,valid
7825,8,-1.8266317,valid
7826,8,-3.9504921,valid
7827,8,-4.213296,valid
7828,8,-3.0182154,valid
7829,8,-6.2527685,valid
7830,8,-4.717408,valid
7831,8,-3.9578626,valid
7832,8,-2.8503022,valid
7833,8,-3.6821885,valid
7834,8,-3.9745553,valid
7835,8,-3.5506468,valid
7836,8,-3.8093789,valid
7837,8,-3.7626736,valid
7838,8,-1.2043253,valid
7839,8,-1.6526359,valid
7840,8,-4.2147613,valid
7841,8,-4.8393197,valid
7842,8,-0.3017409,valid
7843,8,-3.4056537,valid
7844,8,-0.5157826,valid
7845,8,-2.9175208,valid
7846,8,-0.33529824,valid
7847,8,-5.744052,valid
7848,8,-4.9447556,valid
7849,8,-3.4519646,valid
7850,8,1.378987,valid
7851,8,-4.6117954,valid
7852,8,-3.076736,valid
7853,8,-3.7407055,valid
7854,8,-4.5731716,valid
7855,8,-1.4897654,valid
7856,8,-2.1569629,valid
7857,8,-3.8144097,valid
7858,8,-5.154437,valid
7859,8,-4.636388,valid
7860,8,-1.1195463,valid
7861,8,-4.208352,valid
7862,8,-3.6744096,valid
7863,8,-2.5837288,valid
7864,8,-3.5868998,valid
7865,8,-3.7230487,valid
7866,8,-8.547031,valid
7867,8,-5.253585,valid
7868,8,-3.4241433,valid
7869,8,-3.6215715,valid
7870,8,-2.8463562,valid
7871,8,-3.1119003,valid
7872,8,-4.327346,valid
7873,8,-1.7450308,valid
7874,8,1.6968645,valid
7875,8,-5.524079,valid
7876,8,-6.648663,valid
7877,8,-3.0939384,valid
7878,8,-4.291621,valid
7879,8,-6.5471582,valid
7880,8,-2.1973941,valid
7881,8,-1.3270392,valid
7882,8,-3.4043522,valid
7883,8,-5.1454134,valid
7884,8,-6.548416,valid
7885,8,-1.88878,valid
7886,8,-1.1574024,valid
7887,8,-3.8953602,valid
7888,8,-3.321767,valid
7889,8,-1.0660247,valid
7890,8,-1.8704393,valid
7891,8,-3.764286,valid
7892,8,-3.2052677,valid
7893,8,-2.318749,valid
7894,8,-3.5890381,valid
7895,8,-4.883765,valid
7896,8,-2.5855222,valid
7897,8,-5.2223697,valid
7898,8,-5.6227345,valid
7899,8,-3.3971608,valid
7900,8,-3.6191506,valid
7901,8,2.04189,valid
7902,8,-5.140863,valid
7903,8,-3.8954391,valid
7904,8,-0.45065677,valid
7905,8,-1.7244815,valid
7906,8,-1.531295,valid
7907,8,-2.3777668,valid
7908,8,-6.6449556,valid
7909,8,-3.0805504,valid
7910,8,-7.6861725,valid
7911,8,-0.968078,valid
7912,8,-2.6251361,valid
7913,8,-1.3464901,valid
7914,8,-1.1071392,valid
7915,8,-1.3300576,valid
7916,8,-3.7365294,valid
7917,8,-4.16127,valid
7918,8,-0.29080635,valid
7919,8,-4.2266245,valid
7920,8,-2.2236354,valid
7921,8,-2.3421772,valid
7922,8,-4.2807612,valid
7923,8,-1.6952353,valid
7924,8,-3.149648,valid
7925,8,-6.853847,valid
7926,8,-7.164831,valid
7927,8,-2.3336732,valid
7928,8,-3.6818407,valid
7929,8,-4.9661984,valid
7930,8,-1.9697382,valid
7931,8,-4.76288,valid
7932,8,-3.2041695,valid
7933,8,-3.714452,valid
7934,8,-1.2902246,valid
7935,8,-3.2590828,valid
7936,8,-3.1701815,valid
7937,8,-6.4066334,valid
7938,8,-6.349238,valid
7939,8,-3.0715058,valid
7940,8,-1.8420306,valid
7941,8,-5.7671375,valid
7942,8,-3.3261244,valid
7943,8,-0.2823674,valid
7944,8,0.3886231,valid
7945,8,-1.8746386,valid
7946,8,-3.7822964,valid
7947,8,-4.1384892,valid
7948,8,-1.5543855,valid
7949,8,-1.4418014,valid
7950,8,-1.0287253,valid
7951,8,-4.0776386,valid
7952,8,-7.9496684,valid
7953,8,-4.2500744,valid
7954,8,-3.1381977,valid
7955,8,-4.4812493,valid
7956,8,-2.966183,valid
7957,8,-4.1727533,valid
7958,8,-4.2866907,valid
7959,8,-3.758383,valid
7960,8,-2.6843402,valid
7961,8,-3.9408386,valid
7962,8,-4.731175,valid
7963,8,-4.743705,valid
7964,8,-3.6340234,valid
7965,8,-2.7884748,valid
7966,8,-3.477051,valid
7967,8,-2.6358268,valid
7968,8,-4.2886324,valid
7969,8,0.8795824,valid
7970,8,-4.3728833,valid
7971,8,-1.1061914,valid
7972,8,-4.9524865,valid
7973,8,-3.5094063,valid
7974,8,-0.0028580893,valid
7975,8,-3.9723432,valid
7976,8,-8.335909,valid
7977,8,-3.0546396,valid
7978,8,-2.9103992,valid
7979,8,-3.4437215,valid
7980,8,-1.0700281,valid
7981,8,-0.6064667,valid
7982,8,-3.8451028,valid
7983,8,-2.0920262,valid
7984,9,-0.95881855,valid
7985,9,-0.72412425,valid
7986,9,-4.499812,valid
7987,9,-3.0921226,valid
7988,9,-3.3853517,valid
7989,9,-4.5214777,valid
7990,9,-1.6510772,valid
7991,9,-3.709868,valid
7992,9,-2.408453,valid
7993,9,-3.3608704,valid
7994,9,-2.9208705,valid
7995,9,-4.6646495,valid
7996,9,-2.6350474,valid
7997,9,-3.4090824,valid
7998,9,-2.6992378,valid
7999,9,-2.984289,valid
8000,9,-1.0053775,valid
8001,9,1.3669795,valid
8002,9,-2.4401212,valid
8003,9,-3.4672055,valid
8004,9,1.0775945,valid
8005,9,0.49371248,valid
8006,9,-4.054313,valid
8007,9,-1.5107275,valid
8008,9,-2.4474535,valid
8009,9,-1.3616203,valid
8010,9,-3.7061357,valid
8011,9,-2.0865674,valid
8012,9,-2.3399727,valid
8013,9,-3.108562,valid
8014,9,-1.173168,valid
8015,9,-0.23081349,valid
8016,9,-3.982819,valid
8017,9,-1.2544291,valid
8018,9,-2.1837854,valid
8019,9,-7.887105,valid
8020,9,-1.9549444,valid
8021,9,-2.1459985,valid
8022,9,-5.0033975,valid
8023,9,-2.415491,valid
8024,9,-5.094702,valid
8025,9,2.4860547,valid
8026,9,-1.7277406,valid
8027,9,0.7051813,valid
8028,9,-5.3392053,valid
8029,9,-4.249923,valid
8030,9,-2.3849382,valid
8031,9,0.4203133,valid
8032,9,-1.0053775,valid
8033,9,-7.697914,valid
8034,9,-2.2470796,valid
8035,9,-0.9127831,valid
8036,9,-2.2004647,valid
8037,9,-1.4802381,valid
8038,9,-3.2877474,valid
8039,9,-5.6579204,valid
8040,9,-4.20628,valid
8041,9,-4.4233565,valid
8042,9,0.5484059,valid
8043,9,-2.1483812,valid
8044,9,-0.94742745,valid
8045,9,-6.7461934,valid
8046,9,-3.6025803,valid
8047,9,-2.6777058,valid
8048,9,-0.97588784,valid
8049,9,-3.059806,valid
8050,9,-3.004224,valid
8051,9,-4.740688,valid
8052,9,-2.734997,valid
8053,9,-1.6919678,valid
8054,9,-1.3313608,valid
8055,9,-4.480663,valid
8056,9,-1.6917046,valid
8057,9,0.37239027,valid
8058,9,-4.1939178,valid
8059,9,-3.4839828,valid
8060,9,-4.481671,valid
8061,9,-1.3840027,valid
8062,9,-3.0942016,valid
8063,9,-2.560986,valid
8064,9,-4.1253796,valid
8065,9,-0.2692183,valid
8066,9,-5.092027,valid
8067,9,-5.8696,valid
8068,9,-3.4472518,valid
8069,9,-0.59637135,valid
8070,9,-6.26066,valid
8071,9,-1.8636595,valid
8072,9,-2.5000048,valid
8073,9,-3.9878035,valid
8074,9,-1.6197133,valid
8075,9,-3.446336,valid
8076,9,-2.485572,valid
8077,9,-3.4980927,valid
8078,9,-0.823804,valid
8079,9,-1.1944642,valid
8080,9,-5.640315,valid
8081,9,-2.2415214,valid
8082,9,1.6560055,valid
8083,9,-2.371506,valid
8084,9,-0.18505937,valid
8085,9,-1.4513254,valid
8086,9,-3.93571,valid
8087,9,-2.9584908,valid
8088,9,-5.8225245,valid
8089,9,-2.433532,valid
8090,9,-4.850927,valid
8091,9,-0.13154891,valid
8092,9,-2.7327116,valid
8093,9,-7.5606914,valid
8094,9,-2.2580876,valid
8095,9,-2.4960127,valid
8096,9,0.81092125,valid
8097,9,-1.9005672,valid
8098,9,-3.2499642,valid
8099,9,-2.0984242,valid
8100,9,-1.6950508,valid
8101,9,-0.70932174,valid
8102,9,0.49952823,valid
8103,9,0.4703015,valid
8104,9,-0.89372796,valid
8105,9,-2.1948562,valid
8106,9,1.1043656,valid
8107,9,-6.663611,valid
8108,9,-5.017246,valid
8109,9,0.90346456,valid
8110,9,-4.288037,valid
8111,9,-2.8138595,valid
8112,9,-2.1700616,valid
8113,9,-0.8157862,valid
8114,9,-1.9549618,valid
8115,9,-5.102243,valid
8116,9,-4.802684,valid
8117,9,-3.3916898,valid
8118,9,-2.5233953,valid
8119,9,-2.8489575,valid
8120,9,1.3442452,valid
8121,9,-4.2990947,valid
8122,9,0.017466567,valid
8123,9,-1.5780654,valid
8124,9,-3.0884454,valid
8125,9,-4.0410056,valid
8126,9,-0.18290459,valid
8127,9,-5.350549,valid
8128,9,-2.6521125,valid
8129,9,0.7078726,valid
8130,9,-4.9635625,valid
8131,9,-4.7941318,valid
8132,9,-2.4291568,valid
8133,9,-1.1775838,valid
8134,9,-2.6925728,valid
8135,9,-0.6738989,valid
8136,9,-4.192138,valid
8137,9,-3.702997,valid
8138,9,-1.194314,valid
8139,9,-2.658477,valid
8140,9,0.5805323,valid
8141,9,-1.2535095,valid
8142,9,-2.105692,valid
8143,9,-6.127765,valid
8144,9,-1.0053774,valid
8145,9,-0.9337891,valid
8146,9,-1.8216963,valid
8147,9,-1.9501002,valid
8148,9,-1.6098132,valid
8149,9,-1.0927584,valid
8150,9,0.76292664,valid
8151,9,-1.1899389,valid
8152,9,-4.0755267,valid
8153,9,-4.7216167,valid
8154,9,-2.207231,valid
8155,9,-4.283417,valid
8156,9,-5.2623477,valid
8157,9,-2.2852058,valid
8158,9,-5.2429037,valid
8159,9,-5.6643834,valid
8160,9,-3.0744371,valid
8161,9,-4.1988263,valid
8162,9,-5.6809597,valid
8163,9,-2.1610515,valid
8164,9,-3.733345,valid
8165,9,-2.193369,valid
8166,9,-3.722344,valid
8167,9,-2.7140145,valid
8168,9,0.5380911,valid
8169,9,-2.1261458,valid
8170,9,-2.9656572,valid
8171,9,-4.6007595,valid
8172,9,-2.969417,valid
8173,9,-3.7712893,valid
8174,9,-3.6521215,valid
8175,9,-2.5157676,valid
8176,9,-6.78733,valid
8177,9,-4.316503,valid
8178,9,-6.9691434,valid
8179,9,0.2512374,valid
8180,9,-4.1436863,valid
8181,9,1.2320104,valid
8182,9,-2.376625,valid
8183,9,-3.984424,valid
8184,9,-1.7523134,valid
8185,9,-3.9560466,valid
8186,9,-4.451048,valid
8187,9,-0.61140394,valid
8188,9,-6.775306,valid
8189,9,-2.8055563,valid
8190,9,-3.6865182,valid
8191,9,-2.0829492,valid
8192,9,-4.761087,valid
8193,9,-2.3753533,valid
8194,9,-2.0103493,valid
8195,9,-3.2731404,valid
8196,9,-5.2419705,valid
8197,9,-4.721433,valid
8198,9,-4.347883,valid
8199,9,-0.051951014,valid
8200,9,-3.119513,valid
8201,9,-1.9740763,valid
8202,9,-2.6382642,valid
8203,9,1.077533,valid
8204,9,-4.1607533,valid
8205,9,-2.8401222,valid
8206,9,0.42332453,valid
8207,9,-6.0064216,valid
8208,9,-1.730052,valid
8209,9,-1.0053774,valid
8210,9,-2.9167888,valid
8211,9,-2.0526903,valid
8212,9,-3.5260446,valid
8213,9,-0.6753711,valid
8214,9,-2.0013344,valid
8215,9,-3.1476128,valid
8216,9,-3.6493182,valid
8217,9,-0.5597511,valid
8218,9,-5.478297,valid
8219,9,-3.6234472,valid
8220,9,-3.5388322,valid
8221,9,0.037394606,valid
8222,9,-2.8669312,valid
8223,9,-2.8551779,valid
8224,9,-4.432994,valid
8225,9,-1.3821268,valid
8226,9,-3.012807,valid
8227,9,-2.7286773,valid
8228,9,-1.9447087,valid
8229,9,-2.55941,valid
8230,9,-2.5325286,valid
8231,9,-4.3091207,valid
8232,9,-3.723348,valid
8233,9,-2.4451885,valid
8234,9,-7.5862985,valid
8235,9,-3.3851857,valid
8236,9,-1.2272093,valid
8237,9,-1.3923395,valid
8238,9,-6.7247443,valid
8239,9,-2.2057705,valid
8240,9,-3.1888156,valid
8241,9,-4.1146684,valid
8242,9,-1.7610009,valid
8243,9,-3.5309105,valid
8244,9,-1.9221354,valid
8245,9,-2.963085,valid
8246,9,-1.129278,valid
8247,9,-3.5013182,valid
8248,9,-2.8116174,valid
8249,9,1.6063461,valid
8250,9,-2.6687014,valid
8251,9,0.51816946,valid
8252,9,-6.7519336,valid
8253,9,-7.0238957,valid
8254,9,-3.0494783,valid
8255,9,-3.8116534,valid
8256,9,-0.079406604,valid
8257,9,-1.9727142,valid
8258,9,-5.4800134,valid
8259,9,-7.7310367,valid
8260,9,-2.5044165,valid
8261,9,-2.2089972,valid
8262,9,-4.4115987,valid
8263,9,-4.4624467,valid
8264,9,-4.471275,valid
8265,9,1.5509957,valid
8266,9,-0.6298126,valid
8267,9,-6.311281,valid
8268,9,-1.8727814,valid
8269,9,0.21340835,valid
8270,9,-3.5203753,valid
8271,9,-2.8751135,valid
8272,9,-3.7945862,valid
8273,9,-0.65577203,valid
8274,9,-3.8747907,valid
8275,9,-3.9457254,valid
8276,9,-2.3246622,valid
8277,9,1.0327698,valid
8278,9,-5.21836,valid
8279,9,-3.5642333,valid
8280,9,-4.1988974,valid
8281,9,-3.6982832,valid
8282,9,0.12416747,valid
8283,9,-3.8667092,valid
8284,9,-3.595441,valid
8285,9,-4.5102715,valid
8286,9,-0.8429332,valid
8287,9,-5.855333,valid
8288,9,-1.3089747,valid
8289,9,-1.7068324,valid
8290,9,-1.3216932,valid
8291,9,-2.49663,valid
8292,9,-5.861667,valid
8293,9,-6.654242,valid
8294,9,-1.8014326,valid
8295,9,-1.679112,valid
8296,9,-1.7282224,valid
8297,9,-2.138314,valid
8298,9,-4.040097,valid
8299,9,-4.7062955,valid
8300,9,-5.996366,valid
8301,9,-4.3310122,valid
8302,9,-1.715446,valid
8303,9,-4.3715734,valid
8304,9,-3.8540177,valid
8305,9,-7.3388853,valid
8306,9,-3.4907026,valid
8307,9,-6.591673,valid
8308,9,-0.85019904,valid
8309,9,-1.5173985,valid
8310,9,-6.1923366,valid
8311,9,-2.161604,valid
8312,9,-5.1996074,valid
8313,9,-4.0010543,valid
8314,9,-4.1732063,valid
8315,9,-1.3783752,valid
8316,9,-1.0053775,valid
8317,9,-2.780471,valid
8318,9,-3.4871867,valid
8319,9,0.17380454,valid
8320,9,-3.0463257,valid
8321,9,-2.2047415,valid
8322,9,-1.1813444,valid
8323,9,-2.4175436,valid
8324,9,-1.2997535,valid
8325,9,-3.7545328,valid
8326,9,-3.7483437,valid
8327,9,-8.052983,valid
8328,9,-3.423131,valid
8329,9,-1.0840166,valid
8330,9,-5.532832,valid
8331,9,-2.944448,valid
8332,9,-2.8373826,valid
8333,9,-4.4682164,valid
8334,9,-2.5953403,valid
8335,9,-3.80265,valid
8336,9,-4.4960027,valid
8337,9,-4.1145062,valid
8338,9,-2.3534205,valid
8339,9,-1.3359207,valid
8340,9,0.86224705,valid
8341,9,-1.7906313,valid
8342,9,-3.3371894,valid
8343,9,-0.50725514,valid
8344,9,-0.62716573,valid
8345,9,-5.6643834,valid
8346,9,-0.33665347,valid
8347,9,-1.0053775,valid
8348,9,-2.5100589,valid
8349,9,-0.9269091,valid
8350,9,-0.21878739,valid
8351,9,0.74201316,valid
8352,9,-2.4526677,valid
8353,9,-7.1546493,valid
8354,9,-1.5230691,valid
8355,9,-4.6846566,valid
8356,9,-2.9917274,valid
8357,9,-9.774615,valid
8358,9,-9.327866,valid
8359,9,-3.0519934,valid
8360,9,-4.9039927,valid
8361,9,-1.8649687,valid
8362,9,-2.110531,valid
8363,9,0.40558547,valid
8364,9,-3.3049774,valid
8365,9,-4.7086673,valid
8366,9,-0.89918,valid
8367,9,-3.4594793,valid
8368,9,-1.0933847,valid
8369,9,-3.9211063,valid
8370,9,-3.6134765,valid
8371,9,-9.807446,valid
8372,9,-2.922921,valid
8373,9,-5.3889093,valid
8374,9,-2.4023786,valid
8375,9,-4.919217,valid
8376,9,-0.37023437,valid
8377,9,-2.3332753,valid
8378,9,-0.45607924,valid
8379,9,-3.2846029,valid
8380,9,-1.4898856,valid
8381,9,-1.4101236,valid
8382,9,-3.7379572,valid
8383,9,-5.3299336,valid
8384,9,-1.9259646,valid
8385,9,-3.6343424,valid
8386,9,-2.787262,valid
8387,9,-3.0714943,valid
8388,9,-3.8569596,valid
8389,9,0.5196026,valid
8390,9,-5.771872,valid
8391,9,-4.253802,valid
8392,9,-4.375324,valid
8393,9,-0.9417689,valid
8394,9,-0.26985544,valid
8395,9,-0.82857734,valid
8396,9,-2.3392773,valid
8397,9,-1.4089674,valid
8398,9,-1.2519453,valid
8399,9,-1.8196723,valid
8400,9,-1.5809946,valid
8401,9,-3.4006314,valid
8402,9,-0.042792387,valid
8403,9,-1.9482023,valid
8404,9,-1.0053774,valid
8405,9,-2.3573895,valid
8406,9,-0.22337799,valid
8407,9,-2.3764465,valid
8408,9,-4.905228,valid
8409,9,-3.605226,valid
8410,9,-2.8667133,valid
8411,9,-2.9072192,valid
8412,9,-2.867127,valid
8413,9,-2.7494168,valid
8414,9,-1.0606984,valid
8415,9,-2.0220582,valid
8416,9,-1.1859803,valid
8417,9,-4.170783,valid
8418,9,-4.957518,valid
8419,9,-3.7767057,valid
8420,9,-4.793498,valid
8421,9,-5.990379,valid
8422,9,-1.0053775,valid
8423,9,-3.6098585,valid
8424,9,-6.925794,valid
8425,9,-4.7842245,valid
8426,9,-3.4440105,valid
8427,9,0.6608406,valid
8428,9,-0.029948503,valid
8429,9,-7.7939153,valid
8430,9,0.28909296,valid
8431,9,-6.712714,valid
8432,9,-3.6162457,valid
8433,9,-1.2613146,valid
8434,9,-1.3837564,valid
8435,9,-4.714417,valid
8436,9,-3.5887887,valid
8437,9,0.160844,valid
8438,9,-3.3718657,valid
8439,9,1.691012,valid
8440,9,-1.6268234,valid
8441,9,-2.5369635,valid
8442,9,-3.6697237,valid
8443,9,-4.047721,valid
8444,9,0.23156314,valid
8445,9,-3.8474321,valid
8446,9,-2.7111425,valid
8447,9,-3.0520682,valid
8448,9,-2.8929763,valid
8449,9,-3.557805,valid
8450,9,-1.8401296,valid
8451,9,-1.3113253,valid
8452,9,-2.2930472,valid
8453,9,-3.4762177,valid
8454,9,-6.1694055,valid
8455,9,-4.788448,valid
8456,9,-3.3493495,valid
8457,9,-0.8950915,valid
8458,9,-3.6056464,valid
8459,9,-3.9347458,valid
8460,9,-3.6513166,valid
8461,9,-6.945068,valid
8462,9,-1.1696076,valid
8463,9,-1.921057,valid
8464,9,-2.5856316,valid
8465,9,-3.5166245,valid
8466,9,-2.0688307,valid
8467,9,-2.906534,valid
8468,9,-3.2762709,valid
8469,9,-2.3817358,valid
8470,9,-2.982438,valid
8471,9,-4.186233,valid
8472,9,-1.8378577,valid
8473,9,-1.7274863,valid
8474,9,-0.8129935,valid
8475,9,-3.304048,valid
8476,9,-3.8730218,valid
8477,9,-1.4430091,valid
8478,9,-2.6096926,valid
8479,9,-1.8224568,valid
8480,9,-2.561612,valid
8481,9,-3.7734964,valid
8482,9,-5.001163,valid
8483,9,0.13911141,valid
8484,9,-3.5388706,valid
8485,9,-2.2112792,valid
8486,9,-2.2995744,valid
8487,9,-0.9583035,valid
8488,9,-3.053402,valid
8489,9,-2.7348418,valid
8490,9,0.4012466,valid
8491,9,-1.6586473,valid
8492,9,-3.6801,valid
8493,9,-5.2760334,valid
8494,9,-1.9775815,valid
8495,9,-3.0687711,valid
8496,9,-4.2802043,valid
8497,9,-0.96815246,valid
8498,9,-4.4105544,valid
8499,9,-6.110945,valid
8500,9,-3.2449956,valid
8501,9,-7.125218,valid
8502,9,-1.0281627,valid
8503,9,0.30450052,valid
8504,9,-2.3555875,valid
8505,9,-5.03255,valid
8506,9,-3.7091095,valid
8507,9,-3.3119001,valid
8508,9,-3.7334073,valid
8509,9,-2.1745744,valid
8510,9,-4.0170035,valid
8511,9,-1.4875522,valid
8512,9,-1.722154,valid
8513,9,-1.8296827,valid
8514,9,-1.6137159,valid
8515,9,-0.34684873,valid
8516,9,-4.4290633,valid
8517,9,-1.7648355,valid
8518,9,-3.4476593,valid
8519,9,-3.2016494,valid
8520,9,0.2641827,valid
8521,9,-1.9759388,valid
8522,9,-2.8910363,valid
8523,9,-3.1136565,valid
8524,9,-4.7776284,valid
8525,9,-1.4949088,valid
8526,9,-2.617927,valid
8527,9,0.5800739,valid
8528,9,-3.2854452,valid
8529,9,1.6483809,valid
8530,9,-0.56296617,valid
8531,9,-4.0390797,valid
8532,9,-4.7016697,valid
8533,9,-4.383571,valid
8534,9,-1.2895145,valid
8535,9,-3.6334062,valid
8536,9,-1.6602688,valid
8537,9,-2.4588675,valid
8538,9,-0.6945178,valid
8539,9,-3.5438104,valid
8540,9,-1.8594508,valid
8541,9,1.4389317,valid
8542,9,-3.8042836,valid
8543,9,-2.4015934,valid
8544,9,-3.7625458,valid
8545,9,-1.4790286,valid
8546,9,0.64290744,valid
8547,9,-6.9288316,valid
8548,9,-2.4717617,valid
8549,9,-3.1821399,valid
8550,9,-1.7842677,valid
8551,9,-2.7121294,valid
8552,9,-0.87211376,valid
8553,9,2.4350135,valid
8554,9,-0.4966612,valid
8555,9,-0.8261631,valid
8556,9,-3.237534,valid
8557,9,0.73943263,valid
8558,9,-3.972004,valid
8559,9,-0.9601965,valid
8560,9,-5.5757523,valid
8561,9,-2.120756,valid
8562,9,-0.7577204,valid
8563,9,-5.3179784,valid
8564,9,0.54485506,valid
8565,9,0.2342311,valid
8566,9,-1.1351049,valid
8567,9,-1.2402332,valid
8568,9,-1.5524282,valid
8569,9,-3.0942512,valid
8570,9,-2.9506013,valid
8571,9,-4.7702355,valid
8572,9,-2.604502,valid
8573,9,-4.7099214,valid
8574,9,-2.419011,valid
8575,9,-2.8958733,valid
8576,9,-1.1735252,valid
8577,9,0.3318103,valid
8578,9,-3.7459688,valid
8579,9,-2.0494282,valid
8580,9,1.5559099,valid
8581,9,-3.7138445,valid
8582,9,-1.0113617,valid
8583,9,-3.2114215,valid
8584,9,-1.9021337,valid
8585,9,-3.7943835,valid
8586,9,0.63944,valid
8587,9,0.76292664,valid
8588,9,-4.8200884,valid
8589,9,-2.985026,valid
8590,9,-1.6834612,valid
8591,9,-9.2465725,valid
8592,9,-3.9953072,valid
8593,9,-2.464264,valid
8594,9,-5.184532,valid
8595,9,-3.2676263,valid
8596,9,-3.1326518,valid
8597,9,-3.951114,valid
8598,9,-3.8267508,valid
8599,9,-2.6218998,valid
8600,9,-3.494405,valid
8601,9,-4.438702,valid
8602,9,-2.481929,valid
8603,9,-4.828856,valid
8604,9,-4.7219663,valid
8605,9,-3.2710872,valid
8606,9,-3.6563377,valid
8607,9,-1.3040513,valid
8608,9,-3.211233,valid
8609,9,-0.6221686,valid
8610,9,-5.5346756,valid
8611,9,-5.1891775,valid
8612,9,-2.1098497,valid
8613,9,-2.868861,valid
8614,9,-2.2821527,valid
8615,9,-4.191997,valid
8616,9,-3.1690814,valid
8617,9,-6.495958,valid
8618,9,-1.8198047,valid
8619,9,-3.074864,valid
8620,9,0.7766413,valid
8621,9,-0.4149651,valid
8622,9,-3.1734114,valid
8623,9,-2.2174473,valid
8624,9,-1.5189207,valid
8625,9,-5.1279984,valid
8626,9,-2.3268263,valid
8627,9,-1.7046788,valid
8628,9,-2.0526903,valid
8629,9,-4.4219065,valid
8630,9,-3.8121276,valid
8631,9,-3.60467,valid
8632,9,-2.6646438,valid
8633,9,-0.12628905,valid
8634,9,-1.967944,valid
8635,9,-3.1326182,valid
8636,9,-4.5640225,valid
8637,9,-3.6445613,valid
8638,9,-4.3235097,valid
8639,9,-3.8301404,valid
8640,9,-1.5358506,valid
8641,9,0.3441007,valid
8642,9,-3.0791693,valid
8643,9,-2.7261696,valid
8644,9,-3.4916997,valid
8645,9,-4.895229,valid
8646,9,-3.9218163,valid
8647,9,-5.0273423,valid
8648,9,-2.6487083,valid
8649,9,-3.4217663,valid
8650,9,-0.5723478,valid
8651,9,-2.0740113,valid
8652,9,-1.564246,valid
8653,9,-6.011807,valid
8654,9,-5.03752,valid
8655,9,-5.9835744,valid
8656,9,-2.2367244,valid
8657,9,-0.011073686,valid
8658,9,-2.5861986,valid
8659,9,-0.74261016,valid
8660,9,-6.6129394,valid
8661,9,-5.7563386,valid
8662,9,-0.1261869,valid
8663,9,-1.6965618,valid
8664,9,-6.1876597,valid
8665,9,-1.1161282,valid
8666,9,-5.8372793,valid
8667,9,-0.7846789,valid
8668,9,1.0999866,valid
8669,9,-4.419391,valid
8670,9,-1.619321,valid
8671,9,-6.4168086,valid
8672,9,-7.6591477,valid
8673,9,-2.8270454,valid
8674,9,-4.2366242,valid
8675,9,-4.628073,valid
8676,9,-1.8360595,valid
8677,9,-4.7925234,valid
8678,9,-2.964082,valid
8679,9,-4.6205506,valid
8680,9,-1.9162178,valid
8681,9,-5.347586,valid
8682,9,-4.511441,valid
8683,9,-2.5598521,valid
8684,9,-3.4795148,valid
8685,9,-2.5920281,valid
8686,9,-2.0015697,valid
8687,9,-3.4215913,valid
8688,9,-0.6942317,valid
8689,9,-5.8651853,valid
8690,9,-1.0690341,valid
8691,9,-2.6941297,valid
8692,9,-1.746732,valid
8693,9,-3.2692294,valid
8694,9,-2.255256,valid
8695,9,-3.8652349,valid
8696,9,-3.9213457,valid
8697,9,-1.6411257,valid
8698,9,-1.5187992,valid
8699,9,-1.167743,valid
8700,9,-3.114483,valid
8701,9,1.8720648,valid
8702,9,-5.887695,valid
8703,9,-4.918793,valid
8704,9,-9.493539,valid
8705,9,-3.2390091,valid
8706,9,-2.3133245,valid
8707,9,-2.5342517,valid
8708,9,-3.4676063,valid
8709,9,-3.0578604,valid
8710,9,-1.0528061,valid
8711,9,-1.8682928,valid
8712,9,-4.593283,valid
8713,9,-1.9948908,valid
8714,9,-0.24436252,valid
8715,9,-0.87211376,valid
8716,9,-0.5943029,valid
8717,9,-3.9682512,valid
8718,9,-2.5912523,valid
8719,9,-1.481605,valid
8720,9,-5.074448,valid
8721,9,-1.2039359,valid
8722,9,-3.6800377,valid
8723,9,-3.450547,valid
8724,9,-5.6964617,valid
8725,9,-2.2149265,valid
8726,9,-3.109261,valid
8727,9,-5.9258966,valid
8728,9,-4.1060805,valid
8729,9,-4.050925,valid
8730,9,-1.7260772,valid
8731,9,-4.6609635,valid
8732,9,0.6577528,valid
8733,9,-1.5667017,valid
8734,9,-5.189987,valid
8735,9,-4.1370273,valid
8736,9,-2.1389217,valid
8737,9,-0.27519506,valid
8738,9,-7.290646,valid
8739,9,-5.80765,valid
8740,9,-1.8149472,valid
8741,9,-1.3761679,valid
8742,9,-5.03373,valid
8743,9,-1.1466618,valid
8744,9,-0.28424054,valid
8745,9,-5.2023735,valid
8746,9,-2.8710103,valid
8747,9,-6.5199556,valid
8748,9,-2.4468796,valid
8749,9,-2.4095347,valid
8750,9,-3.402938,valid
8751,9,0.45341253,valid
8752,9,-2.4029243,valid
8753,9,-2.481676,valid
8754,9,-0.8311512,valid
8755,9,-1.1577511,valid
8756,9,0.11197218,valid
8757,9,-4.0050597,valid
8758,9,-3.4387686,valid
8759,9,-0.12536086,valid
8760,9,-3.5084107,valid
8761,9,-3.7442846,valid
8762,9,-2.795843,valid
8763,9,-2.9199042,valid
8764,9,-1.3567038,valid
8765,9,0.040693596,valid
8766,9,0.3108279,valid
8767,9,-1.7401968,valid
8768,9,-0.7949573,valid
8769,9,-2.6979997,valid
8770,9,-0.8957206,valid
8771,9,-5.1118174,valid
8772,9,-3.0837727,valid
8773,9,-2.2772107,valid
8774,9,-5.302828,valid
8775,9,-6.4302897,valid
8776,9,-1.5654714,valid
8777,9,-4.3414197,valid
8778,9,-3.9178627,valid
8779,9,-4.9306817,valid
8780,9,-2.9933672,valid
8781,9,-4.198772,valid
8782,9,0.9574512,valid
8783,9,0.56447417,valid
8784,9,-3.5611668,valid
8785,9,-4.558039,valid
8786,9,-5.301778,valid
8787,9,-2.4910724,valid
8788,9,-0.976342,valid
8789,9,-1.5434735,valid
8790,9,-5.411899,valid
8791,9,-2.1473355,valid
8792,9,-3.0008595,valid
8793,9,-2.6347642,valid
8794,9,-1.2399359,valid
8795,9,-2.4284973,valid
8796,9,-2.5520937,valid
8797,9,-3.6700687,valid
8798,9,-2.234175,valid
8799,9,-1.6839793,valid
8800,9,-2.9982078,valid
8801,9,-6.3323193,valid
8802,9,-2.924881,valid
8803,9,-2.0470853,valid
8804,9,-2.2755342,valid
8805,9,-3.1440294,valid
8806,9,-2.918564,valid
8807,9,-6.7537317,valid
8808,9,-7.4080286,valid
8809,9,-0.74564105,valid
8810,9,-0.12583168,valid
8811,9,-3.6031373,valid
8812,9,-1.8024254,valid
8813,9,-6.4303737,valid
8814,9,-0.8534456,valid
8815,9,-3.4733784,valid
8816,9,-3.8790998,valid
8817,9,-3.315864,valid
8818,9,-6.1611276,valid
8819,9,-1.2575378,valid
8820,9,-4.3921614,valid
8821,9,-1.3121011,valid
8822,9,-2.662435,valid
8823,9,-1.6234676,valid
8824,9,-2.942645,valid
8825,9,-4.0287795,valid
8826,9,-2.7781658,valid
8827,9,-6.794394,valid
8828,9,-4.17573,valid
8829,9,-3.7244291,valid
8830,9,-2.8808887,valid
8831,9,-4.166791,valid
8832,9,-4.1176205,valid
8833,9,-3.0769677,valid
8834,9,-4.152605,valid
8835,9,-3.8318117,valid
8836,9,-1.1325613,valid
8837,9,-1.7931217,valid
8838,9,-4.3434634,valid
8839,9,-4.7799296,valid
8840,9,-0.2257329,valid
8841,9,-2.9505453,valid
8842,9,-0.19389485,valid
8843,9,-2.470986,valid
8844,9,-0.21296771,valid
8845,9,-5.41803,valid
8846,9,-4.5923486,valid
8847,9,-3.3088977,valid
8848,9,1.513939,valid
8849,9,-4.4109473,valid
8850,9,-2.7170777,valid
8851,9,-3.6213813,valid
8852,9,-4.238255,valid
8853,9,-0.8006375,valid
8854,9,-2.7020268,valid
8855,9,-3.290319,valid
8856,9,-5.093588,valid
8857,9,-4.6439853,valid
8858,9,-0.5528873,valid
8859,9,-4.3183265,valid
8860,9,-3.290546,valid
8861,9,-2.2995744,valid
8862,9,-3.143699,valid
8863,9,-3.5304892,valid
8864,9,-8.833677,valid
8865,9,-5.2564363,valid
8866,9,-3.420404,valid
8867,9,-3.4813643,valid
8868,9,-2.552076,valid
8869,9,-3.0008593,valid
8870,9,-4.2230954,valid
8871,9,-1.40107,valid
8872,9,1.7807589,valid
8873,9,-5.6442494,valid
8874,9,-6.4393077,valid
8875,9,-3.167159,valid
8876,9,-4.125331,valid
8877,9,-6.902247,valid
8878,9,-2.3554263,valid
8879,9,-0.96814644,valid
8880,9,-3.0965228,valid
8881,9,-5.059117,valid
8882,9,-6.9041343,valid
8883,9,-1.7867405,valid
8884,9,-0.80998385,valid
8885,9,-3.5334404,valid
8886,9,-3.468522,valid
8887,9,-0.7017873,valid
8888,9,-1.6287042,valid
8889,9,-3.7015324,valid
8890,9,-2.8289256,valid
8891,9,-2.2142558,valid
8892,9,-3.7904358,valid
8893,9,-4.967648,valid
8894,9,-2.5368385,valid
8895,9,-5.0575805,valid
8896,9,-5.4831862,valid
8897,9,-3.220977,valid
8898,9,-2.9199042,valid
8899,9,2.3423724,valid
8900,9,-5.1198497,valid
8901,9,-3.987189,valid
8902,9,-0.09050997,valid
8903,9,-1.6069651,valid
8904,9,-1.3934911,valid
8905,9,-2.0296607,valid
8906,9,-6.974294,valid
8907,9,-2.8320847,valid
8908,9,-8.008593,valid
8909,9,-0.7637443,valid
8910,9,-2.527889,valid
8911,9,-1.3534068,valid
8912,9,-1.0053775,valid
8913,9,-1.2230707,valid
8914,9,-3.6364195,valid
8915,9,-3.8828204,valid
8916,9,0.038379714,valid
8917,9,-4.3140397,valid
8918,9,-1.9369211,valid
8919,9,-2.2224705,valid
8920,9,-4.483668,valid
8921,9,-1.9178672,valid
8922,9,-2.9315233,valid
8923,9,-7.0805283,valid
8924,9,-7.4597406,valid
8925,9,-2.117488,valid
8926,9,-3.9565785,valid
8927,9,-5.299163,valid
8928,9,-1.7450179,valid
8929,9,-4.674423,valid
8930,9,-3.418556,valid
8931,9,-3.3288355,valid
8932,9,-1.239936,valid
8933,9,-2.881406,valid
8934,9,-2.4746718,valid
8935,9,-6.6146502,valid
8936,9,-6.2268505,valid
8937,9,-2.7160423,valid
8938,9,-1.4462914,valid
8939,9,-6.0808077,valid
8940,9,-3.2505548,valid
8941,9,-0.24263042,valid
8942,9,0.8337905,valid
8943,9,-1.6735685,valid
8944,9,-3.7223778,valid
8945,9,-3.868414,valid
8946,9,-1.2978365,valid
8947,9,-1.4027593,valid
8948,9,-0.9397559,valid
8949,9,-3.9210896,valid
8950,9,-8.168084,valid
8951,9,-3.856196,valid
8952,9,-3.0644894,valid
8953,9,-3.755777,valid
8954,9,-2.7882495,valid
8955,9,-3.8306732,valid
8956,9,-3.9362152,valid
8957,9,-4.3613544,valid
8958,9,-2.3274093,valid
8959,9,-4.3536763,valid
8960,9,-4.6988873,valid
8961,9,-5.2237916,valid
8962,9,-2.9523284,valid
8963,9,-2.6011038,valid
8964,9,-3.2030067,valid
8965,9,-2.4676268,valid
8966,9,-5.03255,valid
8967,9,1.1371094,valid
8968,9,-4.33027,valid
8969,9,-0.86033547,valid
8970,9,-4.7708945,valid
8971,9,-2.8230758,valid
8972,9,0.11960898,valid
8973,9,-3.6290789,valid
8974,9,-8.651294,valid
8975,9,-2.4721084,valid
8976,9,-2.6887722,valid
8977,9,-3.2751162,valid
8978,9,-0.771259,valid
8979,9,-0.42510438,valid
8980,9,-3.4575338,valid
8981,9,-1.9153873,valid
8982,10,-0.846861,valid
8983,10,-0.81013346,valid
8984,10,-4.767707,valid
8985,10,-3.5017984,valid
8986,10,-4.1286182,valid
8987,10,-4.756605,valid
8988,10,-2.2268927,valid
8989,10,-3.9124727,valid
8990,10,-2.5678914,valid
8991,10,-3.8854265,valid
8992,10,-3.4323776,valid
8993,10,-4.726889,valid
8994,10,-2.8020785,valid
8995,10,-3.6193526,valid
8996,10,-2.8398948,valid
8997,10,-3.1282809,valid
8998,10,-1.0081856,valid
8999,10,1.3297715,valid
9000,10,-2.6379447,valid
9001,10,-3.5714319,valid
9002,10,1.135523,valid
9003,10,0.35523093,valid
9004,10,-3.9422443,valid
9005,10,-1.5944674,valid
9006,10,-2.536798,valid
9007,10,-1.5304658,valid
9008,10,-3.6295054,valid
9009,10,-2.163029,valid
9010,10,-2.7805526,valid
9011,10,-3.4757206,valid
9012,10,-1.3435764,valid
9013,10,-0.27725664,valid
9014,10,-4.017793,valid
9015,10,-1.4402112,valid
9016,10,-2.27296,valid
9017,10,-7.9650693,valid
9018,10,-2.273774,valid
9019,10,-2.045583,valid
9020,10,-4.942891,valid
9021,10,-2.4166129,valid
9022,10,-4.9486933,valid
9023,10,2.9604077,valid
9024,10,-2.404844,valid
9025,10,0.5178766,valid
9026,10,-5.4035273,valid
9027,10,-4.2029514,valid
9028,10,-2.6166737,valid
9029,10,0.2699704,valid
9030,10,-1.0081857,valid
9031,10,-7.6957426,valid
9032,10,-2.321397,valid
9033,10,-1.1538483,valid
9034,10,-2.5018027,valid
9035,10,-2.1285667,valid
9036,10,-3.8433177,valid
9037,10,-5.779795,valid
9038,10,-4.477434,valid
9039,10,-4.633737,valid
9040,10,0.38561755,valid
9041,10,-2.320093,valid
9042,10,-1.1470499,valid
9043,10,-6.5817,valid
9044,10,-3.8037503,valid
9045,10,-2.8027368,valid
9046,10,-1.0726571,valid
9047,10,-3.052326,valid
9048,10,-3.5596168,valid
9049,10,-4.7481284,valid
9050,10,-2.8883064,valid
9051,10,-2.011161,valid
9052,10,-1.5220252,valid
9053,10,-4.92398,valid
9054,10,-2.02381,valid
9055,10,0.13840576,valid
9056,10,-4.5255003,valid
9057,10,-3.9435003,valid
9058,10,-4.46419,valid
9059,10,-1.3743421,valid
9060,10,-3.15599,valid
9061,10,-3.4219577,valid
9062,10,-4.4989753,valid
9063,10,-0.27366287,valid
9064,10,-4.952132,valid
9065,10,-6.090925,valid
9066,10,-3.6758425,valid
9067,10,-0.84724003,valid
9068,10,-6.389958,valid
9069,10,-2.0685384,valid
9070,10,-2.7214694,valid
9071,10,-4.2793493,valid
9072,10,-1.6628418,valid
9073,10,-4.4183154,valid
9074,10,-2.5563583,valid
9075,10,-4.2306995,valid
9076,10,-1.5149232,valid
9077,10,-1.1922092,valid
9078,10,-5.748935,valid
9079,10,-2.7056496,valid
9080,10,1.8571212,valid
9081,10,-2.443471,valid
9082,10,-0.44570303,valid
9083,10,-1.5622846,valid
9084,10,-4.0687,valid
9085,10,-3.0792105,valid
9086,10,-5.7718453,valid
9087,10,-3.3585887,valid
9088,10,-4.80653,valid
9089,10,-0.28009853,valid
9090,10,-3.5605705,valid
9091,10,-7.4993505,valid
9092,10,-2.6366098,valid
9093,10,-3.0525608,valid
9094,10,0.6554793,valid
9095,10,-2.018393,valid
9096,10,-3.324118,valid
9097,10,-2.8353064,valid
9098,10,-1.650003,valid
9099,10,-0.63266706,valid
9100,10,0.39927286,valid
9101,10,0.3231122,valid
9102,10,-1.1149975,valid
9103,10,-2.3811,valid
9104,10,1.3094279,valid
9105,10,-6.6387715,valid
9106,10,-5.288396,valid
9107,10,0.8361187,valid
9108,10,-4.865428,valid
9109,10,-3.498463,valid
9110,10,-2.4442487,valid
9111,10,-1.0401213,valid
9112,10,-2.2210975,valid
9113,10,-5.33557,valid
9114,10,-4.849529,valid
9115,10,-3.6318493,valid
9116,10,-2.5786536,valid
9117,10,-3.0637195,valid
9118,10,1.2779342,valid
9119,10,-4.2898736,valid
9120,10,-0.2767892,valid
9121,10,-1.6525161,valid
9122,10,-3.1844988,valid
9123,10,-5.1218157,valid
9124,10,-0.20793445,valid
9125,10,-5.409497,valid
9126,10,-2.907013,valid
9127,10,0.81534153,valid
9128,10,-5.095687,valid
9129,10,-5.7979574,valid
9130,10,-2.5277834,valid
9131,10,-1.1313511,valid
9132,10,-2.9527185,valid
9133,10,-0.8716852,valid
9134,10,-4.363036,valid
9135,10,-3.9342782,valid
9136,10,-1.4809811,valid
9137,10,-2.7648141,valid
9138,10,0.24116056,valid
9139,10,-1.322445,valid
9140,10,-2.3956578,valid
9141,10,-6.269626,valid
9142,10,-1.0081857,valid
9143,10,-1.4544013,valid
9144,10,-2.2087953,valid
9145,10,-2.6365128,valid
9146,10,-2.1651518,valid
9147,10,-1.4077841,valid
9148,10,0.77644265,valid
9149,10,-1.4398878,valid
9150,10,-3.918131,valid
9151,10,-5.103302,valid
9152,10,-2.1507387,valid
9153,10,-4.629328,valid
9154,10,-5.438798,valid
9155,10,-2.379102,valid
9156,10,-5.6448436,valid
9157,10,-6.1407933,valid
9158,10,-3.4864204,valid
9159,10,-5.310967,valid
9160,10,-5.7671294,valid
9161,10,-2.2073758,valid
9162,10,-3.6495864,valid
9163,10,-2.9672585,valid
9164,10,-3.8873332,valid
9165,10,-2.9629335,valid
9166,10,0.44051015,valid
9167,10,-2.5285764,valid
9168,10,-3.0453277,valid
9169,10,-4.5587134,valid
9170,10,-2.920016,valid
9171,10,-3.9283226,valid
9172,10,-3.792326,valid
9173,10,-2.7603488,valid
9174,10,-6.585605,valid
9175,10,-4.56949,valid
9176,10,-6.936971,valid
9177,10,-0.0047618747,valid
9178,10,-4.6394124,valid
9179,10,1.2355866,valid
9180,10,-2.8609354,valid
9181,10,-4.10497,valid
9182,10,-1.8256953,valid
9183,10,-4.5547767,valid
9184,10,-4.5517716,valid
9185,10,-0.89101297,valid
9186,10,-7.5372014,valid
9187,10,-3.1414707,valid
9188,10,-3.9826214,valid
9189,10,-2.2491922,valid
9190,10,-5.004073,valid
9191,10,-2.5540226,valid
9192,10,-2.520228,valid
9193,10,-3.6277463,valid
9194,10,-5.80705,valid
9195,10,-4.628054,valid
9196,10,-4.4541006,valid
9197,10,-0.20292361,valid
9198,10,-3.3624027,valid
9199,10,-2.224466,valid
9200,10,-3.3859508,valid
9201,10,1.1270994,valid
9202,10,-4.2404695,valid
9203,10,-3.0629115,valid
9204,10,0.59740204,valid
9205,10,-6.120378,valid
9206,10,-1.8290012,valid
9207,10,-1.0081857,valid
9208,10,-3.8168855,valid
9209,10,-2.2312155,valid
9210,10,-3.9407809,valid
9211,10,-1.1218354,valid
9212,10,-2.34248,valid
9213,10,-3.373954,valid
9214,10,-3.9248896,valid
9215,10,-1.0798138,valid
9216,10,-5.7953258,valid
9217,10,-4.0989976,valid
9218,10,-3.4390616,valid
9219,10,-0.12258625,valid
9220,10,-3.2650297,valid
9221,10,-3.0162194,valid
9222,10,-5.093097,valid
9223,10,-1.960507,valid
9224,10,-3.0592465,valid
9225,10,-3.503144,valid
9226,10,-1.9322077,valid
9227,10,-3.0495374,valid
9228,10,-2.802521,valid
9229,10,-4.237654,valid
9230,10,-4.0011888,valid
9231,10,-2.6365836,valid
9232,10,-7.678345,valid
9233,10,-3.6459987,valid
9234,10,-1.2785681,valid
9235,10,-1.7706913,valid
9236,10,-6.5511794,valid
9237,10,-2.255087,valid
9238,10,-3.0773668,valid
9239,10,-4.1862817,valid
9240,10,-1.8053703,valid
9241,10,-3.9385388,valid
9242,10,-2.0844095,valid
9243,10,-3.1047366,valid
9244,10,-1.5035974,valid
9245,10,-3.6823866,valid
9246,10,-3.2291796,valid
9247,10,1.830196,valid
9248,10,-2.8721287,valid
9249,10,0.21239093,valid
9250,10,-6.6971993,valid
9251,10,-6.9633274,valid
9252,10,-3.2674034,valid
9253,10,-4.0683675,valid
9254,10,-0.19379656,valid
9255,10,-2.304965,valid
9256,10,-5.330711,valid
9257,10,-7.5170302,valid
9258,10,-3.1717737,valid
9259,10,-2.4829752,valid
9260,10,-4.6894803,valid
9261,10,-4.6728168,valid
9262,10,-4.753939,valid
9263,10,1.8462614,valid
9264,10,-0.9630516,valid
9265,10,-6.983088,valid
9266,10,-2.3618827,valid
9267,10,-0.031917345,valid
9268,10,-3.8595788,valid
9269,10,-3.09119,valid
9270,10,-3.907618,valid
9271,10,-1.2708462,valid
9272,10,-3.8870816,valid
9273,10,-4.291086,valid
9274,10,-2.5178297,valid
9275,10,0.8461002,valid
9276,10,-5.631929,valid
9277,10,-3.7488792,valid
9278,10,-4.445054,valid
9279,10,-3.9066403,valid
9280,10,0.18576749,valid
9281,10,-4.1035666,valid
9282,10,-3.5862968,valid
9283,10,-5.061473,valid
9284,10,-1.0011262,valid
9285,10,-5.601763,valid
9286,10,-1.8410934,valid
9287,10,-2.0761342,valid
9288,10,-1.4077371,valid
9289,10,-2.9041977,valid
9290,10,-5.8802986,valid
9291,10,-6.620812,valid
9292,10,-2.0548365,valid
9293,10,-2.3871815,valid
9294,10,-1.7296997,valid
9295,10,-2.2466447,valid
9296,10,-4.1957874,valid
9297,10,-4.7393064,valid
9298,10,-5.976329,valid
9299,10,-4.2837806,valid
9300,10,-1.8917632,valid
9301,10,-4.6100626,valid
9302,10,-4.026505,valid
9303,10,-7.1737614,valid
9304,10,-3.610746,valid
9305,10,-6.8294845,valid
9306,10,-0.83681977,valid
9307,10,-1.6280532,valid
9308,10,-6.1161227,valid
9309,10,-2.3626869,valid
9310,10,-5.412159,valid
9311,10,-4.151994,valid
9312,10,-4.360485,valid
9313,10,-1.8711512,valid
9314,10,-1.0081857,valid
9315,10,-2.9350202,valid
9316,10,-3.5830817,valid
9317,10,0.1289448,valid
9318,10,-3.1385157,valid
9319,10,-2.2528121,valid
9320,10,-1.8272694,valid
9321,10,-2.579745,valid
9322,10,-1.578252,valid
9323,10,-4.088015,valid
9324,10,-3.9417222,valid
9325,10,-8.1421385,valid
9326,10,-3.5203657,valid
9327,10,-1.0782906,valid
9328,10,-5.685735,valid
9329,10,-3.1490972,valid
9330,10,-2.9297533,valid
9331,10,-4.879874,valid
9332,10,-3.26456,valid
9333,10,-4.1865277,valid
9334,10,-4.407176,valid
9335,10,-3.839533,valid
9336,10,-2.317675,valid
9337,10,-2.0911148,valid
9338,10,0.8010134,valid
9339,10,-1.9953449,valid
9340,10,-3.4616134,valid
9341,10,-0.7927753,valid
9342,10,-1.0954587,valid
9343,10,-6.1407933,valid
9344,10,-0.7052556,valid
9345,10,-1.0081857,valid
9346,10,-3.0952806,valid
9347,10,-1.0333661,valid
9348,10,-0.15372786,valid
9349,10,0.57349634,valid
9350,10,-2.5486062,valid
9351,10,-7.1850533,valid
9352,10,-1.8606668,valid
9353,10,-4.5591326,valid
9354,10,-3.9996097,valid
9355,10,-9.805447,valid
9356,10,-9.332064,valid
9357,10,-2.9731586,valid
9358,10,-5.2845287,valid
9359,10,-2.001924,valid
9360,10,-2.3357425,valid
9361,10,0.41521043,valid
9362,10,-4.0390654,valid
9363,10,-5.871161,valid
9364,10,-1.2859806,valid
9365,10,-3.7106543,valid
9366,10,-1.3342518,valid
9367,10,-3.9677033,valid
9368,10,-3.7803268,valid
9369,10,-10.092643,valid
9370,10,-2.7889116,valid
9371,10,-5.491353,valid
9372,10,-2.6995478,valid
9373,10,-5.461798,valid
9374,10,-0.55263805,valid
9375,10,-2.4225557,valid
9376,10,-0.8343837,valid
9377,10,-3.9325485,valid
9378,10,-2.249608,valid
9379,10,-1.5598961,valid
9380,10,-3.792476,valid
9381,10,-5.3478713,valid
9382,10,-2.1496234,valid
9383,10,-4.479316,valid
9384,10,-2.9471922,valid
9385,10,-3.3318062,valid
9386,10,-4.199741,valid
9387,10,0.19731812,valid
9388,10,-5.6619606,valid
9389,10,-4.2350216,valid
9390,10,-4.615518,valid
9391,10,-1.516047,valid
9392,10,-0.46233037,valid
9393,10,-1.2708713,valid
9394,10,-2.972576,valid
9395,10,-2.0206938,valid
9396,10,-1.4142843,valid
9397,10,-1.6858016,valid
9398,10,-1.6458755,valid
9399,10,-3.4144716,valid
9400,10,-0.17624345,valid
9401,10,-2.2647686,valid
9402,10,-1.0081857,valid
9403,10,-2.4423225,valid
9404,10,-0.5798608,valid
9405,10,-2.6729205,valid
9406,10,-5.0737796,valid
9407,10,-3.7336268,valid
9408,10,-3.0958703,valid
9409,10,-3.464041,valid
9410,10,-3.7064724,valid
9411,10,-2.911715,valid
9412,10,-1.1761442,valid
9413,10,-2.2141685,valid
9414,10,-1.2663807,valid
9415,10,-4.387465,valid
9416,10,-5.08451,valid
9417,10,-3.932286,valid
9418,10,-4.9159546,valid
9419,10,-5.998839,valid
9420,10,-1.0081857,valid
9421,10,-3.667967,valid
9422,10,-6.9947066,valid
9423,10,-4.607489,valid
9424,10,-3.5794413,valid
9425,10,0.81242645,valid
9426,10,-0.24876492,valid
9427,10,-7.582899,valid
9428,10,0.09438826,valid
9429,10,-6.618496,valid
9430,10,-4.1353054,valid
9431,10,-1.2176144,valid
9432,10,-1.6034173,valid
9433,10,-5.118705,valid
9434,10,-3.6570501,valid
9435,10,-0.22136956,valid
9436,10,-3.6171362,valid
9437,10,1.8576264,valid
9438,10,-2.157928,valid
9439,10,-2.8651164,valid
9440,10,-3.9430969,valid
9441,10,-5.1924586,valid
9442,10,0.021854699,valid
9443,10,-4.1793337,valid
9444,10,-3.047111,valid
9445,10,-3.095442,valid
9446,10,-3.0526927,valid
9447,10,-3.8150694,valid
9448,10,-2.067872,valid
9449,10,-1.3599771,valid
9450,10,-2.493378,valid
9451,10,-3.6950583,valid
9452,10,-5.96851,valid
9453,10,-4.9289126,valid
9454,10,-3.5733922,valid
9455,10,-1.1350197,valid
9456,10,-3.8082902,valid
9457,10,-4.082504,valid
9458,10,-4.5652266,valid
9459,10,-7.1744704,valid
9460,10,-1.449952,valid
9461,10,-2.5590641,valid
9462,10,-3.1852736,valid
9463,10,-3.5476875,valid
9464,10,-2.3500233,valid
9465,10,-2.8849924,valid
9466,10,-4.0786004,valid
9467,10,-2.5501225,valid
9468,10,-3.4395928,valid
9469,10,-4.858115,valid
9470,10,-2.295523,valid
9471,10,-1.9823035,valid
9472,10,-1.0409216,valid
9473,10,-4.571072,valid
9474,10,-4.139362,valid
9475,10,-1.2988769,valid
9476,10,-3.04432,valid
9477,10,-2.0358741,valid
9478,10,-2.6294968,valid
9479,10,-4.0272293,valid
9480,10,-5.128079,valid
9481,10,-0.29348442,valid
9482,10,-3.98723,valid
9483,10,-2.3496413,valid
9484,10,-2.447632,valid
9485,10,-1.2951019,valid
9486,10,-4.0398254,valid
9487,10,-3.015243,valid
9488,10,0.22763897,valid
9489,10,-1.7439893,valid
9490,10,-3.846772,valid
9491,10,-5.335185,valid
9492,10,-2.0535715,valid
9493,10,-3.3066006,valid
9494,10,-5.024248,valid
9495,10,-0.97321683,valid
9496,10,-4.7125897,valid
9497,10,-5.8333087,valid
9498,10,-3.362271,valid
9499,10,-6.903938,valid
9500,10,-1.2444497,valid
9501,10,0.47682732,valid
9502,10,-2.5804408,valid
9503,10,-4.898459,valid
9504,10,-3.7757246,valid
9505,10,-3.2989657,valid
9506,10,-3.800482,valid
9507,10,-2.3712385,valid
9508,10,-3.993954,valid
9509,10,-1.6081532,valid
9510,10,-1.61848,valid
9511,10,-1.9995334,valid
9512,10,-1.7747296,valid
9513,10,-0.7455769,valid
9514,10,-4.5474095,valid
9515,10,-1.890577,valid
9516,10,-3.5418303,valid
9517,10,-3.4999034,valid
9518,10,0.08929147,valid
9519,10,-2.237057,valid
9520,10,-3.3707435,valid
9521,10,-3.3189318,valid
9522,10,-4.642058,valid
9523,10,-1.5974238,valid
9524,10,-2.8349411,valid
9525,10,0.42936262,valid
9526,10,-3.4774842,valid
9527,10,1.4393059,valid
9528,10,-0.95423937,valid
9529,10,-4.3792186,valid
9530,10,-4.904982,valid
9531,10,-4.5051203,valid
9532,10,-1.2977711,valid
9533,10,-3.5957284,valid
9534,10,-1.6855764,valid
9535,10,-2.5641432,valid
9536,10,-0.84524935,valid
9537,10,-3.4160626,valid
9538,10,-1.9177653,valid
9539,10,1.4758049,valid
9540,10,-3.8800352,valid
9541,10,-2.589011,valid
9542,10,-3.993258,valid
9543,10,-1.6788272,valid
9544,10,0.43563998,valid
9545,10,-6.9732203,valid
9546,10,-2.6403985,valid
9547,10,-3.2326105,valid
9548,10,-2.0091205,valid
9549,10,-3.2418764,valid
9550,10,-1.0967917,valid
9551,10,2.6655514,valid
9552,10,-0.70160663,valid
9553,10,-1.0384008,valid
9554,10,-3.345846,valid
9555,10,0.6782496,valid
9556,10,-4.0001993,valid
9557,10,-1.1569186,valid
9558,10,-5.8334627,valid
9559,10,-2.3578277,valid
9560,10,-1.0180697,valid
9561,10,-5.17615,valid
9562,10,0.58220947,valid
9563,10,-0.31551763,valid
9564,10,-1.3676162,valid
9565,10,-1.275872,valid
9566,10,-1.6266705,valid
9567,10,-3.3569973,valid
9568,10,-3.0393589,valid
9569,10,-5.0244107,valid
9570,10,-2.9337056,valid
9571,10,-4.8876123,valid
9572,10,-3.2915738,valid
9573,10,-3.0043879,valid
9574,10,-1.2572802,valid
9575,10,0.19538419,valid
9576,10,-4.0791807,valid
9577,10,-2.0933251,valid
9578,10,1.4866844,valid
9579,10,-3.8001301,valid
9580,10,-1.155195,valid
9581,10,-3.1784084,valid
9582,10,-2.6701663,valid
9583,10,-4.0741153,valid
9584,10,0.6630041,valid
9585,10,0.77644265,valid
9586,10,-4.8899765,valid
9587,10,-2.8468015,valid
9588,10,-1.6815399,valid
9589,10,-9.356555,valid
9590,10,-4.3548307,valid
9591,10,-2.6926286,valid
9592,10,-4.9501967,valid
9593,10,-4.200413,valid
9594,10,-3.2732751,valid
9595,10,-4.554498,valid
9596,10,-3.9803028,valid
9597,10,-2.9616723,valid
9598,10,-3.7844656,valid
9599,10,-4.7953587,valid
9600,10,-2.669464,valid
9601,10,-4.8742213,valid
9602,10,-4.7619634,valid
9603,10,-3.995813,valid
9604,10,-3.7288377,valid
9605,10,-1.6343663,valid
9606,10,-3.294563,valid
9607,10,-0.88948584,valid
9608,10,-5.453461,valid
9609,10,-5.386124,valid
9610,10,-2.4361513,valid
9611,10,-3.0340474,valid
9612,10,-2.9204295,valid
9613,10,-4.58618,valid
9614,10,-3.2795203,valid
9615,10,-6.212175,valid
9616,10,-2.0338862,valid
9617,10,-3.2252,valid
9618,10,0.9149243,valid
9619,10,-0.65305674,valid
9620,10,-3.3307722,valid
9621,10,-2.1168602,valid
9622,10,-1.8502791,valid
9623,10,-4.9604955,valid
9624,10,-2.3434346,valid
9625,10,-1.8655964,valid
9626,10,-2.2312155,valid
9627,10,-4.7303815,valid
9628,10,-4.282224,valid
9629,10,-3.591996,valid
9630,10,-2.8619266,valid
9631,10,-0.09479062,valid
9632,10,-2.3317132,valid
9633,10,-3.2399876,valid
9634,10,-4.865376,valid
9635,10,-3.7097785,valid
9636,10,-5.4649053,valid
9637,10,-4.0279713,valid
9638,10,-1.5699608,valid
9639,10,0.48003703,valid
9640,10,-3.3594997,valid
9641,10,-3.5498862,valid
9642,10,-3.7140892,valid
9643,10,-4.5872817,valid
9644,10,-4.8419414,valid
9645,10,-5.1322427,valid
9646,10,-2.8935719,valid
9647,10,-3.8019314,valid
9648,10,-0.6881629,valid
9649,10,-2.1097212,valid
9650,10,-1.4389105,valid
9651,10,-6.11393,valid
9652,10,-5.2780128,valid
9653,10,-5.9822135,valid
9654,10,-2.3645868,valid
9655,10,-0.07640977,valid
9656,10,-3.1603277,valid
9657,10,-0.8474262,valid
9658,10,-6.5235353,valid
9659,10,-5.774468,valid
9660,10,-0.37221348,valid
9661,10,-2.227501,valid
9662,10,-6.0047317,valid
9663,10,-1.2201539,valid
9664,10,-5.923467,valid
9665,10,-0.70516837,valid
9666,10,1.3988844,valid
9667,10,-4.5075107,valid
9668,10,-1.7098569,valid
9669,10,-6.484733,valid
9670,10,-7.6546044,valid
9671,10,-2.8376467,valid
9672,10,-4.409049,valid
9673,10,-4.5550685,valid
9674,10,-2.3567128,valid
9675,10,-4.654445,valid
9676,10,-2.992488,valid
9677,10,-4.781565,valid
9678,10,-2.4252813,valid
9679,10,-5.0678015,valid
9680,10,-4.901385,valid
9681,10,-3.1316187,valid
9682,10,-3.837481,valid
9683,10,-2.7874587,valid
9684,10,-2.249399,valid
9685,10,-3.417111,valid
9686,10,-0.71175975,valid
9687,10,-5.8281555,valid
9688,10,-1.3365202,valid
9689,10,-2.806564,valid
9690,10,-2.4297314,valid
9691,10,-3.673532,valid
9692,10,-2.6396146,valid
9693,10,-4.905849,valid
9694,10,-4.864472,valid
9695,10,-2.2243865,valid
9696,10,-1.7376145,valid
9697,10,-1.4698213,valid
9698,10,-3.2149165,valid
9699,10,1.7098714,valid
9700,10,-5.730129,valid
9701,10,-5.231604,valid
9702,10,-10.20089,valid
9703,10,-3.455274,valid
9704,10,-2.6104658,valid
9705,10,-2.8064387,valid
9706,10,-3.9927404,valid
9707,10,-3.3039782,valid
9708,10,-1.077779,valid
9709,10,-1.900679,valid
9710,10,-4.6352935,valid
9711,10,-2.256328,valid
9712,10,-0.46855608,valid
9713,10,-1.0967917,valid
9714,10,-0.751669,valid
9715,10,-4.10288,valid
9716,10,-2.529342,valid
9717,10,-1.7982805,valid
9718,10,-4.8939824,valid
9719,10,-1.2597312,valid
9720,10,-3.8268433,valid
9721,10,-3.5845063,valid
9722,10,-5.510323,valid
9723,10,-2.8492258,valid
9724,10,-3.2983582,valid
9725,10,-5.753615,valid
9726,10,-4.777335,valid
9727,10,-4.1501245,valid
9728,10,-2.100499,valid
9729,10,-5.187061,valid
9730,10,0.5463697,valid
9731,10,-1.818369,valid
9732,10,-5.4399724,valid
9733,10,-3.9719746,valid
9734,10,-2.1146233,valid
9735,10,0.056476217,valid
9736,10,-7.382548,valid
9737,10,-6.1457314,valid
9738,10,-2.0325496,valid
9739,10,-1.6217409,valid
9740,10,-5.135489,valid
9741,10,-1.7791902,valid
9742,10,-0.4613641,valid
9743,10,-5.3482366,valid
9744,10,-2.9158216,valid
9745,10,-6.6328874,valid
9746,10,-2.6049335,valid
9747,10,-3.3276348,valid
9748,10,-3.5385873,valid
9749,10,0.4691569,valid
9750,10,-2.560344,valid
9751,10,-2.4982715,valid
9752,10,-1.2950745,valid
9753,10,-1.0265415,valid
9754,10,-0.13815585,valid
9755,10,-5.0500574,valid
9756,10,-3.6033354,valid
9757,10,-0.85206205,valid
9758,10,-3.777,valid
9759,10,-4.054292,valid
9760,10,-2.9867811,valid
9761,10,-3.9195998,valid
9762,10,-1.8350259,valid
9763,10,-0.39794618,valid
9764,10,0.30687815,valid
9765,10,-1.9816228,valid
9766,10,-0.98671156,valid
9767,10,-2.8008547,valid
9768,10,-1.0346612,valid
9769,10,-5.142655,valid
9770,10,-2.9587867,valid
9771,10,-2.51223,valid
9772,10,-5.625917,valid
9773,10,-6.3465757,valid
9774,10,-1.7011827,valid
9775,10,-4.479756,valid
9776,10,-4.0240097,valid
9777,10,-5.5475564,valid
9778,10,-3.1903765,valid
9779,10,-4.0146093,valid
9780,10,0.8571567,valid
9781,10,0.26372167,valid
9782,10,-3.7189634,valid
9783,10,-4.869209,valid
9784,10,-5.8797064,valid
9785,10,-3.381494,valid
9786,10,-0.9068451,valid
9787,10,-1.7516172,valid
9788,10,-5.6315007,valid
9789,10,-2.3499691,valid
9790,10,-3.0726566,valid
9791,10,-2.9068632,valid
9792,10,-1.3464255,valid
9793,10,-2.6158268,valid
9794,10,-2.825579,valid
9795,10,-3.9351826,valid
9796,10,-2.5437531,valid
9797,10,-2.4322562,valid
9798,10,-3.1510832,valid
9799,10,-6.1423235,valid
9800,10,-3.436487,valid
9801,10,-2.1261227,valid
9802,10,-2.220854,valid
9803,10,-3.3607488,valid
9804,10,-3.2434132,valid
9805,10,-6.7147794,valid
9806,10,-8.082847,valid
9807,10,-0.8577366,valid
9808,10,-0.36267725,valid
9809,10,-3.6714578,valid
9810,10,-2.4559762,valid
9811,10,-6.219491,valid
9812,10,-0.9682833,valid
9813,10,-4.460282,valid
9814,10,-4.8237653,valid
9815,10,-4.056072,valid
9816,10,-6.3059826,valid
9817,10,-1.1751035,valid
9818,10,-4.682546,valid
9819,10,-1.4800698,valid
9820,10,-3.5773854,valid
9821,10,-2.2598264,valid
9822,10,-3.7977316,valid
9823,10,-4.118627,valid
9824,10,-2.6996372,valid
9825,10,-6.563646,valid
9826,10,-4.773462,valid
9827,10,-3.95123,valid
9828,10,-2.9536607,valid
9829,10,-4.3692417,valid
9830,10,-4.433067,valid
9831,10,-3.4833415,valid
9832,10,-4.0453653,valid
9833,10,-3.8658974,valid
9834,10,-1.246986,valid
9835,10,-1.935192,valid
9836,10,-4.469905,valid
9837,10,-4.6688333,valid
9838,10,-0.48143828,valid
9839,10,-3.3928945,valid
9840,10,-0.25542235,valid
9841,10,-2.7627013,valid
9842,10,-0.174639,valid
9843,10,-5.855946,valid
9844,10,-4.6236205,valid
9845,10,-3.291067,valid
9846,10,1.3672806,valid
9847,10,-4.831475,valid
9848,10,-2.892343,valid
9849,10,-3.922518,valid
9850,10,-4.20449,valid
9851,10,-1.5733434,valid
9852,10,-3.0589812,valid
9853,10,-4.0510993,valid
9854,10,-5.3772364,valid
9855,10,-4.71741,valid
9856,10,-0.47630763,valid
9857,10,-4.2518525,valid
9858,10,-3.6687381,valid
9859,10,-2.447632,valid
9860,10,-3.4138699,valid
9861,10,-3.9097555,valid
9862,10,-8.793555,valid
9863,10,-5.5838933,valid
9864,10,-3.7056408,valid
9865,10,-3.5818455,valid
9866,10,-2.848431,valid
9867,10,-3.072656,valid
9868,10,-4.504312,valid
9869,10,-1.7220275,valid
9870,10,1.9925805,valid
9871,10,-5.623174,valid
9872,10,-7.1060777,valid
9873,10,-3.229887,valid
9874,10,-4.3365283,valid
9875,10,-6.6729503,valid
9876,10,-2.3832238,valid
9877,10,-1.2146864,valid
9878,10,-3.1797924,valid
9879,10,-5.312285,valid
9880,10,-6.6754622,valid
9881,10,-2.1501195,valid
9882,10,-0.8412687,valid
9883,10,-4.1318192,valid
9884,10,-3.6160815,valid
9885,10,-0.849355,valid
9886,10,-1.755263,valid
9887,10,-3.8504498,valid
9888,10,-3.3041294,valid
9889,10,-2.281962,valid
9890,10,-3.8590271,valid
9891,10,-4.9554625,valid
9892,10,-3.018823,valid
9893,10,-5.239939,valid
9894,10,-5.6482105,valid
9895,10,-3.5224204,valid
9896,10,-3.9195998,valid
9897,10,2.0106218,valid
9898,10,-5.263151,valid
9899,10,-4.0893908,valid
9900,10,-0.16086194,valid
9901,10,-1.7487833,valid
9902,10,-1.3899053,valid
9903,10,-2.4313295,valid
9904,10,-7.0044503,valid
9905,10,-3.073167,valid
9906,10,-8.019691,valid
9907,10,-0.93826044,valid
9908,10,-2.5957382,valid
9909,10,-1.4468387,valid
9910,10,-1.0081857,valid
9911,10,-1.2719704,valid
9912,10,-3.7760966,valid
9913,10,-4.082832,valid
9914,10,-0.40184438,valid
9915,10,-4.440492,valid
9916,10,-2.3165567,valid
9917,10,-2.2271268,valid
9918,10,-4.3926916,valid
9919,10,-1.9871944,valid
9920,10,-3.3195016,valid
9921,10,-7.190128,valid
9922,10,-7.428947,valid
9923,10,-2.4463255,valid
9924,10,-3.8365293,valid
9925,10,-5.2198715,valid
9926,10,-2.1006114,valid
9927,10,-4.8369594,valid
9928,10,-3.4667337,valid
9929,10,-3.6482844,valid
9930,10,-1.3464255,valid
9931,10,-3.2300086,valid
9932,10,-3.1093442,valid
9933,10,-6.6973033,valid
9934,10,-7.193257,valid
9935,10,-3.091586,valid
9936,10,-1.5788484,valid
9937,10,-5.9075933,valid
9938,10,-3.3538706,valid
9939,10,-0.41876203,valid
9940,10,0.48996025,valid
9941,10,-1.4632307,valid
9942,10,-4.0041304,valid
9943,10,-3.8467524,valid
9944,10,-1.3817495,valid
9945,10,-1.5548855,valid
9946,10,-1.0258068,valid
9947,10,-4.0953317,valid
9948,10,-8.22495,valid
9949,10,-4.342079,valid
9950,10,-3.1223867,valid
9951,10,-4.4082103,valid
9952,10,-3.1065075,valid
9953,10,-4.0416574,valid
9954,10,-4.595023,valid
9955,10,-4.2500796,valid
9956,10,-2.8716288,valid
9957,10,-4.3604016,valid
9958,10,-4.8079057,valid
9959,10,-5.138375,valid
9960,10,-3.7955964,valid
9961,10,-2.5527818,valid
9962,10,-3.2280045,valid
9963,10,-2.5785875,valid
9964,10,-4.898459,valid
9965,10,1.0406731,valid
9966,10,-4.4307895,valid
9967,10,-1.1717182,valid
9968,10,-4.983663,valid
9969,10,-3.8133647,valid
9970,10,0.019351397,valid
9971,10,-4.087502,valid
9972,10,-8.680298,valid
9973,10,-3.1833663,valid
9974,10,-3.089565,valid
9975,10,-3.2746098,valid
9976,10,-1.131869,valid
9977,10,-0.7510431,valid
9978,10,-3.7588463,valid
9979,10,-2.082936,valid
9980,11,-0.87828505,valid
9981,11,-0.960321,valid
9982,11,-4.8576655,valid
9983,11,-3.5320966,valid
9984,11,-4.024205,valid
9985,11,-4.804678,valid
9986,11,-2.3761828,valid
9987,11,-4.1891046,valid
9988,11,-2.3025937,valid
9989,11,-3.8036675,valid
9990,11,-3.4453435,valid
9991,11,-4.9497504,valid
9992,11,-2.8969514,valid
9993,11,-3.8009615,valid
9994,11,-2.8204267,valid
9995,11,-3.5296657,valid
9996,11,-1.122657,valid
9997,11,1.4989254,valid
9998,11,-2.590052,valid
9999,11,-3.8269062,valid
10000,11,0.8986048,valid
10001,11,0.58889157,valid
10002,11,-4.3084435,valid
10003,11,-1.9880418,valid
10004,11,-2.5359526,valid
10005,11,-1.4039322,valid
10006,11,-3.7721646,valid
10007,11,-2.4318063,valid
10008,11,-2.9226217,valid
10009,11,-3.2686386,valid
10010,11,-1.2364906,valid
10011,11,-0.27811575,valid
10012,11,-4.0272384,valid
10013,11,-1.4006244,valid
10014,11,-2.3970032,valid
10015,11,-7.889623,valid
10016,11,-2.188135,valid
10017,11,-2.737573,valid
10018,11,-4.8564944,valid
10019,11,-2.5885277,valid
10020,11,-5.350291,valid
10021,11,3.0330393,valid
10022,11,-2.732072,valid
10023,11,0.7713499,valid
10024,11,-5.7181854,valid
10025,11,-4.534428,valid
10026,11,-2.600665,valid
10027,11,0.4764802,valid
10028,11,-1.122657,valid
10029,11,-7.5900464,valid
10030,11,-2.5348718,valid
10031,11,-1.2218485,valid
10032,11,-2.6017776,valid
10033,11,-2.0497575,valid
10034,11,-3.7378433,valid
10035,11,-5.923461,valid
10036,11,-4.53758,valid
10037,11,-4.7125697,valid
10038,11,0.4735157,valid
10039,11,-2.3943253,valid
10040,11,-1.2255651,valid
10041,11,-7.057867,valid
10042,11,-3.9727914,valid
10043,11,-3.034792,valid
10044,11,-1.4508718,valid
10045,11,-3.0879393,valid
10046,11,-3.852795,valid
10047,11,-5.162242,valid
10048,11,-3.1740654,valid
10049,11,-2.24514,valid
10050,11,-1.3525566,valid
10051,11,-4.888388,valid
10052,11,-2.1419895,valid
10053,11,0.43025047,valid
10054,11,-4.6295986,valid
10055,11,-3.8552349,valid
10056,11,-4.4987783,valid
10057,11,-0.8885391,valid
10058,11,-3.7420778,valid
10059,11,-2.9968817,valid
10060,11,-4.103793,valid
10061,11,-0.73152673,valid
10062,11,-5.41107,valid
10063,11,-5.674882,valid
10064,11,-3.9257138,valid
10065,11,-0.6908071,valid
10066,11,-6.354227,valid
10067,11,-2.0884724,valid
10068,11,-2.3562376,valid
10069,11,-4.090997,valid
10070,11,-1.9202437,valid
10071,11,-3.5016892,valid
10072,11,-2.8855174,valid
10073,11,-4.0318923,valid
10074,11,-1.2508166,valid
10075,11,-1.013863,valid
10076,11,-5.8404303,valid
10077,11,-2.8162224,valid
10078,11,1.888642,valid
10079,11,-2.73674,valid
10080,11,0.020972623,valid
10081,11,-1.0554037,valid
10082,11,-3.939702,valid
10083,11,-3.1815946,valid
10084,11,-6.241728,valid
10085,11,-3.4525354,valid
10086,11,-4.5846276,valid
10087,11,-0.4073149,valid
10088,11,-3.4302456,valid
10089,11,-7.4267735,valid
10090,11,-2.7699854,valid
10091,11,-3.1276684,valid
10092,11,1.1855826,valid
10093,11,-2.170694,valid
10094,11,-3.6926858,valid
10095,11,-2.6866503,valid
10096,11,-1.8606654,valid
10097,11,-0.76945543,valid
10098,11,0.46153116,valid
10099,11,0.71493465,valid
10100,11,-0.7007406,valid
10101,11,-2.6101565,valid
10102,11,1.1671692,valid
10103,11,-6.7107577,valid
10104,11,-5.373903,valid
10105,11,0.79673773,valid
10106,11,-4.5320883,valid
10107,11,-3.2516778,valid
10108,11,-2.5671582,valid
10109,11,-0.86463755,valid
10110,11,-2.0893257,valid
10111,11,-5.562406,valid
10112,11,-5.281353,valid
10113,11,-3.4391246,valid
10114,11,-2.5651295,valid
10115,11,-3.1952899,valid
10116,11,1.465653,valid
10117,11,-4.5253806,valid
10118,11,0.13135421,valid
10119,11,-1.8621336,valid
10120,11,-3.198347,valid
10121,11,-4.9969296,valid
10122,11,0.3278684,valid
10123,11,-5.261563,valid
10124,11,-2.8928072,valid
10125,11,0.51154685,valid
10126,11,-5.387839,valid
10127,11,-5.5187387,valid
10128,11,-2.928107,valid
10129,11,-1.1551799,valid
10130,11,-3.163208,valid
10131,11,-0.8063533,valid
10132,11,-4.797563,valid
10133,11,-3.8050632,valid
10134,11,-1.1195976,valid
10135,11,-2.9108837,valid
10136,11,0.33600077,valid
10137,11,-1.2348704,valid
10138,11,-2.4501994,valid
10139,11,-6.598415,valid
10140,11,-1.122657,valid
10141,11,-1.2243108,valid
10142,11,-2.2087464,valid
10143,11,-2.1493752,valid
10144,11,-2.0373628,valid
10145,11,-1.0661632,valid
10146,11,0.98079646,valid
10147,11,-1.6515168,valid
10148,11,-4.3054814,valid
10149,11,-5.3974047,valid
10150,11,-2.2079613,valid
10151,11,-4.9178805,valid
10152,11,-5.5847692,valid
10153,11,-2.5660036,valid
10154,11,-5.5398564,valid
10155,11,-5.570229,valid
10156,11,-3.6209323,valid
10157,11,-5.0702896,valid
10158,11,-6.0572104,valid
10159,11,-2.2611003,valid
10160,11,-3.9751716,valid
10161,11,-2.5959675,valid
10162,11,-4.1566644,valid
10163,11,-2.8944318,valid
10164,11,0.97564936,valid
10165,11,-2.5553174,valid
10166,11,-3.376069,valid
10167,11,-4.8673472,valid
10168,11,-3.1955552,valid
10169,11,-4.232804,valid
10170,11,-4.096026,valid
10171,11,-2.581764,valid
10172,11,-7.23871,valid
10173,11,-4.6759925,valid
10174,11,-7.3705196,valid
10175,11,-0.015176123,valid
10176,11,-4.605548,valid
10177,11,1.1000162,valid
10178,11,-2.8982303,valid
10179,11,-4.4017644,valid
10180,11,-2.0201554,valid
10181,11,-4.6702065,valid
10182,11,-4.8875847,valid
10183,11,-0.4554464,valid
10184,11,-6.528956,valid
10185,11,-2.963709,valid
10186,11,-4.023045,valid
10187,11,-2.3748858,valid
10188,11,-4.9143085,valid
10189,11,-2.8389416,valid
10190,11,-2.5169585,valid
10191,11,-3.58952,valid
10192,11,-4.659227,valid
10193,11,-5.097403,valid
10194,11,-4.26527,valid
10195,11,-0.3935636,valid
10196,11,-3.5012617,valid
10197,11,-2.343354,valid
10198,11,-2.658746,valid
10199,11,1.1363833,valid
10200,11,-4.2106752,valid
10201,11,-3.4655151,valid
10202,11,0.03365808,valid
10203,11,-5.511532,valid
10204,11,-2.0864508,valid
10205,11,-1.122657,valid
10206,11,-3.7068536,valid
10207,11,-2.1398697,valid
10208,11,-3.5044749,valid
10209,11,-0.54934764,valid
10210,11,-2.5896795,valid
10211,11,-3.682937,valid
10212,11,-4.0815306,valid
10213,11,-1.1978567,valid
10214,11,-5.6114116,valid
10215,11,-4.4340024,valid
10216,11,-3.749726,valid
10217,11,0.0045831893,valid
10218,11,-3.3623152,valid
10219,11,-3.220259,valid
10220,11,-5.119469,valid
10221,11,-2.1606824,valid
10222,11,-3.0614223,valid
10223,11,-3.349875,valid
10224,11,-2.1950393,valid
10225,11,-3.1478143,valid
10226,11,-3.2128346,valid
10227,11,-4.172337,valid
10228,11,-4.464068,valid
10229,11,-2.6801522,valid
10230,11,-7.5286884,valid
10231,11,-3.6495202,valid
10232,11,-1.1317335,valid
10233,11,-0.8767487,valid
10234,11,-7.0332494,valid
10235,11,-2.3112748,valid
10236,11,-3.8735008,valid
10237,11,-4.0579553,valid
10238,11,-1.9722623,valid
10239,11,-4.132495,valid
10240,11,-2.1475565,valid
10241,11,-3.1158137,valid
10242,11,-1.5416874,valid
10243,11,-3.7215064,valid
10244,11,-3.3550875,valid
10245,11,1.7469167,valid
10246,11,-3.024352,valid
10247,11,0.45171374,valid
10248,11,-6.967961,valid
10249,11,-7.467162,valid
10250,11,-3.1783128,valid
10251,11,-4.316885,valid
10252,11,-0.27322945,valid
10253,11,-1.1947123,valid
10254,11,-5.111777,valid
10255,11,-8.115036,valid
10256,11,-3.3950117,valid
10257,11,-2.64886,valid
10258,11,-4.9039726,valid
10259,11,-4.747546,valid
10260,11,-4.976545,valid
10261,11,1.4447149,valid
10262,11,-0.5343288,valid
10263,11,-6.2330904,valid
10264,11,-1.662227,valid
10265,11,-0.09117996,valid
10266,11,-3.5634108,valid
10267,11,-3.0943434,valid
10268,11,-4.208643,valid
10269,11,-1.0259305,valid
10270,11,-4.3000393,valid
10271,11,-3.992684,valid
10272,11,-2.7654483,valid
10273,11,1.3329448,valid
10274,11,-5.661978,valid
10275,11,-3.9371731,valid
10276,11,-4.7752495,valid
10277,11,-3.913139,valid
10278,11,0.28569427,valid
10279,11,-4.5665464,valid
10280,11,-3.8063967,valid
10281,11,-5.103511,valid
10282,11,-0.86894315,valid
10283,11,-6.0390277,valid
10284,11,-1.4879957,valid
10285,11,-1.9932592,valid
10286,11,-1.4359609,valid
10287,11,-3.0794919,valid
10288,11,-6.1763763,valid
10289,11,-6.7165117,valid
10290,11,-2.3935258,valid
10291,11,-1.9059417,valid
10292,11,-2.0676534,valid
10293,11,-2.5285327,valid
10294,11,-4.4233356,valid
10295,11,-5.1660633,valid
10296,11,-5.901757,valid
10297,11,-4.458528,valid
10298,11,-1.7906519,valid
10299,11,-4.4148555,valid
10300,11,-4.3645983,valid
10301,11,-7.719651,valid
10302,11,-3.880446,valid
10303,11,-6.25471,valid
10304,11,-0.9794781,valid
10305,11,-1.7787596,valid
10306,11,-6.357481,valid
10307,11,-2.5962152,valid
10308,11,-5.7093215,valid
10309,11,-4.4448705,valid
10310,11,-4.6034093,valid
10311,11,-1.1781197,valid
10312,11,-1.122657,valid
10313,11,-3.2734153,valid
10314,11,-3.7464864,valid
10315,11,0.1450462,valid
10316,11,-3.1080716,valid
10317,11,-2.4418132,valid
10318,11,-1.9506732,valid
10319,11,-2.4132638,valid
10320,11,-1.5094813,valid
10321,11,-4.3299503,valid
10322,11,-4.1320662,valid
10323,11,-7.880198,valid
10324,11,-3.7811153,valid
10325,11,-1.2182776,valid
10326,11,-6.130682,valid
10327,11,-3.3765528,valid
10328,11,-2.548219,valid
10329,11,-4.8879404,valid
10330,11,-2.955516,valid
10331,11,-4.59842,valid
10332,11,-4.9139123,valid
10333,11,-4.2890162,valid
10334,11,-2.3710155,valid
10335,11,-1.8216039,valid
10336,11,0.74748677,valid
10337,11,-2.0728757,valid
10338,11,-3.7706234,valid
10339,11,-0.5280905,valid
10340,11,-0.7993703,valid
10341,11,-5.570229,valid
10342,11,-0.40291768,valid
10343,11,-1.122657,valid
10344,11,-2.9580362,valid
10345,11,-1.0456519,valid
10346,11,-0.47357365,valid
10347,11,0.52495646,valid
10348,11,-2.7076108,valid
10349,11,-7.0676117,valid
10350,11,-1.8259565,valid
10351,11,-4.929786,valid
10352,11,-3.7666483,valid
10353,11,-9.218915,valid
10354,11,-8.858519,valid
10355,11,-3.1876142,valid
10356,11,-4.870441,valid
10357,11,-1.7856408,valid
10358,11,-2.6216726,valid
10359,11,0.2868474,valid
10360,11,-3.8671262,valid
10361,11,-5.6957154,valid
10362,11,-0.45944124,valid
10363,11,-3.742638,valid
10364,11,-1.1773778,valid
10365,11,-4.5325565,valid
10366,11,-3.839376,valid
10367,11,-9.745226,valid
10368,11,-3.6304607,valid
10369,11,-5.321441,valid
10370,11,-3.0075104,valid
10371,11,-5.7262464,valid
10372,11,-0.45396164,valid
10373,11,-2.6396124,valid
10374,11,-0.052022945,valid
10375,11,-3.7385926,valid
10376,11,-1.8836441,valid
10377,11,-1.7008526,valid
10378,11,-3.960272,valid
10379,11,-5.645371,valid
10380,11,-2.3025959,valid
10381,11,-4.1526284,valid
10382,11,-2.8879335,valid
10383,11,-3.3470018,valid
10384,11,-4.1744075,valid
10385,11,0.26077342,valid
10386,11,-6.2865314,valid
10387,11,-4.6290774,valid
10388,11,-4.8190317,valid
10389,11,-0.72363365,valid
10390,11,-0.37663543,valid
10391,11,-1.0998145,valid
10392,11,-2.6579337,valid
10393,11,-1.6662978,valid
10394,11,-1.2794033,valid
10395,11,-1.9066002,valid
10396,11,-1.8648583,valid
10397,11,-3.6759913,valid
10398,11,-0.026122656,valid
10399,11,-2.4126346,valid
10400,11,-1.122657,valid
10401,11,-2.1664243,valid
10402,11,-0.5898572,valid
10403,11,-2.8348758,valid
10404,11,-4.845176,valid
10405,11,-3.9018335,valid
10406,11,-3.0392566,valid
10407,11,-3.4646533,valid
10408,11,-3.6862612,valid
10409,11,-2.7523177,valid
10410,11,-1.1722333,valid
10411,11,-2.1979122,valid
10412,11,-1.6595334,valid
10413,11,-4.5638947,valid
10414,11,-5.581994,valid
10415,11,-4.1846995,valid
10416,11,-5.332121,valid
10417,11,-6.4141045,valid
10418,11,-1.122657,valid
10419,11,-3.7563646,valid
10420,11,-6.526696,valid
10421,11,-5.134996,valid
10422,11,-3.6775396,valid
10423,11,0.44293934,valid
10424,11,-0.2262861,valid
10425,11,-8.194843,valid
10426,11,0.2782869,valid
10427,11,-7.1432624,valid
10428,11,-4.4802194,valid
10429,11,-1.3733838,valid
10430,11,-1.3602992,valid
10431,11,-5.4395356,valid
10432,11,-3.5926452,valid
10433,11,-0.04721928,valid
10434,11,-3.789123,valid
10435,11,1.938011,valid
10436,11,-2.0030456,valid
10437,11,-3.2540805,valid
10438,11,-3.8508325,valid
10439,11,-4.8842616,valid
10440,11,-0.0130301695,valid
10441,11,-4.3828216,valid
10442,11,-3.179453,valid
10443,11,-3.22875,valid
10444,11,-3.245134,valid
10445,11,-3.8239214,valid
10446,11,-1.8253666,valid
10447,11,-1.4843055,valid
10448,11,-2.518251,valid
10449,11,-3.8082678,valid
10450,11,-6.575127,valid
10451,11,-5.210408,valid
10452,11,-3.4263308,valid
10453,11,-1.108374,valid
10454,11,-3.8858597,valid
10455,11,-4.4371686,valid
10456,11,-4.3006325,valid
10457,11,-6.6543126,valid
10458,11,-1.514326,valid
10459,11,-2.203303,valid
10460,11,-3.1870725,valid
10461,11,-3.7298715,valid
10462,11,-1.0538726,valid
10463,11,-3.0651274,valid
10464,11,-3.908936,valid
10465,11,-2.6565042,valid
10466,11,-3.3968616,valid
10467,11,-4.884299,valid
10468,11,-2.474024,valid
10469,11,-2.2605834,valid
10470,11,-0.5057122,valid
10471,11,-4.4373245,valid
10472,11,-4.3487167,valid
10473,11,-2.3959172,valid
10474,11,-3.2346313,valid
10475,11,-2.2027304,valid
10476,11,-2.4437296,valid
10477,11,-4.1663136,valid
10478,11,-5.5137887,valid
10479,11,-0.05543412,valid
10480,11,-4.0601964,valid
10481,11,-2.2823544,valid
10482,11,-2.4658663,valid
10483,11,-1.1978528,valid
10484,11,-3.7041857,valid
10485,11,-2.9136147,valid
10486,11,0.38360384,valid
10487,11,-1.9421219,valid
10488,11,-4.4352646,valid
10489,11,-5.228884,valid
10490,11,-2.0327885,valid
10491,11,-3.3345077,valid
10492,11,-4.9282928,valid
10493,11,-1.1924076,valid
10494,11,-4.9713836,valid
10495,11,-6.4627557,valid
10496,11,-3.6730835,valid
10497,11,-7.4825907,valid
10498,11,-1.1389633,valid
10499,11,-0.0798861,valid
10500,11,-2.575422,valid
10501,11,-4.712866,valid
10502,11,-4.3986964,valid
10503,11,-3.2515407,valid
10504,11,-4.410681,valid
10505,11,-2.6951945,valid
10506,11,-4.2289443,valid
10507,11,-1.409295,valid
10508,11,-1.7803454,valid
10509,11,-1.7895991,valid
10510,11,-1.945995,valid
10511,11,-0.86456513,valid
10512,11,-5.00608,valid
10513,11,-1.7109537,valid
10514,11,-3.3546302,valid
10515,11,-3.3073337,valid
10516,11,0.09903061,valid
10517,11,-2.2098486,valid
10518,11,-3.2804573,valid
10519,11,-3.1958995,valid
10520,11,-5.14868,valid
10521,11,-1.7414701,valid
10522,11,-2.7114527,valid
10523,11,0.61292255,valid
10524,11,-3.4599817,valid
10525,11,1.6229829,valid
10526,11,-1.0254288,valid
10527,11,-4.5079403,valid
10528,11,-5.216452,valid
10529,11,-4.7838078,valid
10530,11,-1.1456175,valid
10531,11,-4.005868,valid
10532,11,-1.8051856,valid
10533,11,-2.584431,valid
10534,11,-0.9031673,valid
10535,11,-3.6964893,valid
10536,11,-2.3474205,valid
10537,11,1.6252445,valid
10538,11,-4.145837,valid
10539,11,-2.9161863,valid
10540,11,-4.180671,valid
10541,11,-1.7602682,valid
10542,11,0.60334015,valid
10543,11,-6.986815,valid
10544,11,-2.8819191,valid
10545,11,-3.2614202,valid
10546,11,-2.0559165,valid
10547,11,-3.6403747,valid
10548,11,-0.50005686,valid
10549,11,2.6744673,valid
10550,11,-0.48305735,valid
10551,11,-0.670462,valid
10552,11,-3.5215166,valid
10553,11,0.79114246,valid
10554,11,-4.364599,valid
10555,11,-1.1816599,valid
10556,11,-5.9781914,valid
10557,11,-2.4559147,valid
10558,11,-0.93530285,valid
10559,11,-5.526383,valid
10560,11,0.40567887,valid
10561,11,-0.24602446,valid
10562,11,-0.6343912,valid
10563,11,-1.3582631,valid
10564,11,-1.7058427,valid
10565,11,-3.6903586,valid
10566,11,-3.4222636,valid
10567,11,-4.971849,valid
10568,11,-3.0212944,valid
10569,11,-4.97263,valid
10570,11,-2.8579524,valid
10571,11,-3.59981,valid
10572,11,-1.3905922,valid
10573,11,0.053912014,valid
10574,11,-4.2228456,valid
10575,11,-2.256315,valid
10576,11,1.390306,valid
10577,11,-4.096952,valid
10578,11,-1.176176,valid
10579,11,-2.771055,valid
10580,11,-2.695378,valid
10581,11,-4.2002606,valid
10582,11,0.41632444,valid
10583,11,0.98079646,valid
10584,11,-5.0154357,valid
10585,11,-3.3620367,valid
10586,11,-1.9974788,valid
10587,11,-8.854858,valid
10588,11,-4.513252,valid
10589,11,-2.692999,valid
10590,11,-5.434507,valid
10591,11,-3.7863436,valid
10592,11,-3.703206,valid
10593,11,-4.863953,valid
10594,11,-4.2749124,valid
10595,11,-1.7789878,valid
10596,11,-3.891833,valid
10597,11,-4.2325425,valid
10598,11,-2.8150637,valid
10599,11,-5.2288523,valid
10600,11,-5.2346177,valid
10601,11,-3.7983148,valid
10602,11,-3.9140222,valid
10603,11,-1.9300638,valid
10604,11,-3.2353952,valid
10605,11,-0.6523433,valid
10606,11,-6.014532,valid
10607,11,-5.734279,valid
10608,11,-2.655303,valid
10609,11,-3.42556,valid
10610,11,-2.599494,valid
10611,11,-4.4575763,valid
10612,11,-3.4866104,valid
10613,11,-6.733134,valid
10614,11,-2.0688753,valid
10615,11,-3.3713715,valid
10616,11,0.68935084,valid
10617,11,-0.59787184,valid
10618,11,-3.478453,valid
10619,11,-2.0997598,valid
10620,11,-1.911105,valid
10621,11,-5.3519707,valid
10622,11,-2.0962281,valid
10623,11,-2.042855,valid
10624,11,-2.1398695,valid
10625,11,-4.6251116,valid
10626,11,-4.0020547,valid
10627,11,-4.1594176,valid
10628,11,-2.7647488,valid
10629,11,-0.13352944,valid
10630,11,-2.4945045,valid
10631,11,-3.1082397,valid
10632,11,-4.845858,valid
10633,11,-3.9264073,valid
10634,11,-5.442536,valid
10635,11,-4.338553,valid
10636,11,-2.1091053,valid
10637,11,0.20580085,valid
10638,11,-3.3396323,valid
10639,11,-3.3297431,valid
10640,11,-3.772041,valid
10641,11,-4.739207,valid
10642,11,-4.525857,valid
10643,11,-5.307213,valid
10644,11,-3.233083,valid
10645,11,-3.8710375,valid
10646,11,-0.767037,valid
10647,11,-2.5353572,valid
10648,11,-1.4662747,valid
10649,11,-5.529454,valid
10650,11,-5.3454766,valid
10651,11,-6.186053,valid
10652,11,-2.3657548,valid
10653,11,-0.31873006,valid
10654,11,-2.589073,valid
10655,11,-0.7270325,valid
10656,11,-6.793405,valid
10657,11,-6.051807,valid
10658,11,-0.24987808,valid
10659,11,-2.101061,valid
10660,11,-6.453009,valid
10661,11,-1.4844556,valid
10662,11,-6.063354,valid
10663,11,-0.9796997,valid
10664,11,1.0335517,valid
10665,11,-4.8793178,valid
10666,11,-1.820177,valid
10667,11,-6.881022,valid
10668,11,-7.552292,valid
10669,11,-3.0776095,valid
10670,11,-4.5738797,valid
10671,11,-4.88548,valid
10672,11,-2.2875006,valid
10673,11,-5.088603,valid
10674,11,-3.2672825,valid
10675,11,-5.0654464,valid
10676,11,-2.3781812,valid
10677,11,-5.5621285,valid
10678,11,-4.882815,valid
10679,11,-2.8755248,valid
10680,11,-4.211497,valid
10681,11,-2.934251,valid
10682,11,-2.490809,valid
10683,11,-3.6802595,valid
10684,11,-0.8120834,valid
10685,11,-6.4002266,valid
10686,11,-1.2683091,valid
10687,11,-2.8974164,valid
10688,11,-2.4512932,valid
10689,11,-3.871667,valid
10690,11,-2.4502552,valid
10691,11,-4.75455,valid
10692,11,-4.5569882,valid
10693,11,-1.6214691,valid
10694,11,-1.7032822,valid
10695,11,-1.423429,valid
10696,11,-3.4080908,valid
10697,11,1.947463,valid
10698,11,-5.6432734,valid
10699,11,-4.985407,valid
10700,11,-8.65331,valid
10701,11,-4.0901856,valid
10702,11,-2.5067322,valid
10703,11,-3.1445134,valid
10704,11,-3.9558349,valid
10705,11,-3.4651825,valid
10706,11,-1.2074687,valid
10707,11,-2.15505,valid
10708,11,-5.0893817,valid
10709,11,-2.3303149,valid
10710,11,-0.7980982,valid
10711,11,-0.50005686,valid
10712,11,-0.6029518,valid
10713,11,-4.2882147,valid
10714,11,-3.10213,valid
10715,11,-1.870721,valid
10716,11,-5.178783,valid
10717,11,-1.5420758,valid
10718,11,-3.9209127,valid
10719,11,-3.911176,valid
10720,11,-6.1145325,valid
10721,11,-2.8556209,valid
10722,11,-4.0567384,valid
10723,11,-6.277932,valid
10724,11,-4.8618236,valid
10725,11,-4.1882105,valid
10726,11,-1.2987972,valid
10727,11,-4.9382434,valid
10728,11,0.68578815,valid
10729,11,-2.0173113,valid
10730,11,-5.203693,valid
10731,11,-4.1896095,valid
10732,11,-2.4790378,valid
10733,11,-0.24250484,valid
10734,11,-7.2300735,valid
10735,11,-6.0079837,valid
10736,11,-2.2575984,valid
10737,11,-1.6721475,valid
10738,11,-5.046635,valid
10739,11,-1.6863178,valid
10740,11,-0.36632818,valid
10741,11,-5.111328,valid
10742,11,-2.9598067,valid
10743,11,-6.9494143,valid
10744,11,-2.9946315,valid
10745,11,-3.0701435,valid
10746,11,-3.9063108,valid
10747,11,0.5182356,valid
10748,11,-2.6523614,valid
10749,11,-2.7090738,valid
10750,11,-1.3839186,valid
10751,11,-1.1550252,valid
10752,11,-0.14788863,valid
10753,11,-4.895104,valid
10754,11,-3.7673962,valid
10755,11,-0.6794152,valid
10756,11,-3.7248719,valid
10757,11,-4.0459847,valid
10758,11,-2.8127801,valid
10759,11,-3.6591537,valid
10760,11,-1.9224718,valid
10761,11,-0.13979743,valid
10762,11,0.046028286,valid
10763,11,-1.7579886,valid
10764,11,-0.9703303,valid
10765,11,-3.0695755,valid
10766,11,-1.338131,valid
10767,11,-5.912127,valid
10768,11,-3.462947,valid
10769,11,-2.4645748,valid
10770,11,-5.8238635,valid
10771,11,-6.615056,valid
10772,11,-1.779654,valid
10773,11,-4.7265882,valid
10774,11,-4.126741,valid
10775,11,-5.7521853,valid
10776,11,-3.3214414,valid
10777,11,-4.222277,valid
10778,11,1.0075697,valid
10779,11,0.64840233,valid
10780,11,-4.150914,valid
10781,11,-4.903709,valid
10782,11,-5.480275,valid
10783,11,-3.0542634,valid
10784,11,-0.9780043,valid
10785,11,-2.146437,valid
10786,11,-6.0532193,valid
10787,11,-2.3774207,valid
10788,11,-2.9193997,valid
10789,11,-3.0857813,valid
10790,11,-1.4512707,valid
10791,11,-2.7993557,valid
10792,11,-2.9614713,valid
10793,11,-4.0566316,valid
10794,11,-2.76093,valid
10795,11,-2.3279946,valid
10796,11,-3.331851,valid
10797,11,-6.601983,valid
10798,11,-3.3725033,valid
10799,11,-2.165841,valid
10800,11,-2.497928,valid
10801,11,-3.5226958,valid
10802,11,-3.2795982,valid
10803,11,-6.7960215,valid
10804,11,-7.3706155,valid
10805,11,-0.9231141,valid
10806,11,-0.41580096,valid
10807,11,-3.7544892,valid
10808,11,-2.6654458,valid
10809,11,-6.6496234,valid
10810,11,-0.7696347,valid
10811,11,-4.333661,valid
10812,11,-4.7047553,valid
10813,11,-3.8967927,valid
10814,11,-5.9353075,valid
10815,11,-1.3590155,valid
10816,11,-4.811097,valid
10817,11,-1.3209909,valid
10818,11,-3.0718124,valid
10819,11,-1.5552367,valid
10820,11,-3.4337826,valid
10821,11,-4.3905883,valid
10822,11,-2.9121711,valid
10823,11,-7.0719533,valid
10824,11,-4.365379,valid
10825,11,-4.243693,valid
10826,11,-3.1096814,valid
10827,11,-3.9704719,valid
10828,11,-4.700573,valid
10829,11,-3.5403104,valid
10830,11,-4.6512933,valid
10831,11,-3.8198617,valid
10832,11,-1.3012434,valid
10833,11,-1.8545382,valid
10834,11,-4.8768277,valid
10835,11,-5.109483,valid
10836,11,-0.16918795,valid
10837,11,-3.6837833,valid
10838,11,-0.18741418,valid
10839,11,-2.817234,valid
10840,11,-0.3555775,valid
10841,11,-6.0729313,valid
10842,11,-4.5717516,valid
10843,11,-3.5752156,valid
10844,11,1.8036245,valid
10845,11,-4.7929997,valid
10846,11,-2.9833982,valid
10847,11,-4.333791,valid
10848,11,-4.3193192,valid
10849,11,-1.5967805,valid
10850,11,-2.1157606,valid
10851,11,-3.9041963,valid
10852,11,-5.796007,valid
10853,11,-5.0840936,valid
10854,11,-0.72831035,valid
10855,11,-4.7753234,valid
10856,11,-3.9864786,valid
10857,11,-2.4658663,valid
10858,11,-3.6577008,valid
10859,11,-3.9073834,valid
10860,11,-8.448142,valid
10861,11,-5.7814956,valid
10862,11,-4.03921,valid
10863,11,-4.0911555,valid
10864,11,-3.1163588,valid
10865,11,-2.9193995,valid
10866,11,-4.711916,valid
10867,11,-1.9130208,valid
10868,11,1.9768208,valid
10869,11,-6.209355,valid
10870,11,-6.3294973,valid
10871,11,-3.5006173,valid
10872,11,-4.569358,valid
10873,11,-7.3323026,valid
10874,11,-2.644106,valid
10875,11,-1.0869527,valid
10876,11,-4.1156554,valid
10877,11,-5.660838,valid
10878,11,-7.3354516,valid
10879,11,-2.0191956,valid
10880,11,-0.7151465,valid
10881,11,-4.1162486,valid
10882,11,-3.7072203,valid
10883,11,-0.9188656,valid
10884,11,-1.6066514,valid
10885,11,-4.197975,valid
10886,11,-3.350772,valid
10887,11,-2.4140983,valid
10888,11,-4.3058047,valid
10889,11,-5.367127,valid
10890,11,-2.719106,valid
10891,11,-5.214841,valid
10892,11,-5.5822945,valid
10893,11,-3.6009886,valid
10894,11,-3.6591537,valid
10895,11,2.6462874,valid
10896,11,-5.3182096,valid
10897,11,-4.5271955,valid
10898,11,-0.12191579,valid
10899,11,-2.052304,valid
10900,11,-1.1917802,valid
10901,11,-2.572152,valid
10902,11,-6.965299,valid
10903,11,-3.0222425,valid
10904,11,-7.7616596,valid
10905,11,-1.1865741,valid
10906,11,-3.2755544,valid
10907,11,-1.6567923,valid
10908,11,-1.122657,valid
10909,11,-1.5412469,valid
10910,11,-4.1448708,valid
10911,11,-3.8325388,valid
10912,11,-0.23797518,valid
10913,11,-4.710669,valid
10914,11,-2.2381263,valid
10915,11,-2.658778,valid
10916,11,-5.001862,valid
10917,11,-1.3400091,valid
10918,11,-3.104674,valid
10919,11,-7.1077914,valid
10920,11,-7.322058,valid
10921,11,-2.4165757,valid
10922,11,-4.1313972,valid
10923,11,-5.8371096,valid
10924,11,-2.1585333,valid
10925,11,-5.0989504,valid
10926,11,-3.925709,valid
10927,11,-3.916321,valid
10928,11,-1.4512708,valid
10929,11,-2.9894369,valid
10930,11,-2.6323195,valid
10931,11,-6.682902,valid
10932,11,-5.565758,valid
10933,11,-2.6155593,valid
10934,11,-1.3581028,valid
10935,11,-6.559504,valid
10936,11,-3.743008,valid
10937,11,-0.52128124,valid
10938,11,0.6303799,valid
10939,11,-2.289744,valid
10940,11,-3.9839242,valid
10941,11,-4.056126,valid
10942,11,-1.5303715,valid
10943,11,-1.8294884,valid
10944,11,-1.2420901,valid
10945,11,-4.0844693,valid
10946,11,-7.9600163,valid
10947,11,-4.6059575,valid
10948,11,-3.5002472,valid
10949,11,-4.150841,valid
10950,11,-3.3306904,valid
10951,11,-3.9477596,valid
10952,11,-4.6743298,valid
10953,11,-4.1144977,valid
10954,11,-2.9556324,valid
10955,11,-5.0172143,valid
10956,11,-5.029698,valid
10957,11,-5.271216,valid
10958,11,-3.5371318,valid
10959,11,-2.7635877,valid
10960,11,-3.2818718,valid
10961,11,-2.9724762,valid
10962,11,-4.712866,valid
10963,11,1.1043687,valid
10964,11,-4.684237,valid
10965,11,-0.31819314,valid
10966,11,-5.1735272,valid
10967,11,-3.4523795,valid
10968,11,0.041663013,valid
10969,11,-4.313449,valid
10970,11,-8.31525,valid
10971,11,-3.0294688,valid
10972,11,-3.0556705,valid
10973,11,-3.487868,valid
10974,11,-0.6390972,valid
10975,11,-0.5541312,valid
10976,11,-3.7338712,valid
10977,11,-1.8694005,valid
10978,12,-1.0400393,valid
10979,12,-0.8604702,valid
10980,12,-4.735192,valid
10981,12,-3.3198261,valid
10982,12,-4.0825434,valid
10983,12,-4.6956587,valid
10984,12,-2.2604501,valid
10985,12,-4.0943003,valid
10986,12,-2.4691455,valid
10987,12,-3.7269628,valid
10988,12,-3.298988,valid
10989,12,-4.6334105,valid
10990,12,-2.7310846,valid
10991,12,-3.551448,valid
10992,12,-2.8516572,valid
10993,12,-3.2374752,valid
10994,12,-1.4035738,valid
10995,12,1.1200217,valid
10996,12,-2.658077,valid
10997,12,-3.545997,valid
10998,12,1.0198038,valid
10999,12,0.21679097,valid
11000,12,-3.9430695,valid
11001,12,-1.8849468,valid
11002,12,-2.5113022,valid
11003,12,-1.4265039,valid
11004,12,-4.036339,valid
11005,12,-2.5032084,valid
11006,12,-2.9188795,valid
11007,12,-3.433199,valid
11008,12,-1.3327224,valid
11009,12,-0.504022,valid
11010,12,-3.859347,valid
11011,12,-1.5754805,valid
11012,12,-2.4004648,valid
11013,12,-7.807285,valid
11014,12,-2.4100478,valid
11015,12,-2.1321092,valid
11016,12,-4.742138,valid
11017,12,-2.3584197,valid
11018,12,-5.379535,valid
11019,12,3.140899,valid
11020,12,-2.3923118,valid
11021,12,0.3951889,valid
11022,12,-5.443122,valid
11023,12,-4.2752714,valid
11024,12,-2.5864022,valid
11025,12,0.20853709,valid
11026,12,-1.4035738,valid
11027,12,-7.150809,valid
11028,12,-2.3062103,valid
11029,12,-1.129929,valid
11030,12,-2.5510037,valid
11031,12,-2.23305,valid
11032,12,-3.613119,valid
11033,12,-5.55184,valid
11034,12,-4.549364,valid
11035,12,-4.432398,valid
11036,12,0.30018458,valid
11037,12,-2.620832,valid
11038,12,-1.2759548,valid
11039,12,-7.233198,valid
11040,12,-3.753464,valid
11041,12,-3.024481,valid
11042,12,-1.2018435,valid
11043,12,-2.9583602,valid
11044,12,-3.5605576,valid
11045,12,-4.752824,valid
11046,12,-3.175121,valid
11047,12,-2.1909308,valid
11048,12,-1.4723513,valid
11049,12,-4.8661184,valid
11050,12,-2.051411,valid
11051,12,-0.08238695,valid
11052,12,-4.701745,valid
11053,12,-3.6672552,valid
11054,12,-4.1643577,valid
11055,12,-1.0465515,valid
11056,12,-3.350335,valid
11057,12,-2.988164,valid
11058,12,-4.074201,valid
11059,12,-0.40023848,valid
11060,12,-5.632029,valid
11061,12,-5.5046964,valid
11062,12,-3.9826963,valid
11063,12,-0.9338588,valid
11064,12,-6.0702205,valid
11065,12,-2.016629,valid
11066,12,-2.405117,valid
11067,12,-4.046365,valid
11068,12,-1.7777761,valid
11069,12,-3.8284817,valid
11070,12,-2.673104,valid
11071,12,-3.9986923,valid
11072,12,-1.4878767,valid
11073,12,-1.1110413,valid
11074,12,-5.456164,valid
11075,12,-2.8240488,valid
11076,12,1.8513856,valid
11077,12,-2.6386013,valid
11078,12,-0.25643685,valid
11079,12,-1.1743435,valid
11080,12,-3.7184298,valid
11081,12,-3.1239111,valid
11082,12,-6.3727584,valid
11083,12,-3.1189358,valid
11084,12,-4.6014977,valid
11085,12,-0.37839696,valid
11086,12,-3.2886484,valid
11087,12,-6.9384093,valid
11088,12,-2.6460755,valid
11089,12,-2.944308,valid
11090,12,1.1467869,valid
11091,12,-2.0108397,valid
11092,12,-3.3867571,valid
11093,12,-2.570696,valid
11094,12,-1.8585469,valid
11095,12,-0.79617065,valid
11096,12,0.212194,valid
11097,12,0.45876667,valid
11098,12,-0.7913765,valid
11099,12,-2.5643194,valid
11100,12,0.88255286,valid
11101,12,-6.2706604,valid
11102,12,-5.1300383,valid
11103,12,0.6788852,valid
11104,12,-4.5420294,valid
11105,12,-3.2139137,valid
11106,12,-2.554635,valid
11107,12,-1.0797462,valid
11108,12,-2.2805548,valid
11109,12,-5.3669243,valid
11110,12,-4.98006,valid
11111,12,-3.3279662,valid
11112,12,-2.4827182,valid
11113,12,-2.9633186,valid
11114,12,1.0541399,valid
11115,12,-4.7519975,valid
11116,12,-0.23380017,valid
11117,12,-1.9240674,valid
11118,12,-3.3910959,valid
11119,12,-4.828394,valid
11120,12,0.16810833,valid
11121,12,-5.208811,valid
11122,12,-2.7996094,valid
11123,12,0.5890399,valid
11124,12,-5.023782,valid
11125,12,-5.4090276,valid
11126,12,-2.3773642,valid
11127,12,-1.124757,valid
11128,12,-3.050917,valid
11129,12,-0.97296476,valid
11130,12,-4.5994577,valid
11131,12,-3.4345353,valid
11132,12,-1.2576503,valid
11133,12,-2.6848614,valid
11134,12,0.06094244,valid
11135,12,-1.2129409,valid
11136,12,-2.5272615,valid
11137,12,-6.219613,valid
11138,12,-1.4035738,valid
11139,12,-1.6386001,valid
11140,12,-2.1610346,valid
11141,12,-2.2451284,valid
11142,12,-2.3180656,valid
11143,12,-1.3698865,valid
11144,12,0.6240312,valid
11145,12,-1.734921,valid
11146,12,-4.435204,valid
11147,12,-5.3047423,valid
11148,12,-2.0725262,valid
11149,12,-4.66691,valid
11150,12,-5.640235,valid
11151,12,-2.5684536,valid
11152,12,-5.51082,valid
11153,12,-6.062216,valid
11154,12,-3.4056528,valid
11155,12,-4.8772573,valid
11156,12,-6.0203733,valid
11157,12,-2.4412236,valid
11158,12,-4.217085,valid
11159,12,-2.5642054,valid
11160,12,-4.0668836,valid
11161,12,-2.7566211,valid
11162,12,0.8740141,valid
11163,12,-2.4822237,valid
11164,12,-2.9661145,valid
11165,12,-4.6028414,valid
11166,12,-3.4331737,valid
11167,12,-3.9395225,valid
11168,12,-4.2104244,valid
11169,12,-2.5662086,valid
11170,12,-6.772811,valid
11171,12,-4.560041,valid
11172,12,-7.5944366,valid
11173,12,-0.4013392,valid
11174,12,-4.577012,valid
11175,12,1.0912651,valid
11176,12,-2.9436586,valid
11177,12,-4.643175,valid
11178,12,-1.8410721,valid
11179,12,-4.558528,valid
11180,12,-4.902693,valid
11181,12,-0.58366525,valid
11182,12,-6.885252,valid
11183,12,-2.8720696,valid
11184,12,-3.8875206,valid
11185,12,-1.9466009,valid
11186,12,-4.816305,valid
11187,12,-2.798796,valid
11188,12,-2.4706738,valid
11189,12,-3.2792318,valid
11190,12,-4.943072,valid
11191,12,-4.9714193,valid
11192,12,-3.9597292,valid
11193,12,-0.6397396,valid
11194,12,-3.395345,valid
11195,12,-2.3189998,valid
11196,12,-3.200797,valid
11197,12,0.917272,valid
11198,12,-3.8510869,valid
11199,12,-3.2025535,valid
11200,12,0.46441004,valid
11201,12,-5.3151484,valid
11202,12,-2.0005066,valid
11203,12,-1.4035738,valid
11204,12,-3.5328276,valid
11205,12,-2.1587145,valid
11206,12,-3.8534918,valid
11207,12,-0.86318266,valid
11208,12,-2.5165377,valid
11209,12,-3.4979217,valid
11210,12,-4.1249485,valid
11211,12,-1.3948817,valid
11212,12,-5.459654,valid
11213,12,-4.2532835,valid
11214,12,-3.6875222,valid
11215,12,-0.091911115,valid
11216,12,-3.4291842,valid
11217,12,-3.0222208,valid
11218,12,-4.7937965,valid
11219,12,-2.172706,valid
11220,12,-2.7660613,valid
11221,12,-3.3025618,valid
11222,12,-2.1737547,valid
11223,12,-3.2216384,valid
11224,12,-3.0099583,valid
11225,12,-4.076153,valid
11226,12,-4.2264757,valid
11227,12,-2.557483,valid
11228,12,-7.219655,valid
11229,12,-3.8204992,valid
11230,12,-1.248738,valid
11231,12,-1.1506647,valid
11232,12,-7.269923,valid
11233,12,-2.238845,valid
11234,12,-3.1340513,valid
11235,12,-3.8236616,valid
11236,12,-1.9021842,valid
11237,12,-3.9750583,valid
11238,12,-2.132113,valid
11239,12,-3.2439666,valid
11240,12,-1.7089447,valid
11241,12,-3.4493928,valid
11242,12,-3.108073,valid
11243,12,1.5062153,valid
11244,12,-2.9089594,valid
11245,12,0.15923135,valid
11246,12,-7.0650396,valid
11247,12,-7.7229934,valid
11248,12,-3.1379883,valid
11249,12,-4.1313,valid
11250,12,-0.43693593,valid
11251,12,-1.582043,valid
11252,12,-5.0830336,valid
11253,12,-8.362718,valid
11254,12,-3.266934,valid
11255,12,-2.5712337,valid
11256,12,-4.7176676,valid
11257,12,-4.619724,valid
11258,12,-4.8069882,valid
11259,12,1.5103161,valid
11260,12,-0.72118294,valid
11261,12,-6.2452345,valid
11262,12,-1.990948,valid
11263,12,-0.18420751,valid
11264,12,-3.5861204,valid
11265,12,-3.230572,valid
11266,12,-3.9941256,valid
11267,12,-1.3113931,valid
11268,12,-3.9887881,valid
11269,12,-4.052282,valid
11270,12,-2.617761,valid
11271,12,1.2246528,valid
11272,12,-5.581339,valid
11273,12,-3.753132,valid
11274,12,-4.441923,valid
11275,12,-3.7048213,valid
11276,12,0.19776739,valid
11277,12,-4.316784,valid
11278,12,-3.515912,valid
11279,12,-4.989606,valid
11280,12,-1.0058388,valid
11281,12,-6.232848,valid
11282,12,-1.8291845,valid
11283,12,-1.8801808,valid
11284,12,-1.3704891,valid
11285,12,-2.90535,valid
11286,12,-5.8101263,valid
11287,12,-6.2441616,valid
11288,12,-2.2789063,valid
11289,12,-1.966897,valid
11290,12,-1.8828743,valid
11291,12,-2.3802094,valid
11292,12,-4.2360053,valid
11293,12,-4.790702,valid
11294,12,-5.79436,valid
11295,12,-4.1772003,valid
11296,12,-1.962135,valid
11297,12,-4.1847034,valid
11298,12,-4.5237923,valid
11299,12,-7.228669,valid
11300,12,-3.6927216,valid
11301,12,-6.058084,valid
11302,12,-0.9486395,valid
11303,12,-1.8853209,valid
11304,12,-6.0343695,valid
11305,12,-2.6833599,valid
11306,12,-5.7361503,valid
11307,12,-4.0634413,valid
11308,12,-4.4826083,valid
11309,12,-1.5589817,valid
11310,12,-1.4035738,valid
11311,12,-3.161976,valid
11312,12,-3.4263556,valid
11313,12,0.025872475,valid
11314,12,-2.8086436,valid
11315,12,-2.3552554,valid
11316,12,-2.0061378,valid
11317,12,-2.4794266,valid
11318,12,-1.7305684,valid
11319,12,-4.2278414,valid
11320,12,-4.051862,valid
11321,12,-7.511659,valid
11322,12,-3.5530834,valid
11323,12,-1.2449311,valid
11324,12,-5.7518535,valid
11325,12,-3.2205398,valid
11326,12,-2.5699558,valid
11327,12,-4.8602,valid
11328,12,-3.1651094,valid
11329,12,-4.3068333,valid
11330,12,-4.4986634,valid
11331,12,-4.314937,valid
11332,12,-2.1946034,valid
11333,12,-1.9051543,valid
11334,12,0.6532912,valid
11335,12,-2.008505,valid
11336,12,-3.5435908,valid
11337,12,-0.72362757,valid
11338,12,-1.1539564,valid
11339,12,-6.062216,valid
11340,12,-0.72623837,valid
11341,12,-1.4035738,valid
11342,12,-3.1671991,valid
11343,12,-1.1107525,valid
11344,12,-0.56170726,valid
11345,12,0.44633383,valid
11346,12,-2.7553742,valid
11347,12,-6.6392,valid
11348,12,-1.9100301,valid
11349,12,-5.080681,valid
11350,12,-3.624564,valid
11351,12,-8.932478,valid
11352,12,-8.5379715,valid
11353,12,-3.3976955,valid
11354,12,-4.928632,valid
11355,12,-1.9162393,valid
11356,12,-2.5847511,valid
11357,12,0.21777771,valid
11358,12,-3.846793,valid
11359,12,-5.471868,valid
11360,12,-0.8621638,valid
11361,12,-3.6275365,valid
11362,12,-1.2918185,valid
11363,12,-4.112105,valid
11364,12,-3.5023224,valid
11365,12,-9.657263,valid
11366,12,-2.899365,valid
11367,12,-4.8793097,valid
11368,12,-2.926795,valid
11369,12,-5.687834,valid
11370,12,-0.5430419,valid
11371,12,-2.5367959,valid
11372,12,-0.54759085,valid
11373,12,-3.6655774,valid
11374,12,-2.1908238,valid
11375,12,-1.5592121,valid
11376,12,-4.180659,valid
11377,12,-5.186262,valid
11378,12,-2.130739,valid
11379,12,-4.1652346,valid
11380,12,-2.92064,valid
11381,12,-3.147909,valid
11382,12,-4.180776,valid
11383,12,0.060574673,valid
11384,12,-6.169343,valid
11385,12,-4.296457,valid
11386,12,-4.723718,valid
11387,12,-0.67394704,valid
11388,12,-0.49417654,valid
11389,12,-1.3944677,valid
11390,12,-2.7729635,valid
11391,12,-1.875447,valid
11392,12,-1.4142342,valid
11393,12,-1.8173528,valid
11394,12,-1.7784079,valid
11395,12,-3.6429653,valid
11396,12,-0.0684564,valid
11397,12,-2.2728255,valid
11398,12,-1.4035738,valid
11399,12,-2.3470426,valid
11400,12,-0.8731767,valid
11401,12,-2.8372953,valid
11402,12,-4.640321,valid
11403,12,-3.6604614,valid
11404,12,-3.0268047,valid
11405,12,-3.5407085,valid
11406,12,-3.5861485,valid
11407,12,-2.8818073,valid
11408,12,-1.461878,valid
11409,12,-2.2697427,valid
11410,12,-1.391531,valid
11411,12,-4.31662,valid
11412,12,-5.021574,valid
11413,12,-4.0186925,valid
11414,12,-5.568458,valid
11415,12,-6.517123,valid
11416,12,-1.4035738,valid
11417,12,-3.5641143,valid
11418,12,-6.301193,valid
11419,12,-5.3948526,valid
11420,12,-3.6289077,valid
11421,12,0.6000565,valid
11422,12,-0.3397477,valid
11423,12,-8.319342,valid
11424,12,0.004320586,valid
11425,12,-6.681942,valid
11426,12,-4.1958513,valid
11427,12,-1.4373485,valid
11428,12,-1.4249244,valid
11429,12,-5.3221555,valid
11430,12,-3.5397985,valid
11431,12,-0.34054622,valid
11432,12,-3.6021283,valid
11433,12,1.6300106,valid
11434,12,-2.0847538,valid
11435,12,-3.0380232,valid
11436,12,-3.971128,valid
11437,12,-4.7260933,valid
11438,12,-0.06811703,valid
11439,12,-4.2416325,valid
11440,12,-3.1272802,valid
11441,12,-3.455799,valid
11442,12,-3.0622544,valid
11443,12,-3.7590919,valid
11444,12,-1.7672706,valid
11445,12,-1.6822062,valid
11446,12,-2.3115554,valid
11447,12,-3.753879,valid
11448,12,-6.8434405,valid
11449,12,-4.8453503,valid
11450,12,-3.4599402,valid
11451,12,-1.1353359,valid
11452,12,-3.7668085,valid
11453,12,-4.1763453,valid
11454,12,-4.2835574,valid
11455,12,-6.675227,valid
11456,12,-1.4014182,valid
11457,12,-2.318786,valid
11458,12,-3.1932857,valid
11459,12,-3.9419515,valid
11460,12,-1.665152,valid
11461,12,-2.842509,valid
11462,12,-3.820286,valid
11463,12,-2.758365,valid
11464,12,-3.2390454,valid
11465,12,-4.550706,valid
11466,12,-2.4983873,valid
11467,12,-2.215165,valid
11468,12,-0.8956101,valid
11469,12,-4.395013,valid
11470,12,-4.151866,valid
11471,12,-1.3045769,valid
11472,12,-3.1136248,valid
11473,12,-2.0518878,valid
11474,12,-2.355551,valid
11475,12,-4.128184,valid
11476,12,-5.275468,valid
11477,12,-0.2661665,valid
11478,12,-4.0159264,valid
11479,12,-2.2011528,valid
11480,12,-2.4014575,valid
11481,12,-1.1980203,valid
11482,12,-3.6518683,valid
11483,12,-2.8202434,valid
11484,12,0.13927327,valid
11485,12,-1.8138351,valid
11486,12,-4.002215,valid
11487,12,-5.1154094,valid
11488,12,-1.9090438,valid
11489,12,-3.4185808,valid
11490,12,-5.020617,valid
11491,12,-1.309574,valid
11492,12,-4.727177,valid
11493,12,-6.5381584,valid
11494,12,-3.3104103,valid
11495,12,-7.725092,valid
11496,12,-1.3349025,valid
11497,12,0.35602388,valid
11498,12,-2.54165,valid
11499,12,-4.7150874,valid
11500,12,-3.9837308,valid
11501,12,-3.1583617,valid
11502,12,-4.010153,valid
11503,12,-2.3416638,valid
11504,12,-4.0335565,valid
11505,12,-1.4327585,valid
11506,12,-1.6369399,valid
11507,12,-1.7590998,valid
11508,12,-1.829402,valid
11509,12,-0.92771363,valid
11510,12,-4.6405153,valid
11511,12,-1.8441736,valid
11512,12,-3.0688326,valid
11513,12,-3.3489249,valid
11514,12,-0.10323413,valid
11515,12,-2.1743171,valid
11516,12,-3.2002187,valid
11517,12,-3.3398502,valid
11518,12,-4.7221107,valid
11519,12,-1.6960499,valid
11520,12,-2.6358297,valid
11521,12,0.41203317,valid
11522,12,-3.370193,valid
11523,12,1.5407444,valid
11524,12,-1.0070983,valid
11525,12,-4.380139,valid
11526,12,-4.9542694,valid
11527,12,-4.6161356,valid
11528,12,-1.205378,valid
11529,12,-3.6673863,valid
11530,12,-1.9305857,valid
11531,12,-2.5666084,valid
11532,12,-1.0682565,valid
11533,12,-3.7956326,valid
11534,12,-2.1779263,valid
11535,12,1.4773858,valid
11536,12,-3.9160914,valid
11537,12,-2.8418195,valid
11538,12,-3.9732478,valid
11539,12,-1.6539037,valid
11540,12,0.29038075,valid
11541,12,-6.590215,valid
11542,12,-2.9381492,valid
11543,12,-3.1481493,valid
11544,12,-2.1004703,valid
11545,12,-3.6057234,valid
11546,12,-0.8650818,valid
11547,12,2.358789,valid
11548,12,-0.520042,valid
11549,12,-1.0714946,valid
11550,12,-3.6451163,valid
11551,12,0.5999702,valid
11552,12,-4.0866647,valid
11553,12,-1.2647436,valid
11554,12,-5.7777863,valid
11555,12,-2.4753296,valid
11556,12,-1.2296963,valid
11557,12,-5.756328,valid
11558,12,0.48882356,valid
11559,12,-0.27284008,valid
11560,12,-0.98709595,valid
11561,12,-1.2416375,valid
11562,12,-1.6471684,valid
11563,12,-3.626962,valid
11564,12,-3.03417,valid
11565,12,-4.617525,valid
11566,12,-2.8881905,valid
11567,12,-4.717809,valid
11568,12,-2.877146,valid
11569,12,-3.1766596,valid
11570,12,-1.2379107,valid
11571,12,-0.107486606,valid
11572,12,-4.182646,valid
11573,12,-2.0482843,valid
11574,12,1.2651005,valid
11575,12,-4.1387568,valid
11576,12,-1.1320456,valid
11577,12,-2.8281248,valid
11578,12,-2.7844613,valid
11579,12,-3.9841318,valid
11580,12,0.21380733,valid
11581,12,0.6240312,valid
11582,12,-4.903271,valid
11583,12,-3.0255258,valid
11584,12,-1.9063104,valid
11585,12,-8.591465,valid
11586,12,-4.422252,valid
11587,12,-2.7307394,valid
11588,12,-5.69639,valid
11589,12,-3.7480512,valid
11590,12,-3.3164902,valid
11591,12,-4.570814,valid
11592,12,-4.255262,valid
11593,12,-2.2920496,valid
11594,12,-3.620945,valid
11595,12,-4.460817,valid
11596,12,-2.809169,valid
11597,12,-4.8075895,valid
11598,12,-4.7739477,valid
11599,12,-3.7511547,valid
11600,12,-3.7420225,valid
11601,12,-1.8985201,valid
11602,12,-2.978378,valid
11603,12,-0.70635086,valid
11604,12,-6.332636,valid
11605,12,-5.959269,valid
11606,12,-2.5387304,valid
11607,12,-3.6051786,valid
11608,12,-2.7166545,valid
11609,12,-4.427007,valid
11610,12,-3.224985,valid
11611,12,-6.9498014,valid
11612,12,-2.0208602,valid
11613,12,-3.4506834,valid
11614,12,0.59762895,valid
11615,12,-0.6472625,valid
11616,12,-3.5481653,valid
11617,12,-2.1499915,valid
11618,12,-1.8733487,valid
11619,12,-5.585462,valid
11620,12,-2.4094465,valid
11621,12,-2.0159106,valid
11622,12,-2.1587148,valid
11623,12,-4.568214,valid
11624,12,-4.1105285,valid
11625,12,-3.7346847,valid
11626,12,-2.7234328,valid
11627,12,-0.26704833,valid
11628,12,-2.4045267,valid
11629,12,-2.8584561,valid
11630,12,-4.763294,valid
11631,12,-3.653921,valid
11632,12,-5.176443,valid
11633,12,-4.1976175,valid
11634,12,-1.6577617,valid
11635,12,0.32525685,valid
11636,12,-3.257157,valid
11637,12,-3.2701335,valid
11638,12,-3.611943,valid
11639,12,-4.420781,valid
11640,12,-4.5390596,valid
11641,12,-5.0836205,valid
11642,12,-3.0793216,valid
11643,12,-3.8374207,valid
11644,12,-0.6917915,valid
11645,12,-2.2264154,valid
11646,12,-1.4872555,valid
11647,12,-5.261817,valid
11648,12,-5.11621,valid
11649,12,-5.7565804,valid
11650,12,-2.255561,valid
11651,12,-0.20151658,valid
11652,12,-3.0197108,valid
11653,12,-0.8414438,valid
11654,12,-6.7851686,valid
11655,12,-5.5460663,valid
11656,12,-0.53818554,valid
11657,12,-2.343551,valid
11658,12,-6.6880283,valid
11659,12,-1.0668229,valid
11660,12,-5.651736,valid
11661,12,-0.71215373,valid
11662,12,1.0902878,valid
11663,12,-4.905817,valid
11664,12,-1.63999,valid
11665,12,-6.927621,valid
11666,12,-7.1084666,valid
11667,12,-2.9476497,valid
11668,12,-4.707899,valid
11669,12,-4.7954445,valid
11670,12,-2.3103158,valid
11671,12,-4.7115865,valid
11672,12,-3.0421088,valid
11673,12,-4.7553153,valid
11674,12,-2.5482633,valid
11675,12,-5.6519027,valid
11676,12,-4.634507,valid
11677,12,-2.9651055,valid
11678,12,-4.1799445,valid
11679,12,-2.7955916,valid
11680,12,-2.5966446,valid
11681,12,-3.4160151,valid
11682,12,-1.0033278,valid
11683,12,-5.8804984,valid
11684,12,-1.3550665,valid
11685,12,-2.6367354,valid
11686,12,-2.3332388,valid
11687,12,-3.9204104,valid
11688,12,-2.522849,valid
11689,12,-4.5591826,valid
11690,12,-4.488207,valid
11691,12,-2.122638,valid
11692,12,-1.857413,valid
11693,12,-1.5128278,valid
11694,12,-3.3030317,valid
11695,12,1.7784456,valid
11696,12,-5.2299986,valid
11697,12,-4.9057617,valid
11698,12,-9.088363,valid
11699,12,-3.1345866,valid
11700,12,-2.569617,valid
11701,12,-3.0780537,valid
11702,12,-3.9778924,valid
11703,12,-3.2452116,valid
11704,12,-1.1914239,valid
11705,12,-1.9599456,valid
11706,12,-4.6270313,valid
11707,12,-2.1646078,valid
11708,12,-1.0800364,valid
11709,12,-0.8650818,valid
11710,12,-0.60392535,valid
11711,12,-4.087203,valid
11712,12,-2.9038467,valid
11713,12,-1.8226047,valid
11714,12,-5.339447,valid
11715,12,-1.3174121,valid
11716,12,-3.8035119,valid
11717,12,-3.6202805,valid
11718,12,-6.0558815,valid
11719,12,-2.722827,valid
11720,12,-3.1246655,valid
11721,12,-6.544362,valid
11722,12,-4.526066,valid
11723,12,-3.962145,valid
11724,12,-1.6456944,valid
11725,12,-4.961544,valid
11726,12,0.3353245,valid
11727,12,-1.9613761,valid
11728,12,-5.1264315,valid
11729,12,-3.854884,valid
11730,12,-2.2884142,valid
11731,12,-0.24904297,valid
11732,12,-6.8496375,valid
11733,12,-5.8756847,valid
11734,12,-2.147125,valid
11735,12,-1.5824009,valid
11736,12,-4.985782,valid
11737,12,-1.9497665,valid
11738,12,-0.66027296,valid
11739,12,-4.7258735,valid
11740,12,-2.7989771,valid
11741,12,-6.988351,valid
11742,12,-2.9503138,valid
11743,12,-3.0866349,valid
11744,12,-3.5410774,valid
11745,12,0.3001103,valid
11746,12,-2.5508173,valid
11747,12,-2.4771042,valid
11748,12,-1.4768703,valid
11749,12,-0.9264749,valid
11750,12,-0.34186658,valid
11751,12,-4.659031,valid
11752,12,-3.6209154,valid
11753,12,-0.7438891,valid
11754,12,-3.5884717,valid
11755,12,-3.9535139,valid
11756,12,-2.7890756,valid
11757,12,-3.6100247,valid
11758,12,-2.1293488,valid
11759,12,-0.36542764,valid
11760,12,0.044969916,valid
11761,12,-1.9855351,valid
11762,12,-1.0444641,valid
11763,12,-2.9314568,valid
11764,12,-1.1173506,valid
11765,12,-5.2694283,valid
11766,12,-3.1368198,valid
11767,12,-2.4914496,valid
11768,12,-5.633751,valid
11769,12,-6.711533,valid
11770,12,-1.8197324,valid
11771,12,-4.8825455,valid
11772,12,-4.0402665,valid
11773,12,-5.818226,valid
11774,12,-3.1939623,valid
11775,12,-3.8968132,valid
11776,12,0.7282497,valid
11777,12,0.54952323,valid
11778,12,-3.8949668,valid
11779,12,-4.8364735,valid
11780,12,-5.614937,valid
11781,12,-2.9957955,valid
11782,12,-1.035988,valid
11783,12,-2.0703318,valid
11784,12,-5.9958115,valid
11785,12,-2.3535848,valid
11786,12,-2.8222685,valid
11787,12,-3.0449295,valid
11788,12,-1.4406202,valid
11789,12,-2.572857,valid
11790,12,-2.8842316,valid
11791,12,-3.9290688,valid
11792,12,-2.7627084,valid
11793,12,-2.1131523,valid
11794,12,-3.1324348,valid
11795,12,-6.83885,valid
11796,12,-3.537057,valid
11797,12,-2.2832184,valid
11798,12,-2.2760634,valid
11799,12,-3.4641247,valid
11800,12,-3.2440646,valid
11801,12,-6.310488,valid
11802,12,-7.3490705,valid
11803,12,-0.93468684,valid
11804,12,-0.8142821,valid
11805,12,-3.9584324,valid
11806,12,-2.5098016,valid
11807,12,-6.810526,valid
11808,12,-0.7954593,valid
11809,12,-4.240014,valid
11810,12,-4.4594874,valid
11811,12,-3.7830293,valid
11812,12,-5.771936,valid
11813,12,-1.4374714,valid
11814,12,-4.695126,valid
11815,12,-1.3861985,valid
11816,12,-3.3776138,valid
11817,12,-1.7860658,valid
11818,12,-3.5505934,valid
11819,12,-4.161827,valid
11820,12,-2.8949492,valid
11821,12,-7.308834,valid
11822,12,-4.3782597,valid
11823,12,-4.29166,valid
11824,12,-3.1930945,valid
11825,12,-4.2596264,valid
11826,12,-4.450521,valid
11827,12,-3.3009825,valid
11828,12,-4.227807,valid
11829,12,-3.4800327,valid
11830,12,-1.2660048,valid
11831,12,-1.9468836,valid
11832,12,-4.4412923,valid
11833,12,-4.688221,valid
11834,12,-0.37894896,valid
11835,12,-3.7607605,valid
11836,12,-0.22356161,valid
11837,12,-2.9015834,valid
11838,12,-0.24691863,valid
11839,12,-5.8806205,valid
11840,12,-4.2650995,valid
11841,12,-3.3992543,valid
11842,12,1.6789675,valid
11843,12,-4.72301,valid
11844,12,-2.9874606,valid
11845,12,-4.225765,valid
11846,12,-3.9482467,valid
11847,12,-1.4850478,valid
11848,12,-2.4540198,valid
11849,12,-3.8307896,valid
11850,12,-5.3431334,valid
11851,12,-4.748821,valid
11852,12,-0.5517197,valid
11853,12,-4.351468,valid
11854,12,-3.887798,valid
11855,12,-2.4014575,valid
11856,12,-3.5959003,valid
11857,12,-3.8852878,valid
11858,12,-8.039398,valid
11859,12,-5.59045,valid
11860,12,-4.0340137,valid
11861,12,-4.354829,valid
11862,12,-2.8624241,valid
11863,12,-2.8222682,valid
11864,12,-4.566961,valid
11865,12,-2.1957285,valid
11866,12,1.722809,valid
11867,12,-5.965114,valid
11868,12,-6.508133,valid
11869,12,-3.2263281,valid
11870,12,-4.4039707,valid
11871,12,-6.7921467,valid
11872,12,-2.4332922,valid
11873,12,-1.2384433,valid
11874,12,-2.865412,valid
11875,12,-5.5752687,valid
11876,12,-6.7961793,valid
11877,12,-2.107628,valid
11878,12,-0.86896056,valid
11879,12,-3.8990047,valid
11880,12,-3.3282406,valid
11881,12,-0.9072171,valid
11882,12,-1.6423533,valid
11883,12,-3.8992877,valid
11884,12,-3.191361,valid
11885,12,-2.3738334,valid
11886,12,-3.920795,valid
11887,12,-5.045037,valid
11888,12,-2.851886,valid
11889,12,-5.1744947,valid
11890,12,-5.3534975,valid
11891,12,-3.5103471,valid
11892,12,-3.6100247,valid
11893,12,2.7928412,valid
11894,12,-4.9145775,valid
11895,12,-4.171504,valid
11896,12,-0.22597648,valid
11897,12,-2.3300192,valid
11898,12,-1.2782207,valid
11899,12,-2.5877457,valid
11900,12,-6.560732,valid
11901,12,-2.8336413,valid
11902,12,-7.36472,valid
11903,12,-1.4542978,valid
11904,12,-3.0181725,valid
11905,12,-1.8129048,valid
11906,12,-1.4035738,valid
11907,12,-1.2522523,valid
11908,12,-3.8148863,valid
11909,12,-3.7069738,valid
11910,12,-0.27272943,valid
11911,12,-4.9697394,valid
11912,12,-2.522434,valid
11913,12,-2.3655665,valid
11914,12,-5.0543404,valid
11915,12,-1.6526235,valid
11916,12,-3.1798258,valid
11917,12,-6.7440157,valid
11918,12,-6.849519,valid
11919,12,-2.3293388,valid
11920,12,-4.225775,valid
11921,12,-5.664327,valid
11922,12,-2.2233992,valid
11923,12,-5.1052985,valid
11924,12,-3.6352313,valid
11925,12,-3.45833,valid
11926,12,-1.4406204,valid
11927,12,-2.9781616,valid
11928,12,-2.805877,valid
11929,12,-6.278936,valid
11930,12,-6.304484,valid
11931,12,-2.6458743,valid
11932,12,-1.368996,valid
11933,12,-6.045395,valid
11934,12,-3.387436,valid
11935,12,-0.4550489,valid
11936,12,0.47891238,valid
11937,12,-1.5127977,valid
11938,12,-3.9736564,valid
11939,12,-3.7157223,valid
11940,12,-1.684623,valid
11941,12,-2.042168,valid
11942,12,-1.054975,valid
11943,12,-3.869816,valid
11944,12,-7.573211,valid
11945,12,-4.448958,valid
11946,12,-3.2127917,valid
11947,12,-4.1403036,valid
11948,12,-3.2675512,valid
11949,12,-3.723304,valid
11950,12,-4.337004,valid
11951,12,-4.163168,valid
11952,12,-2.8441088,valid
11953,12,-4.5664964,valid
11954,12,-4.779278,valid
11955,12,-5.517887,valid
11956,12,-3.5827403,valid
11957,12,-2.7221558,valid
11958,12,-3.1396174,valid
11959,12,-2.5676444,valid
11960,12,-4.7150874,valid
11961,12,0.80184704,valid
11962,12,-4.440406,valid
11963,12,-0.6758738,valid
11964,12,-5.0050364,valid
11965,12,-3.3737028,valid
11966,12,0.020458968,valid
11967,12,-4.2586617,valid
11968,12,-7.9941664,valid
11969,12,-2.9234393,valid
11970,12,-3.124869,valid
11971,12,-3.4413922,valid
11972,12,-0.98146456,valid
11973,12,-0.7661812,valid
11974,12,-3.6378832,valid
11975,12,-1.9049481,valid
11976,13,-1.4388174,valid
11977,13,-0.72124076,valid
11978,13,-4.730804,valid
11979,13,-3.122407,valid
11980,13,-3.9023216,valid
11981,13,-4.7080917,valid
11982,13,-1.8991301,valid
11983,13,-3.8743336,valid
11984,13,-2.3612192,valid
11985,13,-3.550591,valid
11986,13,-2.9646602,valid
11987,13,-4.7138853,valid
11988,13,-2.4459062,valid
11989,13,-3.227762,valid
11990,13,-2.7276297,valid
11991,13,-2.893903,valid
11992,13,-1.6760008,valid
11993,13,1.3756388,valid
11994,13,-2.4377377,valid
11995,13,-3.505485,valid
11996,13,1.360792,valid
11997,13,0.36541906,valid
11998,13,-3.653835,valid
11999,13,-1.7026646,valid
12000,13,-2.5959048,valid
12001,13,-1.0784289,valid
12002,13,-3.4543178,valid
12003,13,-2.283827,valid
12004,13,-2.6271281,valid
12005,13,-3.5409455,valid
12006,13,-1.4491221,valid
12007,13,-0.19508545,valid
12008,13,-3.6727142,valid
12009,13,-1.5015231,valid
12010,13,-2.1252043,valid
12011,13,-8.26416,valid
12012,13,-2.3203025,valid
12013,13,-1.799234,valid
12014,13,-4.8527184,valid
12015,13,-2.0557907,valid
12016,13,-4.736066,valid
12017,13,2.4246778,valid
12018,13,-1.6680385,valid
12019,13,0.597546,valid
12020,13,-5.269026,valid
12021,13,-4.063435,valid
12022,13,-2.3190265,valid
12023,13,0.49259278,valid
12024,13,-1.6760007,valid
12025,13,-7.029074,valid
12026,13,-1.8563985,valid
12027,13,-0.891515,valid
12028,13,-2.403202,valid
12029,13,-2.0730824,valid
12030,13,-3.3092775,valid
12031,13,-5.292252,valid
12032,13,-4.5091777,valid
12033,13,-4.2411103,valid
12034,13,0.42756125,valid
12035,13,-2.2755141,valid
12036,13,-1.0061586,valid
12037,13,-6.357577,valid
12038,13,-3.5164154,valid
12039,13,-3.146836,valid
12040,13,-0.871338,valid
12041,13,-2.8499582,valid
12042,13,-2.9974012,valid
12043,13,-4.4153147,valid
12044,13,-3.0466459,valid
12045,13,-1.8632957,valid
12046,13,-1.2071642,valid
12047,13,-4.8782525,valid
12048,13,-1.7645495,valid
12049,13,0.07732035,valid
12050,13,-4.7528076,valid
12051,13,-3.5537038,valid
12052,13,-4.0404944,valid
12053,13,-1.2721945,valid
12054,13,-3.0448978,valid
12055,13,-2.6379461,valid
12056,13,-4.0297856,valid
12057,13,-0.16255896,valid
12058,13,-4.70585,valid
12059,13,-5.5622406,valid
12060,13,-3.5751,valid
12061,13,-1.0498661,valid
12062,13,-5.9227204,valid
12063,13,-1.9128332,valid
12064,13,-2.1547422,valid
12065,13,-4.095077,valid
12066,13,-1.3468665,valid
12067,13,-3.6668513,valid
12068,13,-2.6844172,valid
12069,13,-3.8157008,valid
12070,13,-1.2255696,valid
12071,13,-0.99379206,valid
12072,13,-5.209004,valid
12073,13,-2.597039,valid
12074,13,1.7881881,valid
12075,13,-2.4606562,valid
12076,13,-0.031771176,valid
12077,13,-1.4749695,valid
12078,13,-3.451121,valid
12079,13,-2.996245,valid
12080,13,-5.555536,valid
12081,13,-2.7815695,valid
12082,13,-4.955526,valid
12083,13,-0.06684977,valid
12084,13,-3.0315025,valid
12085,13,-6.813086,valid
12086,13,-2.424422,valid
12087,13,-2.5577142,valid
12088,13,0.9858378,valid
12089,13,-1.5662681,valid
12090,13,-2.9951928,valid
12091,13,-2.3612056,valid
12092,13,-2.7251966,valid
12093,13,-0.9932282,valid
12094,13,0.4395336,valid
12095,13,0.6896678,valid
12096,13,-0.67199564,valid
12097,13,-2.3619137,valid
12098,13,1.0516967,valid
12099,13,-6.047522,valid
12100,13,-4.9284,valid
12101,13,0.9221468,valid
12102,13,-4.408192,valid
12103,13,-2.9060168,valid
12104,13,-2.411346,valid
12105,13,-1.028264,valid
12106,13,-2.2028413,valid
12107,13,-5.9728103,valid
12108,13,-4.525748,valid
12109,13,-3.1173704,valid
12110,13,-2.3324926,valid
12111,13,-2.6539676,valid
12112,13,1.3151382,valid
12113,13,-4.1858673,valid
12114,13,0.0095035955,valid
12115,13,-1.8367941,valid
12116,13,-2.8873792,valid
12117,13,-4.6132026,valid
12118,13,0.2925072,valid
12119,13,-5.514066,valid
12120,13,-2.728816,valid
12121,13,0.73905814,valid
12122,13,-4.71833,valid
12123,13,-5.4064565,valid
12124,13,-2.4166746,valid
12125,13,-1.041771,valid
12126,13,-3.2253556,valid
12127,13,-0.7519517,valid
12128,13,-4.290689,valid
12129,13,-3.7923436,valid
12130,13,-1.1494378,valid
12131,13,-2.8502216,valid
12132,13,0.40696552,valid
12133,13,-1.1862471,valid
12134,13,-2.4540727,valid
12135,13,-6.1362505,valid
12136,13,-1.6760008,valid
12137,13,-1.4636339,valid
12138,13,-1.8883275,valid
12139,13,-1.9129717,valid
12140,13,-2.2085605,valid
12141,13,-1.0542337,valid
12142,13,0.8006116,valid
12143,13,-1.4566897,valid
12144,13,-3.6547985,valid
12145,13,-5.184259,valid
12146,13,-1.8762993,valid
12147,13,-4.548241,valid
12148,13,-5.463659,valid
12149,13,-2.7603965,valid
12150,13,-5.453706,valid
12151,13,-6.1598277,valid
12152,13,-3.2108912,valid
12153,13,-4.692017,valid
12154,13,-5.4087706,valid
12155,13,-2.3867455,valid
12156,13,-3.4293795,valid
12157,13,-2.3087268,valid
12158,13,-3.8072891,valid
12159,13,-2.7864015,valid
12160,13,0.62392724,valid
12161,13,-2.2086744,valid
12162,13,-3.0436127,valid
12163,13,-4.5844035,valid
12164,13,-2.7061565,valid
12165,13,-3.6074398,valid
12166,13,-3.5167804,valid
12167,13,-2.3688617,valid
12168,13,-6.4403024,valid
12169,13,-4.3928895,valid
12170,13,-6.6857686,valid
12171,13,0.070010245,valid
12172,13,-4.590868,valid
12173,13,1.1451176,valid
12174,13,-2.8265128,valid
12175,13,-4.0287433,valid
12176,13,-1.8246274,valid
12177,13,-4.273022,valid
12178,13,-4.248473,valid
12179,13,-0.7423421,valid
12180,13,-7.244262,valid
12181,13,-3.1583369,valid
12182,13,-3.7310934,valid
12183,13,-2.134364,valid
12184,13,-4.7567344,valid
12185,13,-2.4944522,valid
12186,13,-2.2178192,valid
12187,13,-3.0489287,valid
12188,13,-5.4249635,valid
12189,13,-4.331373,valid
12190,13,-3.7793124,valid
12191,13,0.01961537,valid
12192,13,-3.2461467,valid
12193,13,-2.724581,valid
12194,13,-3.1806006,valid
12195,13,1.1971955,valid
12196,13,-3.6078928,valid
12197,13,-2.9361968,valid
12198,13,0.47670063,valid
12199,13,-5.1128283,valid
12200,13,-1.7659079,valid
12201,13,-1.6760007,valid
12202,13,-3.253582,valid
12203,13,-2.1687431,valid
12204,13,-4.003052,valid
12205,13,-0.9707469,valid
12206,13,-2.2718463,valid
12207,13,-3.3193674,valid
12208,13,-3.7848735,valid
12209,13,-1.1749965,valid
12210,13,-5.484401,valid
12211,13,-3.9490213,valid
12212,13,-3.0249805,valid
12213,13,0.048245154,valid
12214,13,-3.2704222,valid
12215,13,-2.6977675,valid
12216,13,-4.5551815,valid
12217,13,-1.7081485,valid
12218,13,-2.8442843,valid
12219,13,-3.082768,valid
12220,13,-2.2198567,valid
12221,13,-3.2605872,valid
12222,13,-2.6538672,valid
12223,13,-4.4735594,valid
12224,13,-3.9489484,valid
12225,13,-2.848872,valid
12226,13,-7.050285,valid
12227,13,-3.5960672,valid
12228,13,-1.2789145,valid
12229,13,-1.3312181,valid
12230,13,-6.3395047,valid
12231,13,-2.0866854,valid
12232,13,-2.808056,valid
12233,13,-3.586056,valid
12234,13,-2.0463116,valid
12235,13,-3.6450932,valid
12236,13,-2.501093,valid
12237,13,-2.9817667,valid
12238,13,-1.421724,valid
12239,13,-3.3116617,valid
12240,13,-3.0784645,valid
12241,13,1.8637861,valid
12242,13,-2.6352448,valid
12243,13,0.4243842,valid
12244,13,-6.6026106,valid
12245,13,-6.7521577,valid
12246,13,-3.0862422,valid
12247,13,-4.1604757,valid
12248,13,0.116402745,valid
12249,13,-1.8940736,valid
12250,13,-6.0201325,valid
12251,13,-7.2675247,valid
12252,13,-2.83218,valid
12253,13,-2.4612007,valid
12254,13,-4.7988634,valid
12255,13,-4.5889063,valid
12256,13,-4.8765235,valid
12257,13,1.7823806,valid
12258,13,-0.66739655,valid
12259,13,-6.728969,valid
12260,13,-1.9734379,valid
12261,13,0.19824426,valid
12262,13,-3.5141964,valid
12263,13,-3.5314794,valid
12264,13,-3.751977,valid
12265,13,-1.359552,valid
12266,13,-3.8206944,valid
12267,13,-4.029397,valid
12268,13,-2.2765338,valid
12269,13,1.1373535,valid
12270,13,-5.5595064,valid
12271,13,-4.2975073,valid
12272,13,-4.2055283,valid
12273,13,-4.1858797,valid
12274,13,0.26208773,valid
12275,13,-4.102737,valid
12276,13,-3.2810187,valid
12277,13,-4.8397756,valid
12278,13,-0.7999103,valid
12279,13,-5.387742,valid
12280,13,-1.6303207,valid
12281,13,-1.6703222,valid
12282,13,-0.9491149,valid
12283,13,-2.523181,valid
12284,13,-5.6414766,valid
12285,13,-6.0350857,valid
12286,13,-1.9349371,valid
12287,13,-1.6555606,valid
12288,13,-1.4176462,valid
12289,13,-2.539855,valid
12290,13,-4.027591,valid
12291,13,-4.569496,valid
12292,13,-5.959119,valid
12293,13,-3.8419652,valid
12294,13,-1.9447843,valid
12295,13,-3.9910023,valid
12296,13,-3.865688,valid
12297,13,-7.170914,valid
12298,13,-3.419941,valid
12299,13,-5.9779296,valid
12300,13,-0.77175295,valid
12301,13,-1.988214,valid
12302,13,-6.2531495,valid
12303,13,-2.695128,valid
12304,13,-5.48459,valid
12305,13,-3.654457,valid
12306,13,-4.204137,valid
12307,13,-1.4292638,valid
12308,13,-1.6760007,valid
12309,13,-3.1379814,valid
12310,13,-3.362191,valid
12311,13,0.24792638,valid
12312,13,-2.4701297,valid
12313,13,-2.4475093,valid
12314,13,-1.5481106,valid
12315,13,-2.1665962,valid
12316,13,-1.4087223,valid
12317,13,-4.0750446,valid
12318,13,-4.1740947,valid
12319,13,-7.410644,valid
12320,13,-3.2538686,valid
12321,13,-1.4692798,valid
12322,13,-5.461268,valid
12323,13,-2.9749842,valid
12324,13,-2.6319222,valid
12325,13,-4.8847055,valid
12326,13,-2.9137604,valid
12327,13,-4.020522,valid
12328,13,-4.219007,valid
12329,13,-3.6292782,valid
12330,13,-1.9913787,valid
12331,13,-1.570142,valid
12332,13,0.8516524,valid
12333,13,-2.205885,valid
12334,13,-3.3637104,valid
12335,13,-0.6389432,valid
12336,13,-0.96551967,valid
12337,13,-6.1598277,valid
12338,13,-0.5547606,valid
12339,13,-1.6760007,valid
12340,13,-3.0587015,valid
12341,13,-1.039035,valid
12342,13,-0.085780814,valid
12343,13,0.76671195,valid
12344,13,-2.6613717,valid
12345,13,-6.503433,valid
12346,13,-1.7351795,valid
12347,13,-4.37265,valid
12348,13,-3.4124281,valid
12349,13,-8.92157,valid
12350,13,-8.509003,valid
12351,13,-2.7263682,valid
12352,13,-5.1008577,valid
12353,13,-1.7549156,valid
12354,13,-2.3791883,valid
12355,13,0.09100889,valid
12356,13,-3.7681131,valid
12357,13,-5.3126254,valid
12358,13,-0.92687917,valid
12359,13,-3.602499,valid
12360,13,-0.989928,valid
12361,13,-3.6670523,valid
12362,13,-3.357481,valid
12363,13,-10.03862,valid
12364,13,-2.5709312,valid
12365,13,-4.6217027,valid
12366,13,-2.5617573,valid
12367,13,-5.2082047,valid
12368,13,-0.75470245,valid
12369,13,-2.5752778,valid
12370,13,-0.51570773,valid
12371,13,-3.4178472,valid
12372,13,-1.8435813,valid
12373,13,-1.3571197,valid
12374,13,-3.5680563,valid
12375,13,-4.8390737,valid
12376,13,-1.7605529,valid
12377,13,-4.0240335,valid
12378,13,-2.8173966,valid
12379,13,-3.1468062,valid
12380,13,-4.401506,valid
12381,13,0.31926498,valid
12382,13,-5.4819784,valid
12383,13,-4.3931866,valid
12384,13,-4.528879,valid
12385,13,-0.8714222,valid
12386,13,-0.3769411,valid
12387,13,-1.0889251,valid
12388,13,-2.523333,valid
12389,13,-1.563203,valid
12390,13,-1.4960214,valid
12391,13,-1.8160404,valid
12392,13,-1.4228947,valid
12393,13,-3.241719,valid
12394,13,0.2038208,valid
12395,13,-1.9942603,valid
12396,13,-1.6760007,valid
12397,13,-2.471799,valid
12398,13,-0.61608684,valid
12399,13,-2.634294,valid
12400,13,-4.41257,valid
12401,13,-3.4988225,valid
12402,13,-2.8708801,valid
12403,13,-3.148775,valid
12404,13,-3.3285742,valid
12405,13,-2.660134,valid
12406,13,-1.35226,valid
12407,13,-2.2259507,valid
12408,13,-1.1125911,valid
12409,13,-4.079683,valid
12410,13,-4.9531603,valid
12411,13,-3.8393953,valid
12412,13,-4.700906,valid
12413,13,-5.810768,valid
12414,13,-1.6760007,valid
12415,13,-3.332797,valid
12416,13,-6.16999,valid
12417,13,-4.351573,valid
12418,13,-3.8066494,valid
12419,13,0.9954525,valid
12420,13,-0.18344603,valid
12421,13,-7.3519835,valid
12422,13,0.22529766,valid
12423,13,-6.5942774,valid
12424,13,-4.3007913,valid
12425,13,-1.3189083,valid
12426,13,-1.1427634,valid
12427,13,-5.2183337,valid
12428,13,-3.5509856,valid
12429,13,-0.34528545,valid
12430,13,-3.5589366,valid
12431,13,1.9082948,valid
12432,13,-1.8516861,valid
12433,13,-2.7460477,valid
12434,13,-4.274594,valid
12435,13,-4.53097,valid
12436,13,0.11866222,valid
12437,13,-4.0374928,valid
12438,13,-2.9166155,valid
12439,13,-2.9056144,valid
12440,13,-2.8340259,valid
12441,13,-3.5742943,valid
12442,13,-1.6708043,valid
12443,13,-1.1685932,valid
12444,13,-1.9941233,valid
12445,13,-3.5571938,valid
12446,13,-5.779627,valid
12447,13,-4.812148,valid
12448,13,-3.4890668,valid
12449,13,-0.99085224,valid
12450,13,-3.3843794,valid
12451,13,-3.7780461,valid
12452,13,-4.14268,valid
12453,13,-6.74645,valid
12454,13,-1.07837,valid
12455,13,-2.2467701,valid
12456,13,-3.1938806,valid
12457,13,-3.2932854,valid
12458,13,-1.842413,valid
12459,13,-2.5310125,valid
12460,13,-3.572217,valid
12461,13,-2.6983008,valid
12462,13,-3.0542288,valid
12463,13,-4.365152,valid
12464,13,-2.2398682,valid
12465,13,-1.9605038,valid
12466,13,-0.7047267,valid
12467,13,-3.8674788,valid
12468,13,-3.8486774,valid
12469,13,-1.6357467,valid
12470,13,-2.9252188,valid
12471,13,-2.3401773,valid
12472,13,-2.094561,valid
12473,13,-3.8837223,valid
12474,13,-5.067783,valid
12475,13,0.043162026,valid
12476,13,-3.9361289,valid
12477,13,-1.9699566,valid
12478,13,-2.1654234,valid
12479,13,-1.0352463,valid
12480,13,-3.4652414,valid
12481,13,-2.8557322,valid
12482,13,0.28130576,valid
12483,13,-1.4933689,valid
12484,13,-3.7768977,valid
12485,13,-5.465666,valid
12486,13,-1.5035605,valid
12487,13,-3.3840594,valid
12488,13,-4.9039006,valid
12489,13,-0.9141091,valid
12490,13,-4.617597,valid
12491,13,-5.861831,valid
12492,13,-3.768394,valid
12493,13,-6.6494355,valid
12494,13,-1.4186972,valid
12495,13,0.34276733,valid
12496,13,-2.550249,valid
12497,13,-5.5857196,valid
12498,13,-3.4468622,valid
12499,13,-3.0455828,valid
12500,13,-3.5973368,valid
12501,13,-2.0063968,valid
12502,13,-5.187981,valid
12503,13,-1.150572,valid
12504,13,-1.8570104,valid
12505,13,-1.5278419,valid
12506,13,-1.7712862,valid
12507,13,-0.5888752,valid
12508,13,-4.345812,valid
12509,13,-2.0579407,valid
12510,13,-2.716141,valid
12511,13,-3.3137674,valid
12512,13,-0.085063145,valid
12513,13,-1.8174485,valid
12514,13,-3.0506682,valid
12515,13,-3.209885,valid
12516,13,-4.4745684,valid
12517,13,-1.3274533,valid
12518,13,-2.3818755,valid
12519,13,0.60465515,valid
12520,13,-3.0448713,valid
12521,13,1.7652272,valid
12522,13,-0.6495428,valid
12523,13,-4.2032204,valid
12524,13,-4.602104,valid
12525,13,-4.335649,valid
12526,13,-1.4023083,valid
12527,13,-3.3785834,valid
12528,13,-1.8514782,valid
12529,13,-3.1042569,valid
12530,13,-0.8565284,valid
12531,13,-2.984932,valid
12532,13,-1.8929179,valid
12533,13,1.7193764,valid
12534,13,-3.6378284,valid
12535,13,-2.6148033,valid
12536,13,-3.7149441,valid
12537,13,-1.4068062,valid
12538,13,0.61685395,valid
12539,13,-6.396261,valid
12540,13,-2.5562868,valid
12541,13,-2.9960346,valid
12542,13,-1.871648,valid
12543,13,-3.5939515,valid
12544,13,-0.7070154,valid
12545,13,2.6875806,valid
12546,13,-0.9451895,valid
12547,13,-0.9398365,valid
12548,13,-3.4401705,valid
12549,13,0.6572149,valid
12550,13,-3.6635654,valid
12551,13,-0.91589916,valid
12552,13,-5.820758,valid
12553,13,-2.883062,valid
12554,13,-0.84887004,valid
12555,13,-4.904308,valid
12556,13,0.8497647,valid
12557,13,0.0819623,valid
12558,13,-0.9598149,valid
12559,13,-1.7248769,valid
12560,13,-1.3595377,valid
12561,13,-3.3264098,valid
12562,13,-2.991459,valid
12563,13,-4.4396257,valid
12564,13,-2.7013264,valid
12565,13,-4.5777826,valid
12566,13,-2.6705074,valid
12567,13,-2.8235455,valid
12568,13,-0.93704665,valid
12569,13,0.35774377,valid
12570,13,-3.887227,valid
12571,13,-1.7513224,valid
12572,13,1.4796268,valid
12573,13,-4.04497,valid
12574,13,-0.71672535,valid
12575,13,-3.1903014,valid
12576,13,-2.3623958,valid
12577,13,-4.0412703,valid
12578,13,0.8560287,valid
12579,13,0.8006116,valid
12580,13,-5.1296945,valid
12581,13,-2.6118145,valid
12582,13,-1.5130574,valid
12583,13,-8.533416,valid
12584,13,-4.3133464,valid
12585,13,-2.4207518,valid
12586,13,-4.7465596,valid
12587,13,-3.6999774,valid
12588,13,-3.2852657,valid
12589,13,-4.189834,valid
12590,13,-3.674472,valid
12591,13,-2.6118884,valid
12592,13,-3.3652618,valid
12593,13,-4.5581045,valid
12594,13,-2.5035448,valid
12595,13,-4.411595,valid
12596,13,-4.7311068,valid
12597,13,-3.5341837,valid
12598,13,-3.672287,valid
12599,13,-1.5595622,valid
12600,13,-2.9979029,valid
12601,13,-1.1102673,valid
12602,13,-5.3565407,valid
12603,13,-5.308013,valid
12604,13,-2.2021775,valid
12605,13,-3.103134,valid
12606,13,-2.6462662,valid
12607,13,-4.358994,valid
12608,13,-3.267541,valid
12609,13,-5.9298444,valid
12610,13,-1.9327383,valid
12611,13,-3.1490338,valid
12612,13,0.80657434,valid
12613,13,-0.63375306,valid
12614,13,-3.2191782,valid
12615,13,-1.8899949,valid
12616,13,-1.6684595,valid
12617,13,-4.80616,valid
12618,13,-2.6180398,valid
12619,13,-1.6904817,valid
12620,13,-2.1687434,valid
12621,13,-4.5317454,valid
12622,13,-4.111759,valid
12623,13,-3.5034504,valid
12624,13,-2.511802,valid
12625,13,-0.10612052,valid
12626,13,-2.264186,valid
12627,13,-2.4792602,valid
12628,13,-4.802281,valid
12629,13,-3.3835933,valid
12630,13,-4.913365,valid
12631,13,-3.9560297,valid
12632,13,-1.2614324,valid
12633,13,0.3427756,valid
12634,13,-3.1002634,valid
12635,13,-2.9014354,valid
12636,13,-3.5644789,valid
12637,13,-4.646181,valid
12638,13,-4.3504295,valid
12639,13,-4.8483224,valid
12640,13,-2.843475,valid
12641,13,-3.8046756,valid
12642,13,-0.61876607,valid
12643,13,-2.3096848,valid
12644,13,-1.401029,valid
12645,13,-5.068304,valid
12646,13,-4.9056773,valid
12647,13,-5.3871756,valid
12648,13,-2.038274,valid
12649,13,0.026362188,valid
12650,13,-3.015696,valid
12651,13,-0.73293495,valid
12652,13,-6.6546097,valid
12653,13,-5.292868,valid
12654,13,-0.0689894,valid
12655,13,-1.9737992,valid
12656,13,-5.7367554,valid
12657,13,-1.1703238,valid
12658,13,-5.4250965,valid
12659,13,-1.2965525,valid
12660,13,1.2005798,valid
12661,13,-4.2648206,valid
12662,13,-1.2216388,valid
12663,13,-6.2712026,valid
12664,13,-6.982927,valid
12665,13,-2.5489125,valid
12666,13,-4.18896,valid
12667,13,-4.415067,valid
12668,13,-1.9667645,valid
12669,13,-4.5275254,valid
12670,13,-3.0363467,valid
12671,13,-4.9600096,valid
12672,13,-2.2797768,valid
12673,13,-4.8353834,valid
12674,13,-4.518682,valid
12675,13,-2.6841068,valid
12676,13,-3.8397288,valid
12677,13,-2.5003703,valid
12678,13,-2.9245048,valid
12679,13,-3.1059318,valid
12680,13,-0.6735246,valid
12681,13,-5.760699,valid
12682,13,-1.1007603,valid
12683,13,-2.8600953,valid
12684,13,-2.0619564,valid
12685,13,-3.938927,valid
12686,13,-2.1602333,valid
12687,13,-4.38724,valid
12688,13,-4.378696,valid
12689,13,-2.0919764,valid
12690,13,-1.6596795,valid
12691,13,-1.213787,valid
12692,13,-3.395369,valid
12693,13,1.8676772,valid
12694,13,-5.2022424,valid
12695,13,-4.8557067,valid
12696,13,-9.795383,valid
12697,13,-3.4101098,valid
12698,13,-2.33422,valid
12699,13,-3.0347815,valid
12700,13,-3.9695427,valid
12701,13,-2.9443223,valid
12702,13,-0.91283226,valid
12703,13,-1.8419993,valid
12704,13,-4.216717,valid
12705,13,-1.8712342,valid
12706,13,-0.62771547,valid
12707,13,-0.7070154,valid
12708,13,-0.3615065,valid
12709,13,-3.8033137,valid
12710,13,-2.5770247,valid
12711,13,-1.4489121,valid
12712,13,-4.569814,valid
12713,13,-1.0019934,valid
12714,13,-3.6669364,valid
12715,13,-3.327175,valid
12716,13,-5.220449,valid
12717,13,-2.4536865,valid
12718,13,-3.3769703,valid
12719,13,-5.533509,valid
12720,13,-4.2776356,valid
12721,13,-3.8161566,valid
12722,13,-1.7258508,valid
12723,13,-4.7282224,valid
12724,13,0.4998583,valid
12725,13,-1.7044066,valid
12726,13,-5.0947175,valid
12727,13,-4.01983,valid
12728,13,-1.8523583,valid
12729,13,-0.67755246,valid
12730,13,-6.710018,valid
12731,13,-5.844478,valid
12732,13,-1.9343886,valid
12733,13,-1.3332565,valid
12734,13,-5.1571517,valid
12735,13,-1.6523232,valid
12736,13,-0.25202584,valid
12737,13,-4.476255,valid
12738,13,-2.5572712,valid
12739,13,-6.434605,valid
12740,13,-2.55781,valid
12741,13,-2.7143636,valid
12742,13,-3.4215112,valid
12743,13,0.6656612,valid
12744,13,-2.2319455,valid
12745,13,-2.2647138,valid
12746,13,-1.1125112,valid
12747,13,-0.6914233,valid
12748,13,-0.07741031,valid
12749,13,-4.4632525,valid
12750,13,-3.407432,valid
12751,13,-0.37231532,valid
12752,13,-3.4256647,valid
12753,13,-3.8378825,valid
12754,13,-2.5846527,valid
12755,13,-3.3841739,valid
12756,13,-1.7391447,valid
12757,13,-0.31572452,valid
12758,13,0.36123288,valid
12759,13,-1.9104638,valid
12760,13,-0.6013813,valid
12761,13,-2.7522194,valid
12762,13,-0.782691,valid
12763,13,-4.850102,valid
12764,13,-2.7220705,valid
12765,13,-2.144099,valid
12766,13,-5.5277658,valid
12767,13,-6.244418,valid
12768,13,-1.5671962,valid
12769,13,-4.3616014,valid
12770,13,-4.171581,valid
12771,13,-5.144132,valid
12772,13,-2.9964209,valid
12773,13,-4.0666833,valid
12774,13,0.92893577,valid
12775,13,0.56283903,valid
12776,13,-3.6849263,valid
12777,13,-4.722812,valid
12778,13,-5.6562753,valid
12779,13,-2.7561333,valid
12780,13,-0.89455473,valid
12781,13,-1.9071578,valid
12782,13,-5.593266,valid
12783,13,-2.817389,valid
12784,13,-2.5723703,valid
12785,13,-2.7337663,valid
12786,13,-1.0703875,valid
12787,13,-2.6454945,valid
12788,13,-2.633725,valid
12789,13,-3.7304707,valid
12790,13,-2.60074,valid
12791,13,-2.0009048,valid
12792,13,-2.7653818,valid
12793,13,-5.874514,valid
12794,13,-3.4885707,valid
12795,13,-2.172448,valid
12796,13,-1.8550843,valid
12797,13,-3.3488321,valid
12798,13,-3.0228806,valid
12799,13,-6.0814366,valid
12800,13,-7.8366013,valid
12801,13,-1.272154,valid
12802,13,-0.27545798,valid
12803,13,-3.3206801,valid
12804,13,-2.0380983,valid
12805,13,-5.9591565,valid
12806,13,-0.7725655,valid
12807,13,-4.0108037,valid
12808,13,-4.349011,valid
12809,13,-3.5744686,valid
12810,13,-5.609805,valid
12811,13,-1.3512675,valid
12812,13,-4.7107987,valid
12813,13,-1.1965119,valid
12814,13,-3.3710365,valid
12815,13,-1.7908663,valid
12816,13,-3.3262281,valid
12817,13,-4.090683,valid
12818,13,-2.8918371,valid
12819,13,-6.3151007,valid
12820,13,-4.2599587,valid
12821,13,-3.8603241,valid
12822,13,-2.7849996,valid
12823,13,-4.3948298,valid
12824,13,-4.274627,valid
12825,13,-2.8921509,valid
12826,13,-3.8053217,valid
12827,13,-3.1620374,valid
12828,13,-0.9273014,valid
12829,13,-1.6744709,valid
12830,13,-4.4314427,valid
12831,13,-4.726532,valid
12832,13,-0.18793994,valid
12833,13,-3.5417337,valid
12834,13,-0.1995132,valid
12835,13,-2.9438396,valid
12836,13,-0.1634942,valid
12837,13,-5.7062297,valid
12838,13,-4.158516,valid
12839,13,-3.2622218,valid
12840,13,1.6892575,valid
12841,13,-4.6558356,valid
12842,13,-2.8643086,valid
12843,13,-3.9295406,valid
12844,13,-3.817316,valid
12845,13,-0.8192514,valid
12846,13,-2.8234017,valid
12847,13,-3.5902786,valid
12848,13,-5.4754786,valid
12849,13,-4.4699535,valid
12850,13,-1.1085253,valid
12851,13,-4.075949,valid
12852,13,-3.7886405,valid
12853,13,-2.1654234,valid
12854,13,-3.3882399,valid
12855,13,-3.738976,valid
12856,13,-8.008987,valid
12857,13,-5.5677285,valid
12858,13,-3.7319064,valid
12859,13,-3.620592,valid
12860,13,-2.670137,valid
12861,13,-2.5723698,valid
12862,13,-4.58371,valid
12863,13,-1.6070969,valid
12864,13,2.0428615,valid
12865,13,-5.4317517,valid
12866,13,-6.900618,valid
12867,13,-2.78605,valid
12868,13,-4.436546,valid
12869,13,-6.49009,valid
12870,13,-1.9452637,valid
12871,13,-1.1179084,valid
12872,13,-2.8640969,valid
12873,13,-5.1568894,valid
12874,13,-6.4923425,valid
12875,13,-1.9580828,valid
12876,13,-0.96974885,valid
12877,13,-3.6460755,valid
12878,13,-2.977913,valid
12879,13,-1.2088832,valid
12880,13,-1.2595476,valid
12881,13,-3.8716707,valid
12882,13,-2.8510013,valid
12883,13,-2.1820438,valid
12884,13,-3.9200437,valid
12885,13,-4.8850737,valid
12886,13,-3.0255096,valid
12887,13,-4.8538814,valid
12888,13,-5.1071773,valid
12889,13,-3.2815046,valid
12890,13,-3.384174,valid
12891,13,2.613772,valid
12892,13,-4.6438847,valid
12893,13,-4.0076737,valid
12894,13,-0.14011544,valid
12895,13,-1.7553304,valid
12896,13,-1.324284,valid
12897,13,-2.2836552,valid
12898,13,-6.395686,valid
12899,13,-2.8154671,valid
12900,13,-7.2727675,valid
12901,13,-0.7802845,valid
12902,13,-2.7428775,valid
12903,13,-1.2806004,valid
12904,13,-1.6760007,valid
12905,13,-1.7325449,valid
12906,13,-3.7319572,valid
12907,13,-3.5771654,valid
12908,13,-0.048608743,valid
12909,13,-4.3022547,valid
12910,13,-2.3286037,valid
12911,13,-2.887221,valid
12912,13,-4.329169,valid
12913,13,-1.6601682,valid
12914,13,-3.123236,valid
12915,13,-6.614036,valid
12916,13,-6.723545,valid
12917,13,-2.60154,valid
12918,13,-3.5660458,valid
12919,13,-5.0519843,valid
12920,13,-1.9705149,valid
12921,13,-4.641948,valid
12922,13,-3.2170613,valid
12923,13,-3.2904618,valid
12924,13,-1.0703876,valid
12925,13,-2.8153284,valid
12926,13,-2.73639,valid
12927,13,-6.099445,valid
12928,13,-6.794097,valid
12929,13,-2.5597186,valid
12930,13,-1.4813576,valid
12931,13,-5.6967697,valid
12932,13,-3.4235535,valid
12933,13,-0.3776623,valid
12934,13,0.7916069,valid
12935,13,-1.1966604,valid
12936,13,-3.8622475,valid
12937,13,-3.618616,valid
12938,13,-1.7727178,valid
12939,13,-1.317505,valid
12940,13,-0.9326488,valid
12941,13,-3.5758204,valid
12942,13,-7.479588,valid
12943,13,-4.0792165,valid
12944,13,-3.2593884,valid
12945,13,-4.0397882,valid
12946,13,-3.0146651,valid
12947,13,-3.8239293,valid
12948,13,-4.095102,valid
12949,13,-4.9340997,valid
12950,13,-2.4622402,valid
12951,13,-4.0975833,valid
12952,13,-4.542264,valid
12953,13,-4.8068595,valid
12954,13,-3.430418,valid
12955,13,-2.477831,valid
12956,13,-3.0300741,valid
12957,13,-2.3748703,valid
12958,13,-5.5857196,valid
12959,13,1.1044445,valid
12960,13,-4.1745753,valid
12961,13,-0.7158569,valid
12962,13,-4.877821,valid
12963,13,-3.1967328,valid
12964,13,0.043930672,valid
12965,13,-4.1747646,valid
12966,13,-7.913261,valid
12967,13,-2.5281029,valid
12968,13,-3.0800085,valid
12969,13,-3.478599,valid
12970,13,-0.81241953,valid
12971,13,-0.5577644,valid
12972,13,-3.6609535,valid
12973,13,-1.7794714,valid
12974,-1,-5.4567714,test
12975,-1,-2.134077,test
12976,-1,-2.6601315,test
12977,-1,-3.1113749,test
12978,-1,-0.45398602,test
12979,-1,-2.200472,test
12980,-1,-2.8895264,test
12981,-1,-3.0015512,test
12982,-1,-1.9734379,test
12983,-1,-1.2247627,test
12984,-1,-4.4722414,test
12985,-1,0.6859758,test
12986,-1,-2.44601,test
12987,-1,-1.4383146,test
12988,-1,-3.3891318,test
12989,-1,-3.4506123,test
12990,-1,0.47121727,test
12991,-1,-5.7374477,test
12992,-1,-2.1201978,test
12993,-1,-3.9998088,test
12994,-1,-1.6593486,test
12995,-1,-3.8177352,test
12996,-1,-2.0214555,test
12997,-1,-0.9758618,test
12998,-1,-4.411508,test
12999,-1,-2.577754,test
13000,-1,-3.9495864,test
13001,-1,-3.5956755,test
13002,-1,-2.4989612,test
13003,-1,-4.795453,test
13004,-1,-3.3589087,test
13005,-1,0.05053386,test
13006,-1,-5.906285,test
13007,-1,-2.2060862,test
13008,-1,-3.1964278,test
13009,-1,-0.8301375,test
13010,-1,1.346645,test
13011,-1,-1.9529502,test
13012,-1,-3.1780953,test
13013,-1,-3.618616,test
13014,-1,-3.2291925,test
13015,-1,-6.856661,test
13016,-1,-5.716664,test
13017,-1,-2.631671,test
13018,-1,-1.9765733,test
13019,-1,-1.247001,test
13020,-1,-2.9532435,test
13021,-1,-2.0409584,test
13022,-1,-3.4284656,test
13023,-1,-0.48513678,test
13024,-1,-0.594859,test
13025,-1,-2.0426834,test
13026,-1,0.4241773,test
13027,-1,0.05047685,test
13028,-1,-6.962835,test
13029,-1,-0.58649933,test
13030,-1,-6.077844,test
13031,-1,-2.7948432,test
13032,-1,-2.9132564,test
13033,-1,-3.3747158,test
13034,-1,-2.9543214,test
13035,-1,-3.3464909,test
13036,-1,-3.937819,test
13037,-1,-3.476998,test
13038,-1,-2.4296672,test
13039,-1,-2.8133426,test
13040,-1,-1.1687032,test
13041,-1,-0.36884615,test
13042,-1,-2.6324718,test
13043,-1,-0.55089307,test
13044,-1,-2.4261596,test
13045,-1,-2.8140364,test
13046,-1,-2.7181232,test
13047,-1,-0.008970179,test
13048,-1,-3.487188,test
13049,-1,-4.212247,test
13050,-1,-5.413731,test
13051,-1,-2.7894611,test
13052,-1,-3.0333087,test
13053,-1,-2.6777546,test
13054,-1,-1.7791113,test
13055,-1,-2.7705297,test
13056,-1,-4.851444,test
13057,-1,-2.047061,test
13058,-1,-8.473591,test
13059,-1,-1.2934269,test
13060,-1,-5.3775187,test
13061,-1,-1.425012,test
13062,-1,-2.8298717,test
13063,-1,-5.5857196,test
13064,-1,0.5567416,test
13065,-1,-6.7831874,test
13066,-1,-1.0992447,test
13067,-1,-1.9932417,test
13068,-1,0.72180283,test
13069,-1,1.7200544,test
13070,-1,-6.9110384,test
13071,-1,-3.2726521,test
13072,-1,-2.1871672,test
13073,-1,-2.6531045,test
13074,-1,-4.1033454,test
13075,-1,-4.530741,test
13076,-1,-2.838501,test
13077,-1,-4.751951,test
13078,-1,-3.8342922,test
13079,-1,-6.172278,test
13080,-1,-1.2614771,test
13081,-1,-5.6692486,test
13082,-1,-2.5272427,test
13083,-1,-1.6945146,test
13084,-1,-3.3081667,test
13085,-1,-5.478062,test
13086,-1,-1.6760007,test
13087,-1,-1.3086147,test
13088,-1,-6.3926244,test
13089,-1,-3.3493533,test
13090,-1,-5.581821,test
13091,-1,-6.197166,test
13092,-1,-5.3343387,test
13093,-1,-4.4015894,test
13094,-1,-4.786575,test
13095,-1,-2.1905932,test
13096,-1,-3.4740033,test
13097,-1,-6.1490474,test
13098,-1,-2.7273312,test
13099,-1,-4.200105,test
13100,-1,-3.2496195,test
13101,-1,-1.2273414,test
13102,-1,-0.8745594,test
13103,-1,-4.8677387,test
13104,-1,-1.3201046,test
13105,-1,-2.4798827,test
13106,-1,-3.6247373,test
13107,-1,-2.9442103,test
13108,-1,-3.7974343,test
13109,-1,-2.813641,test
13110,-1,-3.7823858,test
13111,-1,-2.530332,test
13112,-1,-3.8455176,test
13113,-1,-2.2842987,test
13114,-1,-2.7030027,test
13115,-1,-4.511876,test
13116,-1,0.12793908,test
13117,-1,-2.5352468,test
13118,-1,-0.81763923,test
13119,-1,-2.7576602,test
13120,-1,-3.818483,test
13121,-1,-3.1729128,test
13122,-1,-0.18315518,test
13123,-1,1.9456412,test
13124,-1,-3.1526265,test
13125,-1,-3.929384,test
13126,-1,-2.3384714,test
13127,-1,-4.323015,test
13128,-1,-3.3211532,test
13129,-1,-4.9970307,test
13130,-1,-2.1399376,test
13131,-1,-2.1355228,test
13132,-1,-2.8794591,test
13133,-1,-3.1519265,test
13134,-1,-4.788056,test
13135,-1,-4.232927,test
13136,-1,-1.6566762,test
13137,-1,-6.809472,test
13138,-1,-2.1766648,test
13139,-1,-3.163262,test
13140,-1,-5.6476054,test
13141,-1,-3.2007327,test
13142,-1,-5.0829825,test
13143,-1,-5.4432955,test
13144,-1,-3.4120502,test
13145,-1,-0.47835702,test
13146,-1,-1.4340557,test
13147,-1,-2.5481362,test
13148,-1,-5.740895,test
13149,-1,-0.87453663,test
13150,-1,0.53787446,test
13151,-1,-9.3518505,test
13152,-1,-2.3235655,test
13153,-1,-6.4169474,test
13154,-1,-5.9883122,test
13155,-1,-0.3859843,test
13156,-1,-0.8571776,test
13157,-1,-3.73732,test
13158,-1,-7.3901086,test
13159,-1,-0.9225949,test
13160,-1,-3.3248725,test
13161,-1,-4.979137,test
13162,-1,-3.01216,test
13163,-1,-4.0655665,test
13164,-1,-4.3888965,test
13165,-1,-2.1409254,test
13166,-1,-6.017605,test
13167,-1,-0.6430025,test
13168,-1,-5.1982455,test
13169,-1,-1.3756505,test
13170,-1,-1.6174903,test
13171,-1,-1.9139478,test
13172,-1,-2.6193779,test
13173,-1,-3.4691303,test
13174,-1,-5.426719,test
13175,-1,-4.075435,test
13176,-1,-3.4994016,test
13177,-1,-3.5663545,test
13178,-1,-3.8940053,test
13179,-1,-6.1886396,test
13180,-1,0.35233322,test
13181,-1,-4.265572,test
13182,-1,-1.7084854,test
13183,-1,-3.2103448,test
13184,-1,-1.5033556,test
13185,-1,-3.022954,test
13186,-1,-2.2692192,test
13187,-1,0.37127045,test
13188,-1,-3.0370264,test
13189,-1,-2.076264,test
13190,-1,-1.0035878,test
13191,-1,-0.4377595,test
13192,-1,-1.4940397,test
13193,-1,-3.1641083,test
13194,-1,-4.6811376,test
13195,-1,-2.2488444,test
13196,-1,-3.3694596,test
13197,-1,-4.39718,test
13198,-1,-4.003052,test
13199,-1,-3.5189261,test
13200,-1,-1.4482524,test
13201,-1,-3.0182376,test
13202,-1,-3.7016563,test
13203,-1,-1.6405741,test
13204,-1,1.6339295,test
13205,-1,-2.1859655,test
13206,-1,-5.648911,test
13207,-1,1.2054871,test
13208,-1,-1.9060022,test
13209,-1,0.22151478,test
13210,-1,-4.627209,test
13211,-1,1.1319283,test
13212,-1,-4.1333475,test
13213,-1,-3.278036,test
13214,-1,0.9758173,test
13215,-1,-4.4841456,test
13216,-1,-2.5807047,test
13217,-1,0.15020894,test
13218,-1,-3.0340755,test
13219,-1,-3.2251413,test
13220,-1,-1.9947827,test
13221,-1,-3.3814888,test
13222,-1,-2.168341,test
13223,-1,0.8059101,test
13224,-1,-2.5959525,test
13225,-1,-2.952797,test
13226,-1,-1.3066485,test
13227,-1,-2.7122355,test
13228,-1,1.9652948,test
13229,-1,-3.9738748,test
13230,-1,-1.6222383,test
13231,-1,3.9550612,test
13232,-1,-2.5249414,test
13233,-1,-3.3495932,test
13234,-1,-0.77917874,test
13235,-1,-2.3495338,test
13236,-1,-4.780582,test
13237,-1,-0.509542,test
13238,-1,-0.2738487,test
13239,-1,-5.4244065,test
13240,-1,-2.1476526,test
13241,-1,-3.5446813,test
13242,-1,-1.9347755,test
13243,-1,-3.8286638,test
13244,-1,-5.766289,test
13245,-1,-2.2546856,test
13246,-1,-2.3597965,test
13247,-1,0.14908671,test
13248,-1,-2.6277652,test
13249,-1,-2.559295,test
13250,-1,-1.5223045,test
13251,-1,-4.4433165,test
13252,-1,-5.2815347,test
13253,-1,-0.0051222704,test
13254,-1,-2.0279264,test
13255,-1,-4.014595,test
13256,-1,-2.979987,test
13257,-1,-1.4527003,test
13258,-1,1.6668092,test
13259,-1,-0.15910806,test
13260,-1,-4.4073796,test
13261,-1,-2.541472,test
13262,-1,0.2877048,test
13263,-1,-1.4489498,test
13264,-1,-4.556758,test
13265,-1,-3.6432965,test
13266,-1,-1.7782332,test
13267,-1,-3.8460426,test
13268,-1,-2.6146252,test
13269,-1,-2.8699906,test
13270,-1,-5.204077,test
13271,-1,-1.7816359,test
13272,-1,0.10811098,test
13273,-1,-3.5623507,test
13274,-1,0.7063079,test
13275,-1,-3.8920672,test
13276,-1,-2.9532435,test
13277,-1,-3.232689,test
13278,-1,3.9550612,test
13279,-1,-4.493356,test
13280,-1,-3.8585796,test
13281,-1,-2.5006733,test
13282,-1,-5.7885356,test
13283,-1,-5.3783097,test
13284,-1,1.6830055,test
13285,-1,-1.2809876,test
13286,-1,-2.0036752,test
13287,-1,-2.523279,test
13288,-1,-0.9847059,test
13289,-1,-5.703645,test
13290,-1,-1.10284,test
13291,-1,-4.391381,test
13292,-1,-2.1204948,test
13293,-1,-1.734219,test
13294,-1,-2.113966,test
13295,-1,-4.8191423,test
13296,-1,-2.023936,test
13297,-1,-4.657146,test
13298,-1,-3.6564558,test
13299,-1,-2.886383,test
13300,-1,-2.1792183,test
13301,-1,-4.037062,test
13302,-1,0.2777397,test
13303,-1,-2.63899,test
13304,-1,-6.6492605,test
13305,-1,-2.193285,test
13306,-1,-1.5031801,test
13307,-1,-3.5654511,test
13308,-1,-6.824341,test
13309,-1,-2.1838255,test
13310,-1,-3.21003,test
13311,-1,-3.8023667,test
13312,-1,-4.523991,test
13313,-1,1.6542971,test
13314,-1,1.7640142,test
13315,-1,-4.817988,test
13316,-1,-5.981248,test
13317,-1,-2.264678,test
13318,-1,-2.4769113,test
13319,-1,-6.159827,test
13320,-1,-5.3640356,test
13321,-1,-3.269013,test
13322,-1,-6.9275117,test
13323,-1,-2.0147002,test
13324,-1,-4.9453845,test
13325,-1,-1.6270697,test
13326,-1,-2.079498,test
13327,-1,-6.451858,test
13328,-1,-3.2484796,test
13329,-1,-3.2450464,test
13330,-1,0.04797882,test
13331,-1,-0.14272332,test
13332,-1,-3.8949103,test
13333,-1,-0.04101999,test
13334,-1,-2.4923074,test
13335,-1,-0.29980883,test
13336,-1,-0.19401991,test
13337,-1,-3.2448678,test
13338,-1,-5.275746,test
13339,-1,-1.0874255,test
13340,-1,-4.1918626,test
13341,-1,-4.5452423,test
13342,-1,-6.159827,test
13343,-1,-4.324112,test
13344,-1,-0.60014164,test
13345,-1,-3.6634595,test
13346,-1,-3.1232572,test
13347,-1,0.053769417,test
13348,-1,-2.7562401,test
13349,-1,-2.125894,test
13350,-1,-1.9941233,test
13351,-1,-5.4858317,test
13352,-1,-4.456861,test
13353,-1,0.5417547,test
13354,-1,-3.7089283,test
13355,-1,-4.178483,test
13356,-1,-6.435906,test
13357,-1,1.7166407,test
13358,-1,-3.467581,test
13359,-1,-5.4441996,test
13360,-1,0.8153068,test
13361,-1,-1.6760007,test
13362,-1,-6.268305,test
13363,-1,-2.370527,test
13364,-1,-2.0510027,test
13365,-1,-4.787296,test
13366,-1,-4.156036,test
13367,-1,-1.946034,test
13368,-1,1.0969486,test
13369,-1,-3.9154341,test
13370,-1,-2.8118205,test
13371,-1,0.18424413,test
13372,-1,-1.9788841,test
13373,-1,-2.498663,test
13374,-1,-1.0382464,test
13375,-1,-3.2841444,test
13376,-1,0.16366257,test
13377,-1,-3.9516726,test
13378,-1,-1.4736124,test
13379,-1,-0.2326777,test
13380,-1,-3.667275,test
13381,-1,-0.5063453,test
13382,-1,-3.7763035,test
13383,-1,-1.6760007,test
13384,-1,-4.134576,test
13385,-1,-3.5022535,test
13386,-1,-4.030853,test
13387,-1,-1.7336714,test
13388,-1,-1.3552451,test
13389,-1,-3.1787353,test
13390,-1,-1.9033544,test
13391,-1,-4.9102464,test
13392,-1,-0.9698392,test
13393,-1,-2.0724795,test
13394,-1,-2.6755137,test
13395,-1,-4.1623025,test
13396,-1,-0.7794894,test
13397,-1,-3.0017846,test
13398,-1,-2.9518607,test
13399,-1,-3.015035,test
13400,-1,-1.9159613,test
13401,-1,0.9128072,test
13402,-1,-3.709947,test
13403,-1,-2.794736,test
13404,-1,-5.7578006,test
13405,-1,-3.9685142,test
13406,-1,-4.6699815,test
13407,-1,-3.5992389,test
13408,-1,-2.4732854,test
13409,-1,-3.4586582,test
13410,-1,-1.1183943,test
13411,-1,-0.35885426,test
13412,-1,-1.9400469,test
13413,-1,-4.2497115,test
13414,-1,-5.0789757,test
13415,-1,-5.1213574,test
13416,-1,-1.9380188,test
13417,-1,-2.9387605,test
13418,-1,-4.162558,test
13419,-1,-0.29896456,test
13420,-1,-4.087214,test
13421,-1,-1.6103793,test
13422,-1,-2.0993247,test
13423,-1,-3.9684184,test
13424,-1,-3.0011017,test
13425,-1,-2.001121,test
13426,-1,-3.3961022,test
13427,-1,-3.512552,test
13428,-1,-4.920761,test
13429,-1,-4.216717,test
13430,-1,-1.7802268,test
13431,-1,-3.1049113,test
13432,-1,-3.5272043,test
13433,-1,-2.2999027,test
13434,-1,-0.2055826,test
13435,-1,-4.052841,test
13436,-1,-4.3768744,test
13437,-1,-5.5857196,test
13438,-1,-3.173081,test
13439,-1,-2.9427602,test
13440,-1,-0.3932688,test
13441,-1,-0.41301984,test
13442,-1,-1.4363847,test
13443,-1,-3.477614,test
13444,-1,-0.813573,test
13445,-1,-4.271274,test
13446,-1,-6.2208533,test
13447,-1,0.27670008,test
13448,-1,-2.3575377,test
13449,-1,-4.6863666,test
13450,-1,-1.4934232,test
13451,-1,-2.9212933,test
13452,-1,-3.0227633,test
13453,-1,-0.6840296,test
13454,-1,-4.1196036,test
13455,-1,-1.767074,test
13456,-1,-3.759022,test
13457,-1,-3.4143302,test
13458,-1,-1.8558916,test
13459,-1,-0.4501171,test
13460,-1,1.7121267,test
13461,-1,-6.3282475,test
13462,-1,-8.638467,test
13463,-1,-3.4324102,test
13464,-1,-1.4473373,test
13465,-1,-2.911389,test
13466,-1,-4.0944624,test
13467,-1,-4.370073,test
13468,-1,-1.7648683,test
13469,-1,-4.8442507,test
13470,-1,-2.484805,test
13471,-1,-5.3322825,test
13472,-1,-4.119313,test
13473,-1,-2.4007478,test
13474,-1,-3.5893471,test
13475,-1,-1.7644644,test
13476,-1,-2.2012024,test
13477,-1,-3.634399,test
13478,-1,-2.7519193,test
13479,-1,-3.4069872,test
13480,-1,-1.9585266,test
13481,-1,-1.1070462,test
13482,-1,-1.5209635,test
13483,-1,-0.88313293,test
13484,-1,-2.402924,test
13485,-1,-3.3376048,test
13486,-1,-3.5746064,test
13487,-1,-4.2426467,test
13488,-1,1.5106791,test
13489,-1,-3.3037407,test
13490,-1,1.4543605,test
13491,-1,-4.9099016,test
13492,-1,-3.231844,test
13493,-1,-4.2947125,test
13494,-1,-2.734551,test
13495,-1,-5.630892,test
13496,-1,-0.10063137,test
13497,-1,-2.0090122,test
13498,-1,0.7653792,test
13499,-1,-4.3524117,test
13500,-1,-2.818657,test
13501,-1,-6.971895,test
13502,-1,-6.860976,test
13503,-1,-3.2083,test
13504,-1,-3.7541726,test
13505,-1,-2.5661888,test
13506,-1,-0.78499603,test
13507,-1,-2.723299,test
13508,-1,-4.6833706,test
13509,-1,-1.1825635,test
13510,-1,-4.484221,test
13511,-1,-1.7341378,test
13512,-1,-0.1449861,test
13513,-1,-3.4026985,test
13514,-1,-1.9624546,test
13515,-1,-3.9627626,test
13516,-1,-4.7196374,test
13517,-1,-4.192907,test
13518,-1,-5.0067058,test
13519,-1,-1.1947864,test
13520,-1,-3.0739648,test
13521,-1,-1.7688552,test
13522,-1,-1.762936,test
13523,-1,-2.4464703,test
13524,-1,-1.32251,test
13525,-1,-1.6536428,test
13526,-1,-2.3437183,test
13527,-1,-3.4968493,test
13528,-1,-6.159827,test
13529,-1,-3.884307,test
13530,-1,-1.6090461,test
13531,-1,0.65508795,test
13532,-1,-0.66983867,test
13533,-1,-0.12331219,test
13534,-1,0.8267237,test
13535,-1,-2.9000783,test
13536,-1,-1.7859691,test
13537,-1,-3.5151002,test
13538,-1,-2.8632114,test
13539,-1,-2.5934227,test
13540,-1,-2.8349988,test
13541,-1,-3.613391,test
13542,-1,-4.945658,test
13543,-1,0.62689626,test
13544,-1,-1.6108645,test
13545,-1,-3.0230517,test
13546,-1,-3.664618,test
13547,-1,-2.8807862,test
13548,-1,-3.1815383,test
13549,-1,-3.9993494,test
13550,-1,-1.712227,test
13551,-1,-4.4970703,test
13552,-1,-4.1082296,test
13553,-1,-5.313674,test
13554,-1,-3.8914852,test
13555,-1,-5.387742,test
13556,-1,-2.630447,test
13557,-1,-3.7624247,test
13558,-1,-1.9251171,test
13559,-1,-1.6912371,test
13560,-1,-2.072161,test
13561,-1,-2.9515758,test
13562,-1,-3.827003,test
13563,-1,-2.662343,test
13564,-1,-3.8579524,test
13565,-1,-1.437802,test
13566,-1,-3.2572687,test
13567,-1,-7.527592,test
13568,-1,-3.7097716,test
13569,-1,-2.6885126,test
13570,-1,-5.638599,test
13571,-1,-0.47389528,test
13572,-1,-4.051497,test
13573,-1,-5.1191144,test
13574,-1,-2.3852258,test
13575,-1,-2.3339531,test
13576,-1,-2.6251943,test
13577,-1,-6.284475,test
13578,-1,-3.2338314,test
13579,-1,-2.644525,test
13580,-1,-4.585809,test
13581,-1,-4.137132,test
13582,-1,-2.0215895,test
13583,-1,-1.8974458,test
13584,-1,-0.81216073,test
13585,-1,-4.348388,test
13586,-1,-5.1070085,test
13587,-1,-4.4366727,test
13588,-1,-0.93860793,test
13589,-1,-2.7347302,test
13590,-1,-1.2161586,test
13591,-1,-2.0414438,test
13592,-1,0.057703003,test
13593,-1,-3.2191782,test
13594,-1,-4.809974,test
13595,-1,-0.13637304,test
13596,-1,-3.444376,test
13597,-1,-2.9839215,test
13598,-1,1.6095214,test
13599,-1,-4.879379,test
13600,-1,-2.3948624,test
13601,-1,-2.3746467,test
13602,-1,0.117129266,test
13603,-1,-2.147118,test
13604,-1,-0.22067787,test
13605,-1,-5.328179,test
13606,-1,-4.1435146,test
13607,-1,0.69425595,test
13608,-1,-3.750536,test
13609,-1,-3.161977,test
13610,-1,-3.4968417,test
13611,-1,-1.0408595,test
13612,-1,-3.4205832,test
13613,-1,-3.9316258,test
13614,-1,-6.8340473,test
13615,-1,-1.1357388,test
13616,-1,-4.021087,test
13617,-1,-1.2041658,test
13618,-1,-2.8042262,test
13619,-1,-3.2836015,test
13620,-1,-2.4516294,test
13621,-1,-5.3302608,test
13622,-1,-3.0813484,test
13623,-1,-0.7613014,test
13624,-1,1.5913322,test
13625,-1,-2.5606654,test
13626,-1,-3.3697429,test
13627,-1,-3.0137603,test
13628,-1,-2.879804,test
13629,-1,-1.7911333,test
13630,-1,-3.9674475,test
13631,-1,-3.309151,test
13632,-1,1.3611321,test
13633,-1,-0.9748093,test
13634,-1,-3.565508,test
13635,-1,-4.789931,test
13636,-1,-6.665832,test
13637,-1,-3.162011,test
13638,-1,-1.4513391,test
13639,-1,-6.176808,test
13640,-1,0.40693852,test
13641,-1,-2.5878897,test
13642,-1,-2.9462783,test
13643,-1,-1.3074838,test
13644,-1,-3.4254537,test
13645,-1,-1.27499,test
13646,-1,-5.0020404,test
13647,-1,-2.0481014,test
13648,-1,-1.155183,test
13649,-1,-2.1798992,test
13650,-1,0.16738224,test
13651,-1,2.2728972,test
13652,-1,-1.7386036,test
13653,-1,-3.1818962,test
13654,-1,-2.706794,test
13655,-1,-4.1056886,test
13656,-1,-3.8823214,test
13657,-1,-5.8910556,test
13658,-1,-0.045078095,test
13659,-1,-3.7995105,test
13660,-1,-2.16096,test
13661,-1,-3.5899045,test
13662,-1,-3.486124,test
13663,-1,-1.8414322,test
13664,-1,2.108368,test
13665,-1,0.19514012,test
13666,-1,-4.72612,test
13667,-1,-2.4972458,test
13668,-1,-1.8869662,test
13669,-1,-1.6760007,test
13670,-1,-2.2113628,test
13671,-1,-6.959541,test
13672,-1,-2.204957,test
13673,-1,-0.16769981,test
13674,-1,-0.90570545,test
13675,-1,-3.6172132,test
13676,-1,-3.807587,test
13677,-1,-3.8423092,test
13678,-1,-4.5335026,test
13679,-1,-3.928494,test
13680,-1,-4.136582,test
13681,-1,-1.8711168,test
13682,-1,-7.2637134,test
13683,-1,-5.2160077,test
13684,-1,-3.5105681,test
13685,-1,-5.3322825,test
13686,-1,1.1487437,test
13687,-1,-4.2425275,test
13688,-1,1.358777,test
13689,-1,-1.2067778,test
13690,-1,-1.3746209,test
13691,-1,-1.1113034,test
13692,-1,-1.6840124,test
13693,-1,-0.7918824,test
13694,-1,-4.857255,test
13695,-1,-5.7550073,test
13696,-1,-2.4361935,test
13697,-1,-4.284126,test
13698,-1,0.38090026,test
13699,-1,-1.7258508,test
13700,-1,-6.2161875,test
13701,-1,-2.665502,test
13702,-1,-0.2542896,test
13703,-1,-2.7618163,test
13704,-1,-4.1986046,test
13705,-1,-1.2058412,test
13706,-1,-1.2325759,test
13707,-1,-4.3348002,test
13708,-1,-1.6554493,test
13709,-1,-2.6118884,test
13710,-1,0.5285286,test
13711,-1,-0.6698388,test
13712,-1,-3.198006,test
13713,-1,-7.43716,test
13714,-1,-4.6296144,test
13715,-1,-5.2291117,test
13716,-1,-0.34312192,test
13717,-1,-1.8255438,test
13718,-1,-3.06004,test
13719,-1,-5.381139,test
13720,-1,-1.9157611,test
13721,-1,-2.1085634,test
13722,-1,-6.3514113,test
13723,-1,1.0330266,test
13724,-1,-6.5179324,test
13725,-1,-3.2404218,test
13726,-1,-1.6770997,test
13727,-1,-2.3073025,test
13728,-1,-3.1661057,test
13729,-1,-2.829454,test
13730,-1,-0.19624111,test
13731,-1,-3.097924,test
13732,-1,-0.65767837,test
13733,-1,-2.0316272,test
13734,-1,-2.2527633,test
13735,-1,-2.3216255,test
13736,-1,-0.41718006,test
13737,-1,-5.301106,test
13738,-1,-2.4712753,test
13739,-1,1.1001414,test
13740,-1,-3.6430912,test
13741,-1,-3.876225,test
13742,-1,-1.951133,test
13743,-1,0.69246113,test
13744,-1,-1.8829993,test
13745,-1,-0.026323877,test
13746,-1,-2.442615,test
13747,-1,-3.1371872,test
13748,-1,0.562585,test
13749,-1,-3.831564,test
13750,-1,-6.8735566,test
13751,-1,-1.9316701,test
13752,-1,-2.4599826,test
13753,-1,-5.7269974,test
13754,-1,-2.5169966,test
13755,-1,-4.130643,test
13756,-1,-5.343182,test
13757,-1,-1.2203974,test
13758,-1,-6.066851,test
13759,-1,-2.7070904,test
13760,-1,-1.0651562,test
13761,-1,-3.735991,test
13762,-1,-3.9869537,test
13763,-1,-3.3229651,test
13764,-1,-1.2285829,test
13765,-1,-2.559295,test
13766,-1,-3.2191782,test
13767,-1,-2.800487,test
13768,-1,0.055206418,test
13769,-1,-6.8252845,test
13770,-1,-3.5600038,test
13771,-1,-7.573567,test
13772,-1,0.86331296,test
13773,-1,-2.5408592,test
13774,-1,-3.4166424,test
13775,-1,-1.024106,test
13776,-1,-3.3301926,test
13777,-1,-0.3594617,test
13778,-1,-3.1983914,test
13779,-1,-3.12691,test
13780,-1,-2.5791297,test
13781,-1,-2.5059028,test
13782,-1,-2.171521,test
13783,-1,-3.69087,test
13784,-1,-4.4061747,test
13785,-1,-3.5774724,test
13786,-1,-2.8271942,test
13787,-1,-2.996483,test
13788,-1,-4.9462805,test
13789,-1,-1.5585113,test
13790,-1,-3.5247388,test
13791,-1,-2.054563,test
13792,-1,-2.596261,test
13793,-1,-0.67176485,test
13794,-1,-2.0624719,test
13795,-1,-0.51817393,test
13796,-1,-3.433086,test
13797,-1,-2.9081526,test
13798,-1,-2.7324834,test
13799,-1,-1.9679707,test
13800,-1,0.5201138,test
13801,-1,-4.221104,test
13802,-1,-5.078911,test
13803,-1,-0.7750702,test
13804,-1,-1.718506,test
13805,-1,-1.9862279,test
13806,-1,-2.7469635,test
13807,-1,-5.301106,test
13808,-1,-5.2841496,test
13809,-1,-2.8076215,test
13810,-1,-1.9560338,test
13811,-1,-3.9006267,test
13812,-1,-4.57774,test
13813,-1,1.135724,test
13814,-1,-5.468724,test
13815,-1,-4.807032,test
13816,-1,-1.401175,test
13817,-1,-6.733961,test
13818,-1,-0.9222897,test
13819,-1,-3.786166,test
13820,-1,-3.3228235,test
13821,-1,-3.5403986,test
13822,-1,-2.80442,test
13823,-1,-2.5837107,test
13824,-1,-2.3021886,test
13825,-1,-5.2699094,test
13826,-1,-0.69907665,test
13827,-1,-1.4668325,test
13828,-1,-1.7324305,test
13829,-1,-4.994777,test
13830,-1,-6.6247253,test
13831,-1,-3.8059034,test
13832,-1,-0.73975587,test
13833,-1,-2.661665,test
13834,-1,-3.1384592,test
13835,-1,-2.1374032,test
13836,-1,-4.7160425,test
13837,-1,-0.9927354,test
13838,-1,0.9688815,test
13839,-1,-1.5468932,test
13840,-1,-2.3167806,test
13841,-1,-3.2286015,test
13842,-1,0.5131682,test
13843,-1,-2.721488,test
13844,-1,-3.58948,test
13845,-1,-2.5951407,test
13846,-1,-1.1957744,test
13847,-1,-1.7860438,test
13848,-1,-3.5728712,test
13849,-1,-6.816564,test
13850,-1,-0.12064196,test
13851,-1,-2.3511515,test
13852,-1,-2.5872464,test
13853,-1,-2.4403584,test
13854,-1,1.3605547,test
13855,-1,-4.320111,test
13856,-1,-5.173588,test
13857,-1,-3.415976,test
13858,-1,-6.674119,test
13859,-1,-1.8652925,test
13860,-1,-3.6165056,test
13861,-1,-3.5432904,test
13862,-1,-0.78685844,test
13863,-1,-1.4409686,test
13864,-1,-3.4102163,test
13865,-1,-2.270116,test
13866,-1,-3.200541,test
13867,-1,0.60282075,test
13868,-1,-6.054235,test
13869,-1,-4.219609,test
13870,-1,-8.166388,test
13871,-1,-2.0571628,test
13872,-1,-2.0178013,test
13873,-1,-3.456666,test
13874,-1,1.3662261,test
13875,-1,-0.256652,test
13876,-1,-1.6863629,test
13877,-1,-6.1388097,test
13878,-1,-2.4957848,test
13879,-1,-4.946719,test
13880,-1,-3.6931593,test
13881,-1,0.3836593,test
13882,-1,-2.3708656,test
13883,-1,-1.4317089,test
13884,-1,-1.2692918,test
13885,-1,-3.9109068,test
13886,-1,-4.5858097,test
13887,-1,-5.787714,test
13888,-1,-4.0876455,test
13889,-1,-3.6081138,test
13890,-1,-4.510059,test
13891,-1,-0.06440577,test
13892,-1,-3.176071,test
13893,-1,-0.74777865,test
13894,-1,-2.420594,test
13895,-1,-3.2048924,test
13896,-1,-0.023765653,test
13897,-1,-3.829654,test
13898,-1,-4.544083,test
13899,-1,-2.3908427,test
13900,-1,-4.345345,test
13901,-1,-6.821227,test
13902,-1,-1.1720068,test
13903,-1,-2.6817498,test
13904,-1,-3.3890922,test
13905,-1,-2.4507897,test
13906,-1,-0.045547277,test
13907,-1,0.10622062,test
13908,-1,-2.822736,test
13909,-1,-4.739323,test
13910,-1,0.557778,test
13911,-1,-3.3599846,test
13912,-1,-3.8407001,test
13913,-1,-1.5757762,test
13914,-1,-6.230168,test
13915,-1,-5.2745214,test
13916,-1,0.31401712,test
13917,-1,-4.4720626,test
13918,-1,-5.4004903,test
13919,-1,-4.540604,test
13920,-1,-0.33388653,test
13921,-1,-3.8115442,test
13922,-1,-1.4865402,test
13923,-1,-2.7685502,test
13924,-1,-2.4416971,test
13925,-1,-2.9023201,test
13926,-1,-0.20098865,test
13927,-1,-3.8420799,test
13928,-1,-2.1506658,test
13929,-1,-1.4088925,test
13930,-1,-0.19759767,test
13931,-1,-4.6032596,test
13932,-1,-1.2255696,test
13933,-1,-3.2974563,test
13934,-1,-0.36772656,test
13935,-1,1.8141917,test
13936,-1,-4.8047867,test
13937,-1,0.59695137,test
13938,-1,-8.271521,test
13939,-1,-6.2517447,test
13940,-1,-3.9942393,test
13941,-1,-3.0987668,test
13942,-1,-2.754404,test
13943,-1,-4.2075763,test
13944,-1,-1.8822098,test
13945,-1,-4.804289,test
13946,-1,-3.326226,test
13947,-1,-2.9721432,test
13948,-1,-5.1425447,test
13949,-1,-1.3832904,test
13950,-1,-2.8281715,test
13951,-1,-2.3258114,test
13952,-1,-1.9197526,test
13953,-1,-0.7634691,test
13954,-1,-3.3669584,test
13955,-1,-3.224171,test
13956,-1,-1.8460473,test
13957,-1,-1.0603515,test
13958,-1,-4.5133233,test
13959,-1,-2.559295,test
13960,-1,-0.043198824,test
13961,-1,-1.9859554,test
13962,-1,-3.6597078,test
13963,-1,-3.3772688,test
13964,-1,-3.1676362,test
13965,-1,-4.946735,test
13966,-1,-4.6394124,test
13967,-1,-3.053999,test
13968,-1,-2.9913085,test
13969,-1,0.050600186,test
13970,-1,-3.4449697,test
13971,-1,-1.0282518,test
13972,-1,-2.520144,test
13973,-1,-1.9357151,test
13974,-1,-0.2133329,test
13975,-1,-2.6143994,test
13976,-1,-6.3392525,test
13977,-1,-5.3402624,test
13978,-1,-4.0894427,test
13979,-1,-2.5628674,test
13980,-1,0.5131991,test
13981,-1,-7.370401,test
13982,-1,-1.055571,test
13983,-1,-1.732362,test
13984,-1,-2.594318,test
13985,-1,-3.4432049,test
13986,-1,-2.4784758,test
13987,-1,-0.7006625,test
13988,-1,1.320069,test
13989,-1,-2.3653326,test
13990,-1,-3.1611748,test
13991,-1,-2.4077733,test
13992,-1,-3.259874,test
13993,-1,-4.357734,test
13994,-1,-2.239499,test
13995,-1,-4.960234,test
13996,-1,-1.6680396,test
13997,-1,-0.6605637,test
13998,-1,-3.6192484,test
13999,-1,-3.031965,test
14000,-1,-2.10002,test
14001,-1,-2.9319708,test
14002,-1,-1.9827213,test
14003,-1,-1.19374,test
14004,-1,-5.241668,test
14005,-1,-4.9918942,test
14006,-1,-2.293646,test
14007,-1,-3.8525367,test
14008,-1,-0.20075235,test
14009,-1,-0.121399395,test
14010,-1,-2.4786372,test
14011,-1,-3.863572,test
14012,-1,-2.8523388,test
14013,-1,0.002252929,test
14014,-1,-1.3441589,test
14015,-1,-3.0665443,test
14016,-1,-2.8618577,test
14017,-1,-1.6647627,test
14018,-1,-4.341801,test
14019,-1,-2.8342783,test
14020,-1,-6.0283136,test
14021,-1,-2.7724473,test
14022,-1,-1.9949422,test
14023,-1,-2.991224,test
14024,-1,-4.0030575,test
14025,-1,-2.5663602,test
14026,-1,-3.0893807,test
14027,-1,-0.5339267,test
14028,-1,-2.6114566,test
14029,-1,-1.6365426,test
14030,-1,-3.6241894,test
14031,-1,-2.057939,test
14032,-1,-2.6332252,test
14033,-1,-1.680651,test
14034,-1,-3.668479,test
14035,-1,-4.904534,test
14036,-1,-2.1597784,test
14037,-1,-1.322066,test
14038,-1,-2.0278335,test
14039,-1,-2.5653775,test
14040,-1,-3.6801708,test
14041,-1,-1.0973955,test
14042,-1,-3.660505,test
14043,-1,-4.895006,test
14044,-1,-1.5930743,test
14045,-1,-2.685197,test
14046,-1,-4.7503896,test
14047,-1,-1.3425468,test
14048,-1,-4.3211274,test
14049,-1,-5.7428746,test
14050,-1,-7.417901,test
14051,-1,-3.574015,test
14052,-1,-2.6951828,test
14053,-1,-3.5871685,test
14054,-1,-4.5036445,test
14055,-1,-8.08312,test
14056,-1,-2.1963196,test
14057,-1,-5.0282097,test
14058,-1,-0.20530574,test
14059,-1,-2.9756932,test
14060,-1,-4.8241963,test
14061,-1,-1.0700041,test
14062,-1,-3.6883051,test
14063,-1,-4.0639367,test
14064,-1,-3.3998013,test
14065,-1,-2.7374706,test
14066,-1,-0.78992116,test
14067,-1,-3.2396,test
14068,-1,-4.1169667,test
14069,-1,-4.635999,test
14070,-1,-2.0315123,test
14071,-1,-1.9691653,test
14072,-1,-4.5641227,test
14073,-1,-3.4575846,test
14074,-1,-2.8185463,test
14075,-1,-4.8870473,test
14076,-1,-0.42393783,test
14077,-1,-0.9127747,test
14078,-1,-2.6060457,test
14079,-1,-1.637273,test
14080,-1,-1.6350209,test
14081,-1,-0.09251284,test
14082,-1,-2.0008216,test
14083,-1,-3.996109,test
14084,-1,-5.1198864,test
14085,-1,0.75475633,test
14086,-1,-3.3823771,test
14087,-1,-2.495688,test
14088,-1,-2.117766,test
14089,-1,-5.780243,test
14090,-1,-1.469072,test
14091,-1,-2.740307,test
14092,-1,-0.29485196,test
14093,-1,-5.315724,test
14094,-1,-2.4688783,test
14095,-1,-4.5155725,test
14096,-1,-9.037855,test
14097,-1,-4.3394074,test
14098,-1,-3.8003478,test
14099,-1,-4.314566,test
14100,-1,-2.6674488,test
14101,-1,-0.22880106,test
14102,-1,-3.6992648,test
14103,-1,-6.4308786,test
14104,-1,-0.8704517,test
14105,-1,-6.312453,test
14106,-1,-6.905635,test
14107,-1,-4.8272195,test
14108,-1,-5.8075123,test
14109,-1,-5.961144,test
14110,-1,-1.1504911,test
14111,-1,-2.1939378,test
14112,-1,-3.1535485,test
14113,-1,-3.489539,test
14114,-1,1.2829195,test
14115,-1,-6.547557,test
14116,-1,-6.025738,test
14117,-1,-0.20961496,test
14118,-1,-0.14097866,test
14119,-1,-1.9734379,test
14120,-1,-3.5167117,test
14121,-1,0.10811098,test
14122,-1,2.4258578,test
14123,-1,-2.6599107,test
14124,-1,-3.419107,test
14125,-1,-2.7272246,test
14126,-1,-1.5973579,test
14127,-1,-1.4541417,test
14128,-1,-3.160703,test
14129,-1,-3.688488,test
14130,-1,-4.019861,test
14131,-1,-1.0435942,test
14132,-1,-2.9480877,test
14133,-1,-1.8549585,test
14134,-1,-1.2327024,test
14135,-1,-2.619803,test
14136,-1,-2.3109906,test
14137,-1,-5.589091,test
14138,-1,-2.3782132,test
14139,-1,0.011670716,test
14140,-1,-0.5962194,test
14141,-1,-0.6771605,test
14142,-1,-5.238059,test
14143,-1,-3.7278302,test
14144,-1,-6.7660446,test
14145,-1,-2.6912155,test
14146,-1,-3.1173704,test
14147,-1,1.1027508,test
14148,-1,-0.71796083,test
14149,-1,-0.85490537,test
14150,-1,-3.7804484,test
14151,-1,-3.1274996,test
14152,-1,-4.0404725,test
14153,-1,-2.4389393,test
14154,-1,0.34402722,test
14155,-1,-5.221972,test
14156,-1,-4.7065473,test
14157,-1,-2.744986,test
14158,-1,-1.775488,test
14159,-1,-4.9630036,test
14160,-1,-1.6760008,test
14161,-1,-3.2286599,test
14162,-1,-4.973102,test
14163,-1,-1.6717666,test
14164,-1,-1.0102323,test
14165,-1,-3.700458,test
14166,-1,-3.4709575,test
14167,-1,-3.1915162,test
14168,-1,-2.2886405,test
14169,-1,-1.1251934,test
14170,-1,-4.8623714,test
14171,-1,-3.8803513,test
14172,-1,-1.6169202,test
14173,-1,-1.0756207,test
14174,-1,-7.622164,test
14175,-1,-4.777447,test
14176,-1,-2.6270614,test
14177,-1,-1.3855523,test
14178,-1,-5.812653,test
14179,-1,-2.4320407,test
14180,-1,-2.870926,test
14181,-1,-3.3721051,test
14182,-1,-3.812729,test
14183,-1,-0.25033772,test
14184,-1,-3.9995086,test
14185,-1,-5.2829185,test
14186,-1,-5.7420974,test
14187,-1,-1.2127286,test
14188,-1,-3.612256,test
14189,-1,-3.4281561,test
14190,-1,-2.009083,test
14191,-1,-2.5316682,test
14192,-1,-4.076324,test
14193,-1,-7.0885057,test
14194,-1,-1.7754377,test
14195,-1,-2.245963,test
14196,-1,1.2343841,test
14197,-1,-2.3252711,test
14198,-1,-2.4003515,test
14199,-1,-2.9782336,test
14200,-1,-1.2064947,test
14201,-1,-2.0584304,test
14202,-1,-4.5723023,test
14203,-1,-3.4524882,test
14204,-1,-2.4296808,test
14205,-1,0.75424814,test
14206,-1,-3.8265073,test
14207,-1,-3.0179584,test
14208,-1,-1.4645013,test
14209,-1,-1.4093696,test
14210,-1,-2.1737144,test
14211,-1,-3.0878196,test
14212,-1,-2.5538516,test
14213,-1,-2.279759,test
14214,-1,0.9264326,test
14215,-1,-3.8782015,test
14216,-1,-6.8948693,test
14217,-1,-1.256886,test
14218,-1,-0.37809277,test
14219,-1,-5.402399,test
14220,-1,-2.474543,test
14221,-1,-1.9403925,test
14222,-1,-3.801485,test
14223,-1,-5.836468,test
14224,-1,-4.8215466,test
14225,-1,-2.419062,test
14226,-1,2.051777,test
14227,-1,0.36672086,test
14228,-1,-1.9324583,test
14229,-1,-2.9180424,test
14230,-1,-2.8271952,test
14231,-1,-0.05533409,test
14232,-1,-7.3296633,test
14233,-1,-3.2960305,test
14234,-1,-0.36234653,test
14235,-1,-6.9279227,test
14236,-1,-3.2297544,test
14237,-1,-1.1233759,test
14238,-1,-3.6609411,test
14239,-1,-0.18873605,test
14240,-1,-3.6263704,test
14241,-1,-0.45029014,test
14242,-1,-4.3992996,test
14243,-1,-5.4392166,test
14244,-1,-2.0341864,test
14245,-1,-7.600571,test
14246,-1,-6.2948484,test
14247,-1,-2.7784657,test
14248,-1,-2.875794,test
14249,-1,-1.8685268,test
14250,-1,-4.930718,test
14251,-1,-4.230417,test
14252,-1,0.06583659,test
14253,-1,-3.4567344,test
14254,-1,-4.365152,test
14255,-1,0.26538792,test
14256,-1,-1.281789,test
14257,-1,-3.2187142,test
14258,-1,-2.7966018,test
14259,-1,0.7000809,test
14260,-1,-2.9243217,test
14261,-1,-3.2117937,test
14262,-1,-3.9224985,test
14263,-1,-2.83571,test
14264,-1,-0.045555554,test
14265,-1,-0.37694114,test
14266,-1,-1.6926235,test
14267,-1,-2.9448235,test
14268,-1,-1.4955451,test
14269,-1,-2.4293423,test
14270,-1,-2.8510013,test
14271,-1,-6.3107524,test
14272,-1,-4.707147,test
14273,-1,-1.9413167,test
14274,-1,0.18841475,test
14275,-1,-3.5534446,test
14276,-1,-3.2262783,test
14277,-1,-1.0364834,test
14278,-1,-4.646313,test
14279,-1,-3.570506,test
14280,-1,-3.2291145,test
14281,-1,-4.1202483,test
14282,-1,-1.1818426,test
14283,-1,-2.459009,test
14284,-1,-3.0416005,test
14285,-1,-1.2239196,test
14286,-1,-0.23173793,test
14287,-1,-3.188287,test
14288,-1,-4.574012,test
14289,-1,-0.41056538,test
14290,-1,-4.6217027,test
14291,-1,-3.2098272,test
14292,-1,-3.0354395,test
14293,-1,-3.5109408,test
14294,-1,-4.9492598,test
14295,-1,-2.056539,test
14296,-1,-9.578335,test
14297,-1,-3.3382242,test
14298,-1,-4.233966,test
14299,-1,-1.655115,test
14300,-1,-3.4424672,test
14301,-1,-7.2938514,test
14302,-1,-2.903378,test
14303,-1,-4.56609,test
14304,-1,-2.5546994,test
14305,-1,-4.8874893,test
14306,-1,-1.4439484,test
14307,-1,-2.5379736,test
14308,-1,-0.8290281,test
14309,-1,-1.6760007,test
14310,-1,-0.9773966,test
14311,-1,-2.435379,test
14312,-1,-2.8510013,test
14313,-1,-2.728564,test
14314,-1,0.07463477,test
14315,-1,-0.66736436,test
14316,-1,-0.50454736,test
14317,-1,-2.5223033,test
14318,-1,-2.4831905,test
14319,-1,-5.0569034,test
14320,-1,-4.1511416,test
14321,-1,-3.1992712,test
14322,-1,-2.615294,test
14323,-1,-4.680009,test
14324,-1,-4.095908,test
14325,-1,-1.0272695,test
14326,-1,-2.6858444,test
14327,-1,-2.431126,test
14328,-1,-1.7069712,test
14329,-1,-2.2335124,test
14330,-1,-5.9925847,test
14331,-1,-2.108697,test
14332,-1,-1.3727994,test
14333,-1,-2.5055277,test
14334,-1,-4.1557975,test
14335,-1,-2.24938,test
14336,-1,-2.2343383,test
14337,-1,-3.3749652,test
14338,-1,-2.2114325,test
14339,-1,-5.438294,test
14340,-1,1.6737983,test
14341,-1,0.31243214,test
14342,-1,-1.9098569,test
14343,-1,0.85030425,test
14344,-1,-1.1469126,test
14345,-1,-1.9218998,test
14346,-1,-1.1605648,test
14347,-1,-3.0052114,test
14348,-1,-5.6835628,test
14349,-1,-1.7902267,test
14350,-1,-3.944574,test
14351,-1,-2.1139412,test
14352,-1,-3.1170242,test
14353,-1,-4.5203075,test
14354,-1,-4.626018,test
14355,-1,-1.9126158,test
14356,-1,-4.6466928,test
14357,-1,0.85963035,test
14358,-1,-4.835584,test
14359,-1,-0.532804,test
14360,-1,-0.31318912,test
14361,-1,-1.1184161,test
14362,-1,-4.2852483,test
14363,-1,-2.1798518,test
14364,-1,-3.0898364,test
14365,-1,-7.5329995,test
14366,-1,-2.5728178,test
14367,-1,-2.2855864,test
14368,-1,-7.6159453,test
14369,-1,-7.0383196,test
14370,-1,-3.047083,test
14371,-1,-1.9958857,test
14372,-1,-5.738273,test
14373,-1,-3.098525,test
14374,-1,-3.4182982,test
14375,-1,-3.5053535,test
14376,-1,-0.239895,test
14377,-1,-3.7045875,test
14378,-1,-1.7908663,test
14379,-1,-1.1102166,test
14380,-1,-2.888983,test
14381,-1,-0.16186929,test
14382,-1,-8.1500025,test
14383,-1,-7.4179006,test
14384,-1,-2.6948128,test
14385,-1,-4.9881015,test
14386,-1,-5.95153,test
14387,-1,-1.939191,test
14388,-1,-2.6918192,test
14389,-1,-2.19307,test
14390,-1,-3.1234057,test
14391,-1,-4.054025,test
14392,-1,-1.1800052,test
14393,-1,-3.2347584,test
14394,-1,-5.2755866,test
14395,-1,-1.2423521,test
14396,-1,-4.027427,test
14397,-1,-3.5506759,test
14398,-1,1.826403,test
14399,-1,-1.6760008,test
14400,-1,-3.1310654,test
14401,-1,-4.3131633,test
14402,-1,-1.5151155,test
14403,-1,-4.2466846,test
14404,-1,0.5203916,test
14405,-1,-4.881941,test
14406,-1,-0.14411375,test
14407,-1,-2.3272574,test
14408,-1,-2.2057233,test
14409,-1,-5.4705043,test
14410,-1,-0.52923024,test
14411,-1,-4.9261317,test
14412,-1,2.3648243,test
14413,-1,-1.5614105,test
14414,-1,-6.665956,test
14415,-1,-4.3924117,test
14416,-1,2.1539614,test
14417,-1,-5.58572,test
14418,-1,-1.3546468,test
14419,-1,-2.2429194,test
14420,-1,1.3445629,test
14421,-1,-5.7332025,test
14422,-1,0.60558224,test
14423,-1,0.43009037,test
14424,-1,-2.9767582,test
14425,-1,-1.6760007,test
14426,-1,-1.4965202,test
14427,-1,-4.6154623,test
14428,-1,-1.2480111,test
14429,-1,-2.96315,test
14430,-1,-2.852985,test
14431,-1,-2.1279435,test
14432,-1,-7.5352063,test
14433,-1,-2.4522681,test
14434,-1,-6.0771484,test
14435,-1,1.2304156,test
14436,-1,-2.6234934,test
14437,-1,-0.3611938,test
14438,-1,-1.9256092,test
14439,-1,-2.9863288,test
14440,-1,-1.4509934,test
14441,-1,-4.585809,test
14442,-1,1.080846,test
14443,-1,-1.0141568,test
14444,-1,-2.345315,test
14445,-1,0.37855455,test
14446,-1,1.3995643,test
14447,-1,-3.269013,test
14448,-1,-2.8821623,test
14449,-1,-8.347219,test
14450,-1,-3.8373783,test
14451,-1,-0.31466362,test
14452,-1,-1.9560205,test
14453,-1,-2.3140917,test
14454,-1,-2.5896106,test
14455,-1,-3.8287127,test
14456,-1,-2.5387218,test
14457,-1,-6.254467,test
14458,-1,-3.6220973,test
14459,-1,-2.7325609,test
14460,-1,-3.035152,test
14461,-1,-1.6760007,test
14462,-1,-0.33300498,test
14463,-1,-3.9384003,test
14464,-1,-0.9326625,test
14465,-1,-3.1678462,test
14466,-1,-4.541491,test
14467,-1,-4.1383843,test
14468,-1,-5.4796853,test
14469,-1,-1.493369,test
14470,-1,-3.8782024,test
14471,-1,-1.8254552,test
14472,-1,-3.1228485,test
14473,-1,-4.3959804,test
14474,-1,-3.2620406,test
14475,-1,-3.2040365,test
14476,-1,-3.6736655,test
14477,-1,-3.4941907,test
14478,-1,-2.446095,test
14479,-1,-7.26988,test
14480,-1,-6.273175,test
14481,-1,-4.094759,test
14482,-1,1.128381,test
14483,-1,-2.5020013,test
14484,-1,-3.9047928,test
14485,-1,-2.0794587,test
14486,-1,-3.0098739,test
14487,-1,-0.40520856,test
14488,-1,-2.2901635,test
14489,-1,-0.33207893,test
14490,-1,-3.8731027,test
14491,-1,-2.7024322,test
14492,-1,-7.4861107,test
14493,-1,-1.4074311,test
14494,-1,-3.7761838,test
14495,-1,-2.939413,test
14496,-1,-4.836465,test
14497,-1,-5.030083,test
14498,-1,-1.9882877,test
14499,-1,-1.5831565,test
14500,-1,-0.9578624,test
14501,-1,-5.069644,test
14502,-1,-3.4313886,test
14503,-1,-2.4330103,test
14504,-1,-3.7771866,test
14505,-1,-1.804363,test
14506,-1,-4.4108872,test
14507,-1,-3.0400257,test
14508,-1,-0.13595465,test
14509,-1,-3.8198988,test
14510,-1,-5.5973487,test
14511,-1,-1.0228487,test
14512,-1,-1.6249813,test
14513,-1,-1.7087611,test
14514,-1,-3.1022809,test
14515,-1,0.21944697,test
14516,-1,0.3031227,test
14517,-1,-2.698236,test
14518,-1,-3.96523,test
14519,-1,-2.214818,test
14520,-1,-1.1108179,test
14521,-1,-6.508067,test
14522,-1,-3.0671964,test
14523,-1,-2.3397043,test
14524,-1,1.6005853,test
14525,-1,-4.272211,test
14526,-1,-1.5333736,test
14527,-1,-2.4623609,test
14528,-1,-6.7613864,test
14529,-1,-4.4480796,test
14530,-1,-0.7750702,test
14531,-1,-1.4808978,test
14532,-1,-3.7915018,test
14533,-1,-4.464276,test
14534,-1,-5.5167727,test
14535,-1,-1.1742158,test
14536,-1,-1.347937,test
14537,-1,-2.7263265,test
14538,-1,-1.2156658,test
14539,-1,-6.595403,test
14540,-1,-2.1458478,test
14541,-1,-1.8630368,test
14542,-1,-2.5072725,test
14543,-1,-4.022175,test
14544,-1,-2.9151974,test
14545,-1,-1.7061912,test
14546,-1,-2.7404008,test
14547,-1,-1.9068743,test
14548,-1,-3.1076932,test
14549,-1,-4.109633,test
14550,-1,0.42543378,test
14551,-1,-2.1905932,test
14552,-1,-2.161096,test
14553,-1,0.6623049,test
14554,-1,-2.342905,test
14555,-1,-5.3594046,test
14556,-1,-2.55671,test
14557,-1,-0.160692,test
14558,-1,-1.4020615,test
14559,-1,-0.75470245,test
14560,-1,-0.46262214,test
14561,-1,-0.47835702,test
14562,-1,-4.9043083,test
14563,-1,-4.2818565,test
14564,-1,-3.806099,test
14565,-1,0.70732474,test
14566,-1,-3.2300894,test
14567,-1,-4.4714665,test
14568,-1,-3.8465493,test
14569,-1,-2.2321696,test
14570,-1,-1.8081597,test
14571,-1,-3.3874307,test
14572,-1,-2.9876037,test
14573,-1,-3.8744805,test
14574,-1,0.6607573,test
14575,-1,-4.3837266,test
14576,-1,-2.3185225,test
14577,-1,-4.1738706,test
14578,-1,-4.419639,test
14579,-1,-5.0990095,test
14580,-1,-4.107305,test
14581,-1,0.24574861,test
14582,-1,-4.6106215,test
14583,-1,-0.51412296,test
14584,-1,-3.0554962,test
14585,-1,-1.083339,test
14586,-1,-0.4539467,test
14587,-1,-3.1950107,test
14588,-1,-0.3642173,test
14589,-1,-4.7709413,test
14590,-1,-3.284788,test
14591,-1,-2.6961915,test
14592,-1,-2.1266422,test
14593,-1,-5.1504283,test
14594,-1,-0.15151909,test
14595,-1,0.83650935,test
14596,-1,0.30319363,test
14597,-1,-3.5482635,test
14598,-1,-3.1100185,test
14599,-1,-0.4962777,test
14600,-1,-0.07251221,test
14601,-1,-2.0749767,test
14602,-1,-1.4820125,test
14603,-1,-0.20873997,test
14604,-1,-1.1098344,test
14605,-1,-5.5336833,test
14606,-1,-6.3274226,test
14607,-1,-3.432714,test
14608,-1,-3.3301702,test
14609,-1,-1.4354243,test
14610,-1,-2.5093703,test
14611,-1,-3.2769814,test
14612,-1,-2.4381757,test
14613,-1,-3.9433846,test
14614,-1,-1.414943,test
14615,-1,-2.496748,test
14616,-1,-2.8857737,test
14617,-1,-2.096506,test
14618,-1,-0.6984438,test
14619,-1,-1.6617728,test
14620,-1,-2.318599,test
14621,-1,-1.6184589,test
14622,-1,-3.732985,test
14623,-1,-1.8707029,test
14624,-1,-0.19604257,test
14625,-1,-0.26706666,test
14626,-1,-3.7825632,test
14627,-1,-3.4623032,test
14628,-1,-2.7564669,test
14629,-1,-3.7625036,test
14630,-1,-1.4816414,test
14631,-1,-4.4879174,test
14632,-1,2.2406662,test
14633,-1,-1.0158721,test
14634,-1,-4.43088,test
14635,-1,-5.6967235,test
14636,-1,-5.888966,test
14637,-1,-2.345285,test
14638,-1,-0.09131317,test
14639,-1,-1.6782266,test
14640,-1,-2.5428843,test
14641,-1,-2.7127025,test
14642,-1,-0.14663506,test
14643,-1,-4.6592636,test
14644,-1,-6.9725842,test
14645,-1,-2.2960415,test
14646,-1,-4.2822065,test
14647,-1,-4.026955,test
14648,-1,-4.489646,test
14649,-1,-4.6296144,test
14650,-1,-4.067082,test
14651,-1,-1.313541,test
14652,-1,-2.8920178,test
14653,-1,-1.6555606,test
14654,-1,1.2513608,test
14655,-1,-5.2694526,test
14656,-1,-1.3524426,test
14657,-1,-3.013269,test
14658,-1,-4.8035965,test
14659,-1,-2.4647534,test
14660,-1,-4.357732,test
14661,-1,-1.9329621,test
14662,-1,1.1609195,test
14663,-1,-5.3371534,test
14664,-1,-2.8281398,test
14665,-1,-0.076957926,test
14666,-1,-2.6534576,test
14667,-1,-2.5207064,test
14668,-1,-1.1552837,test
14669,-1,-3.9615197,test
14670,-1,-0.45794958,test
14671,-1,-2.435573,test
14672,-1,-1.0465151,test
14673,-1,-3.5164,test
14674,-1,-1.7638645,test
14675,-1,-3.3431756,test
14676,-1,-5.0921044,test
14677,-1,-2.379555,test
14678,-1,-1.8428947,test
14679,-1,-4.4622054,test
14680,-1,-3.4619317,test
14681,-1,-2.1035182,test
14682,-1,0.94941115,test
14683,-1,-4.636373,test
14684,-1,-4.916641,test
14685,-1,0.24367696,test
14686,-1,-3.2111454,test
14687,-1,-2.3824348,test
14688,-1,-2.6051836,test
14689,-1,-3.4053254,test
14690,-1,-6.1339984,test
14691,-1,-4.7920628,test
14692,-1,-2.8106556,test
14693,-1,-1.5102304,test
14694,-1,-2.555026,test
14695,-1,-2.5789144,test
14696,-1,-2.3870394,test
14697,-1,-1.2870003,test
14698,-1,0.8368437,test
14699,-1,-2.8185492,test
14700,-1,-8.200858,test
14701,-1,-4.2851734,test
14702,-1,-2.3690586,test
14703,-1,-3.2324667,test
14704,-1,-3.988037,test
14705,-1,-4.2605433,test
14706,-1,-1.6090181,test
14707,-1,-4.823526,test
14708,-1,-1.5461833,test
14709,-1,-2.5731242,test
14710,-1,-3.3571608,test
14711,-1,-4.2548757,test
14712,-1,-2.4420745,test
14713,-1,-1.8740323,test
14714,-1,1.2272003,test
14715,-1,-3.7307665,test
14716,-1,-1.8424128,test
14717,-1,-5.030339,test
14718,-1,-0.31607375,test
14719,-1,-6.551983,test
14720,-1,-4.356698,test
14721,-1,-0.23225555,test
14722,-1,-1.1338669,test
14723,-1,-3.7523594,test
14724,-1,-1.4111668,test
14725,-1,-1.4237213,test
14726,-1,-4.7832336,test
14727,-1,-5.194758,test
14728,-1,-2.2544703,test
14729,-1,-1.2844709,test
14730,-1,-0.7884512,test
14731,-1,-6.2988067,test
14732,-1,-2.3175058,test
14733,-1,0.15519333,test
14734,-1,-3.6256394,test
14735,-1,-2.2938404,test
14736,-1,1.0237068,test
14737,-1,-2.4139373,test
14738,-1,-0.21015687,test
14739,-1,0.65252686,test
14740,-1,-5.330114,test
14741,-1,-1.0102323,test
14742,-1,-3.1488848,test
14743,-1,-0.9296371,test
14744,-1,-3.3608782,test
14745,-1,0.26337734,test
14746,-1,-3.4320436,test
14747,-1,-4.174597,test
14748,-1,-4.384208,test
14749,-1,-5.0743914,test
14750,-1,-1.4524865,test
14751,-1,-1.9589196,test
14752,-1,-3.1936917,test
14753,-1,-3.4914722,test
14754,-1,-1.1321487,test
14755,-1,-4.115497,test
14756,-1,-3.2532105,test
14757,-1,-3.3002822,test
14758,-1,0.13229135,test
14759,-1,-0.07175097,test
14760,-1,-4.3402267,test
14761,-1,-1.3103914,test
14762,-1,-2.4812894,test
14763,-1,-2.5761836,test
14764,-1,-1.2311529,test
14765,-1,-5.234445,test
14766,-1,-0.27909526,test
14767,-1,-0.80219316,test
14768,-1,-3.3955033,test
14769,-1,-4.970905,test
14770,-1,-2.1235926,test
14771,-1,-4.1461935,test
14772,-1,-0.7783948,test
14773,-1,-2.942649,test
14774,-1,-2.3829734,test
14775,-1,-0.48293194,test
14776,-1,-1.7385799,test
14777,-1,0.80910933,test
14778,-1,-3.5310874,test
14779,-1,-7.0477433,test
14780,-1,-3.0182376,test
14781,-1,-4.6796536,test
14782,-1,-1.4870536,test
14783,-1,-0.7103994,test
14784,-1,-2.7431288,test
14785,-1,-1.5925092,test
14786,-1,-1.8424128,test
14787,-1,-0.31202233,test
14788,-1,-1.9332318,test
14789,-1,-4.268602,test
14790,-1,-1.6893654,test
14791,-1,-4.1873755,test
14792,-1,-0.8312832,test
14793,-1,-3.04667,test
14794,-1,-2.8985972,test
14795,-1,-4.4436255,test
14796,-1,-4.639679,test
14797,-1,-4.3772893,test
14798,-1,-3.9403985,test
14799,-1,-4.5094423,test
14800,-1,-3.377252,test
14801,-1,1.6917033,test
14802,-1,-4.096122,test
14803,-1,-7.065126,test
14804,-1,-1.8767829,test
14805,-1,-9.545015,test
14806,-1,0.032480024,test
14807,-1,-2.8441238,test
14808,-1,-4.387028,test
14809,-1,-2.479967,test
14810,-1,-4.170776,test
14811,-1,-0.1142266,test
14812,-1,-2.9569185,test
14813,-1,-3.7550282,test
14814,-1,-4.787372,test
14815,-1,0.48589686,test
14816,-1,-3.9484608,test
14817,-1,-4.232927,test
14818,-1,-2.163396,test
14819,-1,-0.9885807,test
14820,-1,-4.1367307,test
14821,-1,-3.8995733,test
14822,-1,-4.7642083,test
14823,-1,-0.8797306,test
14824,-1,-3.7289948,test
14825,-1,-1.1882415,test
14826,-1,-6.737906,test
14827,-1,-2.9847207,test
14828,-1,-5.5857196,test
14829,-1,2.0722725,test
14830,-1,0.26098105,test
14831,-1,-5.762761,test
14832,-1,-2.228176,test
14833,-1,-4.439769,test
14834,-1,-6.038591,test
14835,-1,-2.4262044,test
14836,-1,-5.735595,test
14837,-1,-2.4810884,test
14838,-1,0.30855507,test
14839,-1,-0.48140177,test
14840,-1,-0.770254,test
14841,-1,-0.7393249,test
14842,-1,-1.5774903,test
14843,-1,-0.048608743,test
14844,-1,-3.17589,test
14845,-1,-3.0234816,test
14846,-1,-0.8672477,test
14847,-1,-2.3029299,test
14848,-1,-2.397042,test
14849,-1,-0.5685196,test
14850,-1,-5.0419016,test
14851,-1,-2.3343587,test
14852,-1,-4.6451464,test
14853,-1,-6.442926,test
14854,-1,-2.1020095,test
14855,-1,-2.186092,test
14856,-1,-4.547399,test
14857,-1,-6.021155,test
14858,-1,-0.22733885,test
14859,-1,-0.6037936,test
14860,-1,-3.5168107,test
14861,-1,-4.807839,test
14862,-1,-2.334144,test
14863,-1,-5.2756777,test
14864,-1,-2.2660887,test
14865,-1,-2.1254642,test
14866,-1,-2.026098,test
14867,-1,-3.8241768,test
14868,-1,-2.154107,test
14869,-1,-4.3774657,test
14870,-1,-4.084065,test
14871,-1,-3.2019691,test
14872,-1,-5.1632442,test
14873,-1,-4.0077515,test
14874,-1,-3.77913,test
14875,-1,-3.6306796,test
14876,-1,1.15161,test
14877,-1,-5.363723,test
14878,-1,-3.400226,test
14879,-1,-2.5707269,test
14880,-1,-3.1381102,test
14881,-1,-2.033192,test
14882,-1,-3.8410935,test
14883,-1,0.91843045,test
14884,-1,-4.083117,test
14885,-1,0.0012552105,test
14886,-1,-1.5508764,test
14887,-1,-2.5556784,test
14888,-1,-1.9730319,test
14889,-1,0.48746392,test
14890,-1,-0.9196031,test
14891,-1,-5.220823,test
14892,-1,0.8272054,test
14893,-1,0.84840226,test
14894,-1,-4.4410825,test
14895,-1,0.24430332,test
14896,-1,-3.1573968,test
14897,-1,0.055751607,test
14898,-1,0.54808235,test
14899,-1,-6.1598277,test
14900,-1,-1.1442751,test
14901,-1,-0.28983638,test
14902,-1,-1.8059722,test
14903,-1,-0.6405083,test
14904,-1,1.366574,test
14905,-1,-4.2208686,test
14906,-1,-1.6621907,test
14907,-1,-5.7269974,test
14908,-1,-5.9864674,test
14909,-1,-4.305192,test
14910,-1,-1.8950485,test
14911,-1,1.1581125,test
14912,-1,-4.129481,test
14913,-1,-1.4897135,test
14914,-1,-5.8326263,test
14915,-1,-2.4190512,test
14916,-1,-3.762706,test
14917,-1,-3.9036686,test
14918,-1,-1.7356534,test
14919,-1,-1.8348291,test
14920,-1,-4.7832336,test
14921,-1,-6.1919694,test
14922,-1,-1.9863037,test
14923,-1,-4.14229,test
14924,-1,-4.8937125,test
14925,-1,-3.040939,test
14926,-1,1.2727078,test
14927,-1,-4.520745,test
14928,-1,-4.8527665,test
14929,-1,-5.4434447,test
14930,-1,-4.1506534,test
14931,-1,-3.708926,test
14932,-1,-5.244876,test
14933,-1,-4.936948,test
14934,-1,-5.301106,test
14935,-1,-3.502289,test
14936,-1,-2.3121822,test
14937,-1,-1.2324439,test
14938,-1,1.5511166,test
14939,-1,0.3262426,test
14940,-1,-6.817635,test
14941,-1,-1.9489039,test
14942,-1,-2.7331388,test
14943,-1,0.21245897,test
14944,-1,-0.19341475,test
14945,-1,-3.675412,test
14946,-1,-6.7432985,test
14947,-1,-3.6722274,test
14948,-1,-2.9635346,test
14949,-1,-1.8772994,test
14950,-1,-1.1590523,test
14951,-1,-2.8149538,test
14952,-1,-3.5328062,test
14953,-1,-3.1234748,test
14954,-1,-1.1992382,test
14955,-1,-2.1248288,test
14956,-1,-2.40422,test
14957,-1,-3.726608,test
14958,-1,-6.732377,test
14959,-1,-3.743582,test
14960,-1,-0.19977713,test
14961,-1,-4.332476,test
14962,-1,-1.414723,test
14963,-1,0.74618506,test
14964,-1,-2.4947045,test
14965,-1,-0.5591434,test
14966,-1,-3.5342917,test
14967,-1,-3.6735966,test
14968,-1,-3.1958513,test
14969,-1,-1.6619543,test
